X,Y,OBJECTID,ID,EXTERNO,DIRECCION,LOCALIDAD,EQUIPO,NUMEROINTERSECCIONES_POREQUIPO,UBICACIONEQUIPO,FECHAINSTALACION,OPERACIONACTUAL,FUNCIONAMIENTO,IMPLEMENTACION,TIPOINTERSECCION,GRUPOSENALES,TOTALGRUPOSENALES,NUMEROFASES,GRUPOSVEHICULARES,GRUPOS_BRT,GRUPOSPEATONALES,GRUPOSSONOROS,GRUPOSCICLISTAS,CANTIDADCONTADORES,FUNCIONDETECTORES,ZONAAUTOMATICA
-74.05225988,4.65942596299999,1859,118,1007,AK 7 X CL 77,CHAPINERO,C900,SENCILLA,SI,1997/12/12 00:00:00+00,NORMAL,R-TA,DEFINITIVA,"VEHICULAR, PEATONAL, CICLISTA",9,9,3,"1,2,2A,3,5",N/A,"22,23,31",N/A,41,0,"Conteo, Brechas, Fases por demanda",1908
-74.05290654,4.65877346399998,1860,126,1008,AK 7 X CL 76,CHAPINERO,C900,DOBLE,SI,1997/12/27 00:00:00+00,NORMAL,R-TA,DEFINITIVA,"VEHICULAR, PEATONAL, CICLISTA",9,16,2,"1,12,12A,6",N/A,"21,312,36",N/A,"41,412",0,"Conteo, Brechas",1908
-74.05338584,4.658027774,1861,135,1008,AK 7 X CL 75,CHAPINERO,NO,DOBLE,NO,1997/12/27 00:00:00+00,NORMAL,R-TA,DEFINITIVA,"VEHICULAR, PEATONAL, CICLISTA",7,16,2,"2,2A,11,94",N/A,"22,211",N/A,42,0,"Conteo, Brechas",1908
-74.05542092,4.65486459300001,1862,152,1009,AK 7 X AC 72,CHAPINERO,C900,SENCILLA,SI,1997/03/27 00:00:00+00,NORMAL,CA-TA,DEFINITIVA,"VEHICULAR, PEATONAL",16,16,3,"1,2,2A,3,4,7,93",N/A,"21,22,23,24,31,32,33,34,293",N/A,NO,0,"Conteo, Brechas, Fases por demanda, Cola - Siguiente Intersección",1909
-74.05655619,4.65276107900002,1863,162,1010,AK 7 X CL 70,CHAPINERO,C900,SENCILLA,SI,1996/11/22 00:00:00+00,NORMAL,CA-TA,DEFINITIVA,"VEHICULAR, PEATONAL",9,9,3,"1,2,2A,3,4",N/A,"22,23,24,31",N/A,NO,0,"Conteo, Brechas, Fases por demanda, Fases por demanda peatonal",1909
-74.05821839,4.65069136599999,1864,173,1011,AK 7 X CL 67,CHAPINERO,C900,SENCILLA,SI,1997/03/22 00:00:00+00,NORMAL,CA-TA,DEFINITIVA,"VEHICULAR, PEATONAL, CICLISTA",14,14,2,"1,2,2A,4,61,64",N/A,"21,22,24,31,32,34",N/A,41.42,0,"Conteo, Brechas, Fases por demanda",1909
-74.02439852,4.75385691499997,1865,5,1012,AK 7 X CL 175,USAQUEN,C900,SENCILLA,SI,2004/10/20 00:00:00+00,NORMAL,BT-TF,DEFINITIVA,"VEHICULAR, PEATONAL",6,6,3,"1,2,94",N/A,"21,22,294",N/A,NO,0,N/A,1208
-74.03757174,4.76455015300002,1866,1345,1013,KR 16 X CL 187,USAQUEN,C900,SENCILLA,SI,2014/07/19 00:00:00+00,NORMAL,BT-TA,DEFINITIVA,"VEHICULAR, PEATONAL",6,6,4,"1,2,3",N/A,"21,22,23",N/A,NO,0,Brechas,1208
-74.05717262,4.647898946,1867,171,1014,KR 4A X CL 65,CHAPINERO,ACTROS,SENCILLA,SI,2006/02/28 00:00:00+00,NORMAL,BT-TA,DEFINITIVA,"VEHICULAR, PEATONAL",4,4,2,"1,3",N/A,"21,23",N/A,NO,0,Brechas,2803
-74.03741913,4.760223188,1868,1233,1015,KR 16 X AC 183,USAQUEN,C900,SENCILLA,SI,2011/11/12 00:00:00+00,NORMAL,BT-TA,DEFINITIVA,"VEHICULAR, PEATONAL",9,9,3,"3,4,13,91,92",N/A,"23,24,291,292","723, 724, 7291, 7292",NO,0,Activación de sonoro,1208
-74.03213635,4.73121460900001,1869,1148,1016,AK 9 X AC 153,USAQUEN,ACTROS,SENCILLA,SI,2009/04/29 00:00:00+00,NORMAL,CA-TA,DEFINITIVA,"VEHICULAR, PEATONAL, CICLISTA",16,16,2,"1,2,3,4,11,12",N/A,"23,24,33,34","723, 724, 733, 734","42, 412",0,"Activación de sonoro, fases por demanda vehicular",1219
-74.02234976,4.74108697999998,1870,1,1017,AK 7 X CL 165,USAQUEN,C900,SENCILLA,SI,1995/02/25 00:00:00+00,NORMAL,BT-TF,DEFINITIVA,"VEHICULAR, PEATONAL",7,7,3,"1,2,3,6",N/A,"21,23,32",N/A,NO,0,N/A,1210
-74.02341141,4.73691020500002,1871,3,1018,AK 7 X CL 162,USAQUEN,C900,SENCILLA,SI,1994/04/11 00:00:00+00,NORMAL,BT-TF,DEFINITIVA,"VEHICULAR, PEATONAL",7,7,3,"1,2,3,6",N/A,"22,23,31 (Reg)",N/A,NO,0,N/A,1210
-74.02392482,4.73155383599999,1872,4,1019,AK 7 X CL 156,USAQUEN,C900,SENCILLA,SI,1993/12/07 00:00:00+00,NORMAL,BT-TF,DEFINITIVA,"VEHICULAR, PEATONAL",7,7,3,"1,2,6,93",N/A,"21,22,293",N/A,NO,0,N/A,1210
-74.04671639,4.720461629,1873,71,1020,AK 19 X CL 136,USAQUEN,ACTROS,SENCILLA,SI,1994/12/16 00:00:00+00,NORMAL,CA-TA,DEFINITIVA,"VEHICULAR, PEATONAL, CICLISTA",15,15,3,"1,2,4",N/A,"21,22,24,31,32,34","721, 724, 732, 734",41.42,0,"Conteo, Brechas, Cola, Cola - Siguiente Intersección, Activación de sonoro",1201
-74.05351596,4.71564278599999,1874,136,1021,KR 45A X CL 129,SUBA,NO,DOBLE,NO,1995/04/01 00:00:00+00,NORMAL,BT-TF,DEFINITIVA,"VEHICULAR, PEATONAL",6,12,3,"2,4,13",N/A,"22,24,32",N/A,NO,0,N/A,1126
-74.05434289,4.71573066100001,1875,145,1021,KR 46 X CL 129,SUBA,ACTROS,DOBLE,SI,1995/04/01 00:00:00+00,NORMAL,BT-TF,DEFINITIVA,"VEHICULAR, PEATONAL",6,12,2,"1,3,14",N/A,"21,23,31",N/A,NO,0,N/A,1126
-74.02266361,4.74709515299998,1876,2,1022,AK 7 X AC 170,USAQUEN,C900,SENCILLA,SI,1996/06/19 00:00:00+00,NORMAL,CA-TA,DEFINITIVA,"VEHICULAR, PEATONAL",13,13,4,"1,2,6,7,91,93",N/A,"21,22,27,31,32,36,291",N/A,NO,0,"Conteo, Brechas, Fases por demanda",1210
-74.03168638,4.74818322099998,1877,13,1023,AK 9 X AC 170,USAQUEN,C900,SENCILLA,SI,1998/04/30 00:00:00+00,NORMAL,BT-TF,DEFINITIVA,"VEHICULAR, PEATONAL",8,8,2,"2,3,4,6",N/A,"22,24,33,293",N/A,NO,0,"Conteo, Brechas",1202
-74.02672696,4.74741569899999,1878,1300,1032,KR 8 X AC 170,USAQUEN,C900,SENCILLA,SI,2013/03/20 00:00:00+00,NORMAL,CA-TA,DEFINITIVA,EXCLUSIVA PEATONAL,6,6,2,"3,4",N/A,"23,24 (Exc)",724,NO,0,Activación de sonoro,1210
-74.05543916,4.71913405100003,1879,151,1033,KR 49 X AC 134,SUBA,NO,DOBLE,NO,2001/09/10 00:00:00+00,NORMAL,BT-TA,DEFINITIVA,"VEHICULAR, PEATONAL",5,11,2,"1,4,13",N/A,"21,213",N/A,NO,0,Brechas,1126
-74.05626952,4.71923066800002,1880,158,1033,KR 50 X AC 134,SUBA,C900,DOBLE,SI,2001/09/10 00:00:00+00,NORMAL,BT-TA,DEFINITIVA,"VEHICULAR, PEATONAL",6,11,2,"2,3,14",N/A,"22,32,214",N/A,NO,0,Brechas,1126
-74.03502813,4.71350516699999,1881,22,1034,KR 10 X AC 134,USAQUEN,C900,SENCILLA,SI,2002/09/02 00:00:00+00,NORMAL,RP-TF,DEFINITIVA,"VEHICULAR, PEATONAL",8,8,4,"2,3,4,91,92",N/A,"21,24,33",N/A,NO,0,N/A,1219
-74.05373855,4.69081216299998,1882,137,1035,KR 21 X CL 104,USAQUEN,NO,DOBLE,NO,2006/11/10 00:00:00+00,NORMAL,R-TF,DEFINITIVA,"VEHICULAR, PEATONAL",8,16,3,"1,3,4A,12",N/A,"21,23,24A,212",N/A,NO,0,N/A,1215
-74.05401793,4.689151778,1883,139,1035,KR 21 X CL 103,USAQUEN,ACTROS,DOBLE,SI,2006/11/10 00:00:00+00,NORMAL,R-TF,DEFINITIVA,"VEHICULAR, PEATONAL",8,16,3,"2,3A,4,11",N/A,"22,23A,24,211",N/A,NO,0,N/A,1215
-74.03194834,4.73816651300001,1884,1253,1036,AK 9 X AC 161,USAQUEN,ACTROS,SENCILLA,SI,2012/05/30 00:00:00+00,NORMAL,BT-TA,DEFINITIVA,"VEHICULAR, PEATONAL, CICLISTA",7,7,2,"1,2,3",N/A,"22,23,31,33",N/A,42,0,Brechas,1209
-74.03188052,4.74057388799997,1885,1252,1037,AK 9 X CL 163A,USAQUEN,NO,DOBLE,NO,2012/05/30 00:00:00+00,NORMAL,BT-TF,DEFINITIVA,"VEHICULAR, PEATONAL, CICLISTA",7,15,2,"2,4,11",N/A,"24,32,34,211",N/A,42,0,N/A,1209
-74.03181689,4.74291067299998,1886,1276,1037,AK 9 X CL 165,USAQUEN,ACTROS,DOBLE,SI,2012/09/28 00:00:00+00,NORMAL,BT-TF,DEFINITIVA,"VEHICULAR, PEATONAL, CICLISTA",8,15,2,"1,3,4A,12",N/A,"21,23,24A,312",N/A,412,0,N/A,1209
-74.0263597,4.760446661,1887,1336,1038,AK 7 X CL 183,USAQUEN,C900,SENCILLA,SI,2019/06/23 00:00:00+00,NORMAL,BT-TA,DEFINITIVA,"VEHICULAR, PEATONAL",14,14,3,"1,2,6,7,91,93",N/A,"22,27,291,293","722, 727, 7291, 7293",NO,0,Activación de sonoro,1208
-74.0428106,4.74070197600003,1888,42,1024,AK 19 X AC 161,USAQUEN,ACTROS,SENCILLA,SI,1993/12/20 00:00:00+00,NORMAL,CA-TA,DEFINITIVA,"VEHICULAR, PEATONAL, CICLISTA",15,15,5,"2,3,4,93",N/A,"22,23,34,393","722, 723, 734, 7393","42,43,44",0,"Conteo, Brechas, Fases por demanda peatonal sonoro",1201
-74.05642792,4.74939253000002,1889,160,1025,KR 55A X CL 167,SUBA,C900,SENCILLA,SI,2006/09/26 00:00:00+00,NORMAL,BT-TF,DEFINITIVA,"VEHICULAR, PEATONAL",6,6,4,"1,2,3,4",N/A,"22,24",N/A,NO,0,N/A,1121
-74.03968695,4.74966337699999,1890,30,1026,KR 17A X AC 170,USAQUEN,C900,SENCILLA,SI,2006/10/26 00:00:00+00,NORMAL,CA-TA,DEFINITIVA,"VEHICULAR, PEATONAL",8,8,3,"3,4,8,92",N/A,"23,34,38,292",N/A,NO,0,"Conteo, Brechas",1202
-74.03842602,4.73742375,1891,28,1027,AK 15 X CL 159,USAQUEN,C900,SENCILLA,SI,2006/11/08 00:00:00+00,NORMAL,RP-TF,DEFINITIVA,"VEHICULAR, PEATONAL",7,7,4,"1,2,3,4",N/A,"21,22,23",N/A,NO,0,N/A,1201
-74.0651213,4.65726180000001,1892,271,1028,KR 17 X CL 69,BARRIOS UNIDOS,ACTROS,SENCILLA,SI,2000/06/27 00:00:00+00,NORMAL,RP-TF,DEFINITIVA,"VEHICULAR, PEATONAL",4,4,2,"2,3",N/A,"22,23",N/A,NO,0,N/A,1906
-74.06593866,4.65776434999998,1893,282,1029,KR 19 X CL 69,BARRIOS UNIDOS,NO,DOBLE,NO,2000/06/27 00:00:00+00,NORMAL,RP-TF,DEFINITIVA,"VEHICULAR, PEATONAL",4,8,2,"1,13",N/A,"21,213",N/A,NO,0,N/A,1906
-74.06671751,4.65825473000001,1894,297,1029,KR 20 X CL 69,BARRIOS UNIDOS,ACTROS,DOBLE,SI,2000/06/27 00:00:00+00,NORMAL,RP-TF,DEFINITIVA,"VEHICULAR, PEATONAL",4,8,2,"2,3",N/A,"22,23",N/A,NO,0,N/A,1906
-74.06362519,4.65967811899998,1895,247,1030,KR 17 X CL 71A,BARRIOS UNIDOS,C900,DOBLE,SI,2000/07/24 00:00:00+00,NORMAL,BT-TF,DEFINITIVA,"VEHICULAR, PEATONAL, CICLISTA",5,10,2,"4,12",N/A,"24,212",N/A,44,0,N/A,1913
-74.064027,4.65902899999998,1896,1820,1030,KR 17 X CL 71,BARRIOS UNIDOS,NO,DOBLE,NO,2024/05/13 00:00:00+00,NORMAL,BT-TF,PROVISIONAL_PMT,"VEHICULAR, PEATONAL",5,10,2,"2,3",N/A,"22,23,33",N/A,NO,0,N/A,1913
-74.02755873,4.764421207,1897,1242,1031,AK 7 X CL 187C,USAQUEN,C900,SENCILLA,SI,2011/12/18 00:00:00+00,NORMAL,BT-TA,DEFINITIVA,"VEHICULAR, PEATONAL",5,5,2,"1,2,4,64",N/A,21,N/A,NO,0,Brechas,1208
-74.06177486,4.65199455999999,1898,1172,1001,AK 11 X CL 66,CHAPINERO,ACTROS,SENCILLA,SI,1998/02/08 00:00:00+00,NORMAL,CA-TA,DEFINITIVA,"VEHICULAR, PEATONAL",4,4,2,"1,3",N/A,"21,23",N/A,NO,0,"Conteo, Brechas",1910
-74.06081586,4.65407398999997,1899,203,1002,AK 11 X CL 69,CHAPINERO,NO,DOBLE,NO,1994/03/10 00:00:00+00,NORMAL,CA-TA,DEFINITIVA,"VEHICULAR, PEATONAL",6,10,3,"1,3",N/A,"21,23,31,33",N/A,NO,0,"Conteo, Brechas, Fases por demanda",1910
-74.0614283,4.65274920000002,1900,213,1002,AK 11 X CL 67,CHAPINERO,ACTROS,DOBLE,SI,1994/03/10 00:00:00+00,NORMAL,CA-TA,DEFINITIVA,"VEHICULAR, PEATONAL",4,10,2,"4,11",N/A,"24,211",N/A,NO,0,"Conteo, Brechas, Fases por demanda",1910
-74.046808,4.66516987199998,1901,73,1003,AK 7 X AC 85,CHAPINERO,C900,SENCILLA,SI,1997/12/23 00:00:00+00,NORMAL,CA-TA,DEFINITIVA,"VEHICULAR, PEATONAL",8,8,3,"1,2,2A,3,6",N/A,"21,23,32",N/A,NO,0,"Conteo, Brechas, Fases por demanda",1901
-74.04652321,4.66454214700002,1902,75,1004,AK 1 X CL 85,CHAPINERO,NO,DOBLE,NO,1997/09/04 00:00:00+00,NORMAL,CA-TA,DEFINITIVA,EXCLUSIVA VEHICULAR,3,13,2,"2,3",1B,N/A,N/A,NO,0,"Conteo, Brechas, Cola",1901
-74.04735834,4.66440335200002,1903,81,1004,AK 7 X CL 85,CHAPINERO,C900,DOBLE,SI,1997/09/04 00:00:00+00,NORMAL,CA-TA,DEFINITIVA,"VEHICULAR, PEATONAL, CICLISTA",10,13,3,"1,2A,4,92A",2B,"22A,24,31",N/A,"41,42",0,"Conteo, Brechas",1901
-74.04870357,4.66306828500001,1904,89,1005,AK 7 X CL 84A,CHAPINERO,NO,DOBLE,NO,1997/12/26 00:00:00+00,NORMAL,R-TA,DEFINITIVA,"VEHICULAR, PEATONAL",6,15,2,"1,3,12,12A",N/A,"212,31",N/A,NO,0,"Conteo, Brechas",1908
-74.04938259,4.66241330999998,1905,95,1005,AK 7 X CL 81,CHAPINERO,C900,DOBLE,SI,1997/12/26 00:00:00+00,NORMAL,R-TA,DEFINITIVA,"VEHICULAR, PEATONAL, CICLISTA",9,15,2,"2,2A,6,11",N/A,"211,32,36",N/A,"42,411",0,"Conteo, Brechas",1908
-74.05038299,4.66123120899999,1906,102,1006,AK 7 X CL 79B,CHAPINERO,C900,SENCILLA,SI,1980/11/09 00:00:00+00,NORMAL,R-TA,DEFINITIVA,"VEHICULAR, PEATONAL",8,8,3,"1,2,2A,8,94",N/A,"22,24,31",N/A,NO,0,"Conteo, Brechas, Cola - Siguiente Intersección, Fases por demanda peatonal",1908
-74.06571722,4.68551081499999,1907,1777,1062,KR 60 X CL 97,BARRIOS UNIDOS,C900,SENCILLA,SI,2023/05/23 00:00:00+00,PMT,BT-TF,PROVISIONAL_PMT,"VEHICULAR, PEATONAL",7,7,4,"1,2,3",N/A,"21,22,22A,33",N/A,NO,0,N/A,1133
-74.113555,4.71019699999999,1908,1783,1063,KR 101 X CL 78A,ENGATIVA,C900,SENCILLA,SI,2024/10/31 00:00:00+00,NORMAL,RP-TF,DEFINITIVA,"VEHICULAR, PEATONAL",6,6,3,"1,3,4",N/A,"21,23,24",N/A,NO,0,N/A,1136
-74.03967111,4.73479385500002,1909,1676,1064,AK 15 X AC 153,USAQUEN,C900,SENCILLA,SI,2020/04/21 00:00:00+00,NORMAL,RP-TF,DEFINITIVA,"VEHICULAR, PEATONAL",10,10,3,"1,3,4,5,6,13,14",N/A,"21,24,213","721, 724, 7213",NO,0,N/A,1201
-74.03694901,4.73347737099999,1910,1677,1065,KR 14 X AC 153,USAQUEN,C900,SENCILLA,SI,2020/04/21 00:00:00+00,NORMAL,RP-TF,DEFINITIVA,EXCLUSIVA PEATONAL,4,4,2,"3,4",N/A,"23,24","723, 724",NO,0,N/A,1201
-74.045082,4.74386900000002,1911,1786,1066,KR 21 X CL 163A,USAQUEN,C900,SENCILLA,SI,2024/12/17 00:00:00+00,NORMAL,BT-TF,DEFINITIVA,"VEHICULAR, PEATONAL",5,5,2,"1,4",N/A,"21,24,34",N/A,NO,0,N/A,1207
-74.10289495,4.69349534499997,1912,1673,1067,KR 81A X AC 72,ENGATIVA,C900,SENCILLA,SI,2021/03/20 00:00:00+00,NORMAL,BT-TF,DEFINITIVA,"VEHICULAR, PEATONAL",11,11,4,"1,2,3,4,5",N/A,"21,22,23,24,33,34",N/A,NO,0,Cola - Siguiente Intersección,1308
-74.033171,4.74842799999999,1913,1789,1068,KR 12 X AC 170,USAQUEN,C900,SENCILLA,SI,2023/10/26 00:00:00+00,NORMAL,CA-TA,DEFINITIVA,"VEHICULAR, PEATONAL",14,14,4,"2,3,4,6,13,91,103,104",N/A,"22,24,33","722,724,733",NO,0,"Activación sonoro, Brechas, Fases por demanda vehicular",1202
-74.04334006,4.73856167999998,1914,51,1069,AK 19 X CL 159,USAQUEN,ACTROS,SENCILLA,SI,1994/11/10 00:00:00+00,NORMAL,CA-TA,DEFINITIVA,"VEHICULAR, PEATONAL, CICLISTA",16,16,3,"1,2,3,4",N/A,"21,22,23,24,31,32","722, 723, 724, 731",41.42,0,"Conteo, Brechas, Fases por demanda peatonal sonoro",1201
-74.06430242,4.65138538899998,1915,257,1072,AK 14 X CL 64,BARRIOS UNIDOS,C900,SENCILLA,SI,1980/10/07 00:00:00+00,PMT,BT-TF,DEFINITIVA,"VEHICULAR, PEATONAL, CICLISTA",8,8,2,4,"1B,2B","21,24,32",N/A,"43,44",0,"Conteo, Brechas",1913
-74.03502813,4.74868700000002,1916,1790,1073,KR 14 X AC 170,USAQUEN,C900,SENCILLA,SI,2023/10/26 00:00:00+00,NORMAL,CA-TA,DEFINITIVA,"VEHICULAR, PEATONAL",10,10,4,"3,4,8,92",N/A,"23,24,292","723,724,7292",NO,0,"Activación de sonoro, Fases por demanda peatonal sonoro",1202
-74.062932,4.76428399999998,1917,1809,1092,AK 72 X CL 175,SUBA,C900,SENCILLA,SI,2024/07/19 00:00:00+00,PMT,BT-TA,DEFINITIVA,"VEHICULAR, PEATONAL, CICLISTA",21,21,3,"1,1A,2,2A,3,4",N/A,"21,22,23,24,31,32,33,34","721, 722,723,724,731","41,42",0,N/A,1139
-74.060977,4.76692400000002,1918,1810,1093,AK 72 X CL 181,SUBA,C900,SENCILLA,SI,2024/07/03 00:00:00+00,PMT,BT-TA,DEFINITIVA,"VEHICULAR, PEATONAL, CICLISTA",10,10,2,"1,1A,2,2A",N/A,"21,22","721,722","41, 42",0,N/A,1139
-74.059127,4.76944400000002,1919,1811,1094,AK 72 X CL 183,SUBA,C900,SENCILLA,SI,2024/07/03 00:00:00+00,PMT,BT-TA,DEFINITIVA,"VEHICULAR, PEATONAL, CICLISTA",8,8,3,"8,92",N/A,"28,292","728, 7292","42,44",0,N/A,1139
-74.062112,4.71651000000003,1920,1126,1095,KR 54  X CL 129,SUBA,C900,SENCILLA,SI,2024/08/05 00:00:00+00,NORMAL,BT-TF,DEFINITIVA,"VEHICULAR, PEATONAL",7,7,3,"1,3,4",N/A,"21,23","721,723 Desconectados",NO,0,N/A,1126
-74.0571118,4.66645006099998,1921,1726,1096,AK 15 X CL 80,CHAPINERO,C900,SENCILLA,SI,2021/06/21 00:00:00+00,NORMAL,CA-TA,DEFINITIVA,"VEHICULAR, PEATONAL",7,7,2,2,N/A,"22,24,32 (Exc)","722, 724, 732",NO,0,Fases por demanda peatonal,1912
-74.04807602,4.76036692999998,1922,1547,1098,KR 50B X CL 182,SUBA,C900,SENCILLA,SI,2018/04/23 00:00:00+00,NORMAL,BT-TF,DEFINITIVA,"VEHICULAR, PEATONAL",8,8,4,"1,2,3,4",N/A,"21,22,23,24",N/A,NO,0,N/A,1124
-74.060483,4.72131000000002,1923,1839,1099,KR 54 X CL 134,SUBA,C900,SENCILLA,SI,2024/08/05 00:00:00+00,NORMAL,BT-TF,DEFINITIVA,"VEHICULAR, PEATONAL, CICLISTA",12,12,3,"1,2,3,4",N/A,"21,22,24","721,722,724 Desconectados","41,42",0,N/A,1126
-74.05747,4.72553599999998,1924,1840,1100,KR 54 X AC 138,SUBA,C900,SENCILLA,SI,2024/11/21 00:00:00+00,NORMAL,BT-TF,DEFINITIVA,"VEHICULAR, PEATONAL, CICLISTA",12,12,3,"2,3,4,91",N/A,"22,24,291","722,724,7291","41,42",0,N/A,1126
-74.05973121,4.65167131700002,1925,1340,1101,KR 9 X CL 67,CHAPINERO,C900,DOBLE,SI,2014/06/12 00:00:00+00,NORMAL,RP-TF,DEFINITIVA,"VEHICULAR, PEATONAL",4,8,2,14,N/A,"214,318,3914",N/A,NO,0,N/A,1910
-74.05914348,4.65129324600002,1926,1341,1101,KR 8 X CL 67,CHAPINERO,NO,DOBLE,NO,2014/06/12 00:00:00+00,NORMAL,RP-TF,DEFINITIVA,"VEHICULAR, PEATONAL",4,8,3,"4,6",N/A,"24,26",N/A,NO,0,N/A,1910
-74.0605237,4.649092467,1927,200,1102,KR 8 X CL 64,CHAPINERO,C900,SENCILLA,SI,2000/07/21 00:00:00+00,NORMAL,RP-TA,DEFINITIVA,"VEHICULAR, PEATONAL",6,6,2,"2,4",N/A,"22,24",723,NO,0,"Brechas, Activación de sonoro",1909
-74.062567,4.65032764900002,1928,227,1103,AK 11 X CL 64,CHAPINERO,NO,DOBLE,NO,1998/03/04 00:00:00+00,PMT,BT-TA,DEFINITIVA,"VEHICULAR, PEATONAL, CICLISTA",7,13,3,"4,91",N/A,"24,34,291",N/A,"41,42",0,"Conteo, Brechas",1913
-74.0633049,4.65077191,1929,241,1103,KR 13 X CL 64,CHAPINERO,C900,DOBLE,SI,1998/03/04 00:00:00+00,PMT,BT-TA,DEFINITIVA,"VEHICULAR, PEATONAL",4,13,2,"1,14",N/A,"21,214",N/A,"43,44",0,"Conteo, Brechas",1913
-74.06054683,4.65219218999999,1930,199,1104,KR 10 X CL 67,CHAPINERO,C900,SENCILLA,SI,1998/02/27 00:00:00+00,NORMAL,RP-TF,DEFINITIVA,"VEHICULAR, PEATONAL",4,4,2,"2,4",N/A,"22,24",N/A,NO,0,N/A,1910
-74.05920325,4.65263338699998,1931,182,1105,KR 9 X CL 69,CHAPINERO,C900,SENCILLA,SI,1998/03/04 00:00:00+00,NORMAL,RP-TF,DEFINITIVA,"VEHICULAR, PEATONAL",4,4,2,"2,3",N/A,"22,23",N/A,NO,0,N/A,1910
-74.05792134,4.654603683,1932,170,1106,KR 9 X CL 70A,CHAPINERO,C900,DOBLE,SI,1998/11/13 00:00:00+00,NORMAL,RP-TF,DEFINITIVA,"VEHICULAR, PEATONAL",6,15,3,"3,12",N/A,"23,212,33,312 (Reg)",N/A,NO,0,N/A,1910
-74.05840568,4.65388220400001,1933,174,1106,KR 9 X CL 70,CHAPINERO,NO,DOBLE,NO,1998/11/13 00:00:00+00,NORMAL,RP-TF,DEFINITIVA,"VEHICULAR, PEATONAL",9,15,3,"2,3A,4",N/A,"22,23A,24,32,33A,34 (Reg)",N/A,NO,0,N/A,1910
-74.0562292,4.65707528199999,1934,157,1107,KR 9 X CL 73,CHAPINERO,NO,DOBLE,NO,1998/01/06 00:00:00+00,PMT,CA-TA,DEFINITIVA,"VEHICULAR, PEATONAL",4,14,2,"4A,12",N/A,"24A, 212",N/A,NO,0,N/A,1909
-74.05699138,4.65596048999998,1935,165,1107,KR 9 X AC 72,CHAPINERO,C900,DOBLE,SI,1998/01/06 00:00:00+00,NORMAL,CA-TA,DEFINITIVA,"VEHICULAR, PEATONAL",10,14,4,"2, 3, 4, 7",N/A,"22,23,24,32,33,34",N/A,NO,0,"Conteo, Brechas",1909
-74.05451175,4.65275894199999,1936,1277,1108,KR 5 X CL 70A,CHAPINERO,ACTROS,SENCILLA,SI,2012/10/19 00:00:00+00,NORMAL,RP-TF,DEFINITIVA,"VEHICULAR, PEATONAL",6,6,2,"1,3,63",N/A,"21,23,31",N/A,NO,0,N/A,1909
-74.05909968,4.64924726599997,1937,1479,1109,AK 7 X CL 65,CHAPINERO,C900,SENCILLA,SI,2017/01/06 00:00:00+00,NORMAL,CA-TA,DEFINITIVA,"VEHICULAR, PEATONAL",7,7,2,"1,2,93,2A",N/A,"21,33,293",N/A,NO,0,Conteo,1909
-74.055893,4.73303299999998,1938,1841,1110,KR 54 X CL 150,SUBA,C900,SENCILLA,SI,2024/11/21 00:00:00+00,NORMAL,RP-TF,DEFINITIVA,"VEHICULAR, PEATONAL, CICLISTA",17,17,5,"1,2,14,2A,3,4",N/A,"21,22,214,22A,24,32A","722,722A,24,32A","41,42",0,N/A,1104
-74.055405,4.73559299999999,1939,1842,1111,KR 54 X CL 152,SUBA,C900,SENCILLA,SI,2024/11/21 00:00:00+00,NORMAL,RP-TF,DEFINITIVA,"VEHICULAR, PEATONAL, CICLISTA",25,25,5,"1,2,3,14,2A,4,13",N/A,"21,22,23,314,22A,24,313,32A","721,722,723,7314,722A,724,7313,732A","41,42",0,N/A,1137
-74.053762,4.74627600000002,1940,1843,1112,KR 54 X CL 163B,SUBA,C900,SENCILLA,SI,2024/11/29 00:00:00+00,NORMAL,BT-TA,DEFINITIVA,"VEHICULAR, PEATONAL, CICLISTA",14,14,5,"1,2,14,3,4",N/A,"21,22,24,394","721, 724, 7394","41,42",0,N/A,1121
-74.05530815,4.66623953200002,1941,1481,1114,KR 13 X CL 81,CHAPINERO,C900,DOBLE,SI,2017/04/25 00:00:00+00,NORMAL,R-TA,DEFINITIVA,"VEHICULAR, PEATONAL, CICLISTA",8,20,3,"4,91",N/A,"24, 291","724, 7291 ","141, 944",0,Activación de sonoro,1915
-74.05493952,4.66691108999999,1942,1482,1114,KR 13 X CL 82,CHAPINERO,NO,DOBLE,NO,2017/04/25 00:00:00+00,NORMAL,R-TA,DEFINITIVA,"VEHICULAR, PEATONAL, CICLISTA",12,20,4,"1,3",N/A,"21,23,31,33","721, 723, 731, 733 ","41, 42",0,Activación de sonoro,1915
-74.05340524,4.66500697399999,1943,134,1115,AK 11 X CL 81,CHAPINERO,NO,DOBLE,NO,1994/11/07 00:00:00+00,NORMAL,CA-TA,DEFINITIVA,"VEHICULAR, PEATONAL, CICLISTA",8,17,3,"1,4,91",N/A,"21,24,34",N/A,41.42,0,"Conteo, Brechas",1910
-74.05389688,4.66429091399999,1944,1361,1115,AK 11 X CL 80,CHAPINERO,ACTROS,DOBLE,SI,2016/01/22 00:00:00+00,NORMAL,CA-TA,DEFINITIVA,"VEHICULAR, PEATONAL",9,17,3,"3,5,11",N/A,"23,33,211","723, 733, 7211",NO,0,"Conteo, Brechas, Cola - Siguiente Intersección, Activación de sonoro",1910
-74.0508376,4.66877866800002,1945,109,1116,AK 11 X CL 86,CHAPINERO,ACTROS,SENCILLA,SI,2006/09/22 00:00:00+00,NORMAL,CA-TA,DEFINITIVA,"VEHICULAR, PEATONAL",11,11,3,"1,1A,2,3,4",N/A,"21,21A,23,24,33,34",N/A,NO,0,"Conteo, Brechas, Fases por demanda peatonal",1910
-74.05300747,4.66770772799998,1946,131,1117,KR 12 X AC 82,CHAPINERO,C900,SENCILLA,SI,2006/10/13 00:00:00+00,NORMAL,RP-TF,DEFINITIVA,"VEHICULAR, PEATONAL",7,7,2,"2,3,4",N/A,"22,24,32,33",N/A,NO,0,N/A,1915
-74.05968217,4.738493608,1947,1682,1074,KR 56 X CL 152B,SUBA,C900,SENCILLA,SI,2021/05/13 00:00:00+00,NORMAL,R-TA,DEFINITIVA,"VEHICULAR, PEATONAL",10,10,4,"1,2,3,4,5,7",N/A,"21,22,23,24",N/A,NO,0,"Conteo, Brechas",1104
-74.0496896,4.76294383200002,1948,1683,1075,KR 54D X AC 183,SUBA,C900,DOBLE,SI,2020/08/11 00:00:00+00,NORMAL,BT-TA,DEFINITIVA,"VEHICULAR, PEATONAL, CICLISTA",12,17,3,"1,3,4,791",N/A,"21,23,34","721, 723, 734","43, 44",0,Activación de sonoro,1124
-74.04911146,4.76251838399997,1949,1548,1075,PATIO TRANSMILENIO (KR 51) X AC 183,SUBA,NO,DOBLE,NO,2018/04/20 00:00:00+00,NORMAL,BT-TA,DEFINITIVA,"VEHICULAR, PEATONAL",5,17,4,13,"8B,92","292,38B",N/A,NO,0,"Brechas, Fases por demanda",1124
-74.05137757,4.76420546899999,1950,1684,1076,KR 55B X AC 183,SUBA,C900,DOBLE,SI,2020/08/11 00:00:00+00,NORMAL,BT-TA,DEFINITIVA,"VEHICULAR, PEATONAL, CICLISTA",12,22,3,"4,7,13,94",N/A,"24,37,313","724, 737, 7313",44.413,0,"Brechas, Activación de sonoro",1124
-74.05260217,4.76511215800002,1951,1685,1076,KR 57A X AC 183,SUBA,NO,DOBLE,NO,2020/08/11 00:00:00+00,NORMAL,BT-TA,DEFINITIVA,"VEHICULAR, PEATONAL, CICLISTA",10,22,2,"3,14,103,104",N/A,"23,214","723, 7214",43.414,0,Activación de sonoro,1124
-74.0394089,4.70393785200002,1952,1687,1077,KR 13 X CL 127,USAQUEN,C900,SENCILLA,SI,2021/04/12 00:00:00+00,NORMAL,RP-TA,DEFINITIVA,"VEHICULAR, PEATONAL",12,12,4,"1,3,4,5,92,93",N/A,"23,24,292","723, 724, 7292",NO,0,"Brechas, Fases por demanda, Activación de sonoro",1212
-74.0329732,4.70325146200003,1953,1692,1078,AK 9 X CL 127,USAQUEN,ACTROS,SENCILLA,SI,2020/10/21 00:00:00+00,NORMAL,CA-TA,DEFINITIVA,"VEHICULAR, CICLISTA",3,3,2,1,N/A,N/A,N/A,"42, 941",0,N/A,1219
-74.079146,4.70023300000003,1954,1791,1079,KR 71C X AC 116,SUBA,C900,SENCILLA,SI,2024/05/03 00:00:00+00,NORMAL,RP-TF,DEFINITIVA,"VEHICULAR, PEATONAL, CICLISTA",12,12,4,"3,4,4A,8",N/A,"23,34,393,394","7393,7394","43,44",0,Activación de sonoro,1110
-74.09746452,4.689189247,1955,1691,1080,KR 74A X CL 72,ENGATIVA,C900,SENCILLA,SI,2022/06/21 00:00:00+00,NORMAL,BT-TF,DEFINITIVA,"VEHICULAR, PEATONAL",10,10,3,"3,4,7,8,91",N/A,"23,24,33,38,291",N/A,NO,0,N/A,1308
-74.08987113,4.73209189599999,1956,1703,1081,KR 94C X CL 132,SUBA,C900,SENCILLA,SI,2021/02/09 00:00:00+00,NORMAL,BT-TA,DEFINITIVA,"VEHICULAR, PEATONAL",7,7,2,"3,4,92",N/A,"23,292","723, 7292",NO,0,Activación de sonoro,1119
-74.08782506,4.72955361300001,1957,1704,1082,KR 91 X AC 131B,SUBA,C900,SENCILLA,SI,2021/02/09 00:00:00+00,NORMAL,BT-TA,DEFINITIVA,"VEHICULAR, PEATONAL",10,10,2,"1,2,2A,8",N/A,"21,22A,28","721,722A,728",NO,0,Activación de sonoro,1119
-74.0888631,4.72590960500003,1958,1705,1083,KR 91 X CL 130,SUBA,C900,SENCILLA,SI,2021/02/09 00:00:00+00,NORMAL,BT-TA,DEFINITIVA,"VEHICULAR, PEATONAL",13,13,3,"1,2,3,4,92",N/A,"21,22,23,24","721, 722, 723, 724",NO,0,Activación de sonoro,1119
-74.08943411,4.72364256700001,1959,1706,1084,KR 91 X CL 129,SUBA,C900,SENCILLA,SI,2021/02/09 00:00:00+00,NORMAL,BT-TA,DEFINITIVA,"VEHICULAR, PEATONAL",14,14,4,"1,2,3,4,791,92",N/A,"21,22,23,24","721, 722, 723, 724",NO,0,Activación de sonoro,1119
-74.08979967,4.72172398800001,1960,1707,1085,KR 91 X CL 128B,SUBA,C900,SENCILLA,SI,2021/02/09 00:00:00+00,NORMAL,BT-TF,DEFINITIVA,"VEHICULAR, PEATONAL",13,13,4,"1,2,3,4,5",N/A,"21,22,23,24","721, 722, 723, 724 Desconectados",NO,0,Activación de sonoro,1119
-74.0913524,4.718167214,1961,1708,1086,KR 91 X CL 127B,SUBA,C900,TRIPLE,SI,2021/02/09 00:00:00+00,PMT,RP-TA,DEFINITIVA,"VEHICULAR, PEATONAL",8,20,2,"2,4,11",N/A,"22,24,211","722, 724",NO,0,Activación de sonoro,1138
-74.090308,4.71983899999998,1962,1817,1086,KR 91 X CL 128,SUBA,NO,TRIPLE,NO,2024/04/16 00:00:00+00,PMT,RP-TA,PROVISIONAL_PMT,"VEHICULAR, PEATONAL",5,20,3,"1,4A,12",N/A,"24A,212",N/A,NO,0,N/A,1138
-74.09002,4.71791400000001,1963,1829,1086,TV 127B X KR 89,SUBA,NO,TRIPLE,NO,2024/07/05 00:00:00+00,NORMAL,RP-TA,PROVISIONAL_PMT,"VEHICULAR, PEATONAL, CICLISTA",7,20,3,"1A,2A,3,93",N/A,21A,N/A,"41,42",0,N/A,1138
-74.079741,4.66843899999998,1964,1793,1087,KR 57 X AC 68,BARRIOS UNIDOS,C900,SENCILLA,SI,2024/12/19 00:00:00+00,NORMAL,R-TA,DEFINITIVA,"VEHICULAR, PEATONAL",8,8,2,"3,4,91",N/A,"23,24,291","723, 724",NO,0,Activación de sonoro,1306
-74.05206892,4.663306578,1965,1709,1088,KR 9 X CL 80,CHAPINERO,C900,SENCILLA,SI,2021/04/27 00:00:00+00,NORMAL,RP-TA,DEFINITIVA,"VEHICULAR, PEATONAL",6,6,2,"2,3",N/A,"22,23",723,NO,0,Activación de sonoro,1908
-74.043715,4.69452799999999,1966,1806,1089,AK 15 X CL 112,USAQUEN,C900,SENCILLA,SI,2024/04/19 00:00:00+00,NORMAL,CA-TA,DEFINITIVA,"VEHICULAR, PEATONAL, CICLISTA",19,19,3,"1,2,93,94",N/A,"21,22,293,294,31,32","721,722,7293,731,732","41,42,411,412",0,Activación de sonoro,1212
-74.04015148,4.73189930799998,1967,1290,1039,AK 15 X CL 151,USAQUEN,C900,SENCILLA,SI,2012/12/21 00:00:00+00,NORMAL,BT-TA,DEFINITIVA,"VEHICULAR, PEATONAL",12,12,4,"1,2,3,4",N/A,"21,23,24,33","721, 723, 724, 733",NO,0,"Brechas, Fases por demanda, Activación de sonoro",1216
-74.0396691,4.76018074699999,1968,1562,1040,KR 18A X AC 183,USAQUEN,C900,SENCILLA,SI,2017/04/23 00:00:00+00,NORMAL,BT-TA,DEFINITIVA,"VEHICULAR, PEATONAL",7,7,3,"3,4,92",N/A,"23,292","723, 7292",NO,0,Activación de sonoro,1208
-74.0333391,4.76023979600001,1969,1337,1041,KR 11 X AC 183,USAQUEN,C900,SENCILLA,SI,2014/07/03 00:00:00+00,NORMAL,BT-TF,DEFINITIVA,"VEHICULAR, PEATONAL",20,20,4,"1,2,3,4,93,94",N/A,"21,22,23,24,31,33,34","721, 722, 723, 724, 731, 732, 734",NO,0,Activación de sonoro,1208
-74.03730027,4.74911211800003,1970,1425,1042,KR 15 X AC 170,USAQUEN,C900,SENCILLA,SI,2015/05/27 00:00:00+00,NORMAL,CA-TA,DEFINITIVA,"VEHICULAR, PEATONAL",8,8,3,"3,4,91",N/A,"23,34,291",724,NO,0,"Conteo, Brechas, Fases por demanda, Activación de sonoro",1202
-74.03010054,4.76016066199998,1971,1563,1043,KR 8C X AC 183,USAQUEN,C900,SENCILLA,SI,2018/10/02 00:00:00+00,NORMAL,BT-TA,DEFINITIVA,"VEHICULAR, PEATONAL",12,12,3,"3,4,91,92",N/A,"23,24,291,292","723, 724, 7291, 7292",NO,0,Activación de sonoro,1208
-74.0313369,4.76019789200001,1972,1375,1044,KR 9 X AC 183,USAQUEN,C900,SENCILLA,SI,2017/11/17 00:00:00+00,PMT,BT-TF,DEFINITIVA,"VEHICULAR, PEATONAL",12,12,4,"1,2,3,4,13,14",N/A,"21,22,23,24,31,32","721, 722, 723, 724, 731, 732 (Desconectados)",NO,0,Activación de sonoro,1208
-74.09560132,4.71515750999998,1973,1757,1045,KR 91 X CL 97,ENGATIVA,C900,SENCILLA,SI,2022/08/24 00:00:00+00,NORMAL,RP-TA,DEFINITIVA,"VEHICULAR, PEATONAL, CICLISTA",13,13,3,"1,12,2,3,11",N/A,"21,22,23",N/A,"42,411",0,Activación de sonoro,1138
-74.05788709,4.66204592399998,1974,169,1046,KR 13 X CL 76,CHAPINERO,ACTROS,DOBLE,SI,1994/11/13 00:00:00+00,NORMAL,BT-TA,DEFINITIVA,"VEHICULAR, PEATONAL",11,19,3,"1,2,4",N/A,"21,22,24,34","721, 722, 724, 734",NO,0,Activación de sonoro,1913
-74.05860483,4.66250697700002,1975,176,1046,KR 14 X CL 76,CHAPINERO,NO,DOBLE,NO,1994/11/13 00:00:00+00,NORMAL,BT-TA,DEFINITIVA,"VEHICULAR, PEATONAL",8,19,3,"1A,14",N/A,"21A,31A,214,314","721A,7314",NO,0,Activación de sonoro,1913
-74.06107621,4.66406803699999,1976,207,1047,AK 20 X CL 76,BARRIOS UNIDOS,NO,DOBLE,NO,1993/07/07 00:00:00+00,NORMAL,BT-TF,DEFINITIVA,"VEHICULAR, PEATONAL",9,17,2,"1A,4,12A","1B,12B","24,31,34,212",N/A,NO,0,"Conteo, Brechas",1913
-74.0614779,4.661803969,1977,214,1047,AK 20 X CL 74,BARRIOS UNIDOS,C900,DOBLE,SI,1993/07/07 00:00:00+00,NORMAL,BT-TF,DEFINITIVA,"VEHICULAR, PEATONAL",8,17,2,"2A,3, 11A","2B,11B","23,32,211",N/A,NO,0,"Conteo, Brechas, Cola - Siguiente Intersección",1913
-74.0618988,4.65939010099999,1978,219,1049,AK 20 X AC 72,BARRIOS UNIDOS,ACTROS,SENCILLA,SI,2025/02/16 00:00:00+00,NORMAL,BT-TF,DEFINITIVA,"VEHICULAR, PEATONAL",4,4,2,N/A,"1B,2B","21,22",N/A,NO,0,N/A,1913
-74.06300182,4.65261565499998,1979,239,1050,KR 13 X CL 66,CHAPINERO,C900,SENCILLA,SI,1988/06/30 00:00:00+00,NORMAL,BT-TF,DEFINITIVA,"VEHICULAR, PEATONAL",6,6,2,"1,3",N/A,"21,23",722,NO,0,Activación de sonoro,1913
-74.06303257,4.67232461899999,1980,1654,1051,AK 24 X CL 84,BARRIOS UNIDOS,C900,SENCILLA,SI,2019/11/06 00:00:00+00,NORMAL,RP-TA,DEFINITIVA,"VEHICULAR, PEATONAL, CICLISTA",9,9,3,"1,2,93,102",N/A,"21,22,293",N/A,"41, 42 Cerrados",0,"Brechas, Fases por demanda vehicular",1914
-74.105915,4.71469500000001,1981,1771,1053,KR 95G X CL 86,ENGATIVA,C900,SENCILLA,SI,2025/04/08 00:00:00+00,NORMAL,BT-TA,DEFINITIVA,"VEHICULAR, PEATONAL",6,6,3,"1,3,4",N/A,"21,23,24",N/A,NO,0,"Brechas, Fases por demanda vehicular, Fases por demanda peatonal",1114
-74.0713406,4.71909138000001,1982,1658,1055,KR 59 X CL 129,SUBA,C900,SENCILLA,SI,2020/11/04 00:00:00+00,NORMAL,RP-TA,DEFINITIVA,"VEHICULAR, PEATONAL",10,10,4,"1,3,4,7",N/A,"21,23,24","721, 723, 724",NO,0,"Brechas, Fases por demanda peatonal sonoro",1125
-74.06008597,4.64978508000002,1983,1660,1057,KR 8 X CL 65,CHAPINERO,C900,SENCILLA,SI,2021/03/15 00:00:00+00,NORMAL,RP-TA,DEFINITIVA,"VEHICULAR, PEATONAL",6,6,3,"2,3",N/A,"22,23,32,33",N/A,NO,0,"Conteo, Brechas, Fases por demanda peatonal",1909
-74.06967903,4.68703367000001,1984,1775,1058,KR 64 X CL 97,BARRIOS UNIDOS,NO,DOBLE,NO,2023/05/23 00:00:00+00,NORMAL,BT-TF,PROVISIONAL_PMT,"VEHICULAR, PEATONAL",6,12,4,"1,13,92",N/A,"21,213,292",N/A,NO,0,N/A,1133
-74.06916506,4.68677668800001,1985,1776,1058,KR 63 X CL 97,BARRIOS UNIDOS,C900,DOBLE,SI,2023/05/23 00:00:00+00,NORMAL,BT-TF,PROVISIONAL_PMT,"VEHICULAR, PEATONAL",6,12,3,"1A,2,3",N/A,"21A,22,23",N/A,NO,0,N/A,1133
-74.065308,4.65198548199999,1986,1665,1060,KR 15 X CL 64,BARRIOS UNIDOS,C900,SENCILLA,SI,2021/02/19 00:00:00+00,PMT,BT-TA,DEFINITIVA,"VEHICULAR, PEATONAL, CICLISTA",12,12,4,"1,4",N/A,"21,24,31,34","721, 724, 731, 734","43, 44",0,"Brechas, Fases por demanda peatonal sonoro",1913
-74.03678719,4.72173793600001,1987,1657,1061,KR 12 X CL 142,USAQUEN,C900,SENCILLA,SI,2021/03/17 00:00:00+00,NORMAL,R-TA,DEFINITIVA,"VEHICULAR, PEATONAL",8,8,5,"1,2,3,4",N/A,"21,22,23,24",N/A,NO,0,"Conteo, Brechas",1203
-74.06262519,4.65568057399997,1988,228,1160,AK 14 X CL 69,BARRIOS UNIDOS,NO,TRIPLE,NO,1993/10/21 00:00:00+00,PMT,BT-TF,DEFINITIVA,"VEHICULAR, PEATONAL",10,22,4,"3,5,12A","1B,12B","23,31,212",N/A,NO,0,"Conteo, Brechas, Cola - Siguiente Intersección",1913
-74.06283139,4.65363298099999,1989,235,1160,KR 13 X CL 67,CHAPINERO,NO,TRIPLE,NO,1993/10/21 00:00:00+00,Desvío - PMT,BT-TF,DEFINITIVA,"VEHICULAR, PEATONAL",5,22,3,"1,1C,4",91B,21,N/A,NO,0,Conteo,1913
-74.06348188,4.65407082000002,1990,243,1160,AK 14 X CL 67,BARRIOS UNIDOS,C900,TRIPLE,SI,1993/10/21 00:00:00+00,PMT,BT-TF,DEFINITIVA,"VEHICULAR, PEATONAL",8,22,3,14,"2B,11B,94B","32,211,214",N/A,NO,0,"Conteo, Brechas, Fases por demanda",1913
-74.04292677,4.67729564799998,1991,47,1163,KR 9 X CL 95,CHAPINERO,C900,SENCILLA,SI,2006/10/31 00:00:00+00,NORMAL,RP-TF,DEFINITIVA,"VEHICULAR, PEATONAL",4,4,3,"2,4",N/A,"22,24",N/A,NO,0,N/A,1904
-74.06463424,4.65572887000002,1992,262,1164,KR 15 X AC 68,BARRIOS UNIDOS,ACTROS,SENCILLA,SI,1990/07/26 00:00:00+00,NORMAL,RP-TF,DEFINITIVA,"VEHICULAR, PEATONAL, CICLISTA",8,8,3,"2,4",N/A,"22,24,32,34",N/A,"42,44",0,N/A,1906
-74.0437987,4.67145970600001,1993,56,1165,AK 7 X AC 92,CHAPINERO,C900,SENCILLA,SI,1997/03/10 00:00:00+00,NORMAL,CA-TA,DEFINITIVA,"VEHICULAR, PEATONAL, CICLISTA",10,10,3,"1,2,2A,5,91,94",N/A,"21,22,31,32",N/A,"41, 42",0,"Conteo, Brechas, Cola - Siguiente Intersección",1907
-74.04151756,4.68164674600001,1994,39,1166,KR 9A X AC 100,CHAPINERO,C900,SENCILLA,SI,1990/04/05 00:00:00+00,PMT,BT-TF,DEFINITIVA,"VEHICULAR, PEATONAL",11,11,3,"3,4,4A,13,14,92,10.3,62",N/A,"213,214,292",N/A,NO,0,N/A,1214
-74.04843002,4.67833595500002,1995,85,1167,KR 13 X CL 94,CHAPINERO,C900,SENCILLA,SI,1998/09/05 00:00:00+00,NORMAL,CA-TA,DEFINITIVA,"VEHICULAR, PEATONAL",11,11,4,"1,2,3,4,7,8,93",N/A,"21,22,24,33",N/A,NO,0,"Conteo, Brechas",1904
-74.04378961,4.67591638099998,1996,55,1168,KR 9 X CL 94,CHAPINERO,C900,SENCILLA,SI,1990/05/12 00:00:00+00,NORMAL,CA-TA,DEFINITIVA,"VEHICULAR, PEATONAL",13,13,4,"1,2,3,4,6,8",N/A,"21,22,24,33","721, 724, 733",NO,0,"Conteo, Brechas, Cola - Siguiente Intersección, Activación de sonoro",1904
-74.03261668,4.712783543,1997,17,1169,AK 9 X AC 134,USAQUEN,ACTROS,SENCILLA,SI,1995/09/08 00:00:00+00,NORMAL,CA-TA,DEFINITIVA,"VEHICULAR, PEATONAL, CICLISTA",15,15,2,"1,2,3,4,93",N/A,"21,22,23,24,31,32,33,34,293",N/A,42,0,"Conteo, Brechas, Fases por demanda, Cola - Siguiente Intersección",1219
-74.03229039,4.72544701300001,1998,15,1170,AK 9 X AC 147,USAQUEN,ACTROS,SENCILLA,SI,1995/08/18 00:00:00+00,NORMAL,CA-TA,DEFINITIVA,"VEHICULAR, PEATONAL, CICLISTA",12,12,2,"1,2,3,4",N/A,"22,23,24,31,33,34",N/A,"41,42",0,N/A,1219
-74.02460543,4.727568109,1999,6,1171,AK 7 X AC 153,USAQUEN,C900,SENCILLA,SI,1993/12/06 00:00:00+00,NORMAL,CA-TA,DEFINITIVA,"VEHICULAR, PEATONAL",11,11,4,"1,2,3,4,14",N/A,"21,22,23,31,32,314",N/A,NO,0,"Brechas, Fases por demanda",1218
-74.04353095,4.68926420000003,2000,53,1172,KR 13A X CL 106,USAQUEN,C900,SENCILLA,SI,1998/02/04 00:00:00+00,NORMAL,R-TA,DEFINITIVA,"VEHICULAR, PEATONAL",8,8,3,"1,2,3,4",N/A,"21,23,32,34",N/A,NO,0,"Conteo, Brechas, Fases por demanda, Cola - Siguiente Intersección, Fases por demanda peatonal",1213
-74.03479748,4.72656028799997,2001,1234,1173,KR 12 X AC 147,USAQUEN,C900,SENCILLA,SI,2011/11/21 00:00:00+00,NORMAL,RP-TF,DEFINITIVA,"VEHICULAR, PEATONAL",9,9,4,"1,2,3,4,8",N/A,"21,22,23,34",N/A,NO,0,N/A,1219
-74.02878811,4.71623221099998,2002,10,1174,AK 7 X CL 140,USAQUEN,C900,DOBLE,SI,1990/02/28 00:00:00+00,NORMAL,CA-TA,DEFINITIVA,"VEHICULAR, PEATONAL",11,19,4,"1,2A,4,6,13,91",N/A,"21,24,32A,34,213",N/A,NO,0,"Conteo, Brechas, Fases por demanda, Fases por demanda peatonal",1218
-74.03025354,4.71674357199998,2003,1356,1174,KR 7B X CL 140,USAQUEN,NO,DOBLE,NO,2015/11/05 00:00:00+00,NORMAL,CA-TA,DEFINITIVA,"VEHICULAR, PEATONAL",8,19,4,"1A,14,2,3",N/A,"21A,22,23,214",N/A,NO,0,"Conteo, Brechas",1218
-74.03249715,4.71768539700003,2004,16,1178,AK 9 X CL 140,USAQUEN,ACTROS,SENCILLA,SI,1995/04/12 00:00:00+00,NORMAL,CA-TA,DEFINITIVA,"VEHICULAR, PEATONAL, CICLISTA",12,12,2,"1,2,3,4,",N/A,"21,22,23,24,31,32",N/A,"41, 42",0,"Conteo, Brechas, Cola - Siguiente Intersección",1219
-74.08895768,4.74074569800001,2005,1738,1179,KR 96 X AC 145,SUBA,C900,SENCILLA,SI,2022/08/02 00:00:00+00,NORMAL,RP-TF,DEFINITIVA,"VEHICULAR, PEATONAL",8,8,2,"3A, 4A","3B, 4B ","23,24",N/A,NO,0,Fases por demanda peatonal,1101
-74.05642037,4.67063817799999,2006,1739,1180,KR 16A X AC 85,CHAPINERO,C900,SENCILLA,SI,2022/03/03 00:00:00+00,NORMAL,CA-TA,DEFINITIVA,"VEHICULAR, PEATONAL, CICLISTA",14,14,4,"91,2,3,93,103,4",N/A,"22,33,24,291","722, 791 ","43, 44",0,"Fases por demanda peatonal, Activacion de sonoro",1912
-74.05709565,4.66778931599998,2007,1740,1181,KR 16 X CL 82,CHAPINERO,C900,SENCILLA,SI,2022/03/02 00:00:00+00,NORMAL,RP-TF,DEFINITIVA,"VEHICULAR, PEATONAL",10,10,3,"1,3",N/A,"21,23,31,33","721, 723, 731, 733",NO,0,Fases por demanda peatonal,1912
-74.07337102,4.69561981599998,2008,1748,1182,AK 70 X CL 103,SUBA,C900,SENCILLA,SI,2022/06/17 00:00:00+00,NORMAL,RP-TF,DEFINITIVA,"VEHICULAR, PEATONAL",6,6,2,"1,2,4",N/A,"21,24,32",N/A,NO,0,N/A,1107
-74.11780259,4.714130329,2009,1749,1183,KR 107 X DG 78C,ENGATIVA,C900,SENCILLA,SI,2022/08/31 00:00:00+00,NORMAL,BT-TF,DEFINITIVA,"VEHICULAR, PEATONAL",6,6,3,"1,2,3",N/A,"22,23, 31",N/A,NO,0,N/A,1136
-74.05331749,4.66145630900002,2010,132,1191,KR 9 X CL 78,CHAPINERO,C900,SENCILLA,SI,1994/11/14 00:00:00+00,NORMAL,RP-TF,DEFINITIVA,"VEHICULAR, PEATONAL",6,6,3,"2,4",N/A,"22,24,32,34",N/A,NO,0,N/A,1908
-74.06034379,4.66100869500002,2011,195,1192,AK 15 X CL 74,CHAPINERO,C900,SENCILLA,SI,1980/11/13 00:00:00+00,NORMAL,BT-TA,DEFINITIVA,"VEHICULAR, PEATONAL",6,6,3,"2,3,92",N/A,"22,23,33",N/A,NO,0,"Conteo, Brechas",1913
-74.05914424,4.66285479200002,2012,180,1193,AK 15 X CL 76,CHAPINERO,C900,SENCILLA,SI,1980/11/24 00:00:00+00,NORMAL,BT-TA,DEFINITIVA,"VEHICULAR, PEATONAL",4,4,2,"2,4",N/A,"22,24",N/A,NO,0,"Conteo, Brechas, Cola - Siguiente Intersección",1913
-74.05860938,4.66377372599999,2013,177,1194,AK 15 X CL 77,CHAPINERO,C900,DOBLE,SI,1980/12/10 00:00:00+00,NORMAL,R-TF,DEFINITIVA,"VEHICULAR, PEATONAL",8,13,3,"2,3,4",N/A,"22, 23, 24, 32, 34",N/A,NO,0,"Conteo, Brechas",1912
-74.059675,4.66436299999998,2014,1821,1194,KR 16A X CL 77,CHAPINERO,NO,DOBLE,NO,2024/05/13 00:00:00+00,NORMAL,R-TF,PROVISIONAL_PMT,"VEHICULAR, PEATONAL",5,13,3,"1,14",N/A,"21,31",N/A,NO,0,N/A,1912
-74.05971344,4.66193526000001,2015,186,1195,AK 15 X CL 75,CHAPINERO,C900,SENCILLA,SI,2000/04/25 00:00:00+00,NORMAL,BT-TA,DEFINITIVA,"VEHICULAR, PEATONAL",8,8,4,"2,3,4,92",N/A,"22,24",723,NO,0,"Conteo, Brechas, Fases por demanda, Activación de sonoro",1913
-74.05294809,4.66569054399997,2016,128,1118,AK 11 X CL 82,CHAPINERO,ACTROS,SENCILLA,SI,1994/11/07 00:00:00+00,NORMAL,CA-TA,DEFINITIVA,"VEHICULAR, PEATONAL, CICLISTA",8,8,3,"1,1A,3",N/A,"21,21A,23",N/A,41.42,0,"Conteo, Brechas",1910
-74.05147255,4.66784859699999,2017,113,1119,AK 11 X AC 85,CHAPINERO,ACTROS,DOBLE,SI,1998/03/04 00:00:00+00,PMT,CA-TA,DEFINITIVA,"VEHICULAR, PEATONAL, CICLISTA",11,19,3,"1,1A,3,4A",N/A,"21,23,24A",N/A,"41,43,44A,412",0,"Conteo, Brechas, Cola - Siguiente Intersección",1910
-74.05218257,4.666830248,2018,117,1119,AK 11 X AC 82,CHAPINERO,NO,DOBLE,NO,1998/03/04 00:00:00+00,NORMAL,CA-TA,DEFINITIVA,"VEHICULAR, PEATONAL",8,19,3,"2,3A,4,11,11A",N/A,"23A,24,211",N/A,NO,0,"Conteo, Brechas, Fases por demanda peatonal",1910
-74.05527354,4.67005958499999,2019,150,1120,AK 15 X AC 85,CHAPINERO,C900,DOBLE,SI,1998/01/29 00:00:00+00,NORMAL,CA-TA,DEFINITIVA,"VEHICULAR, PEATONAL, CICLISTA",12,16,3,"3,4,7,12,612",N/A,"23,24,34,212,312",N/A,"43,44",0,"Conteo, Brechas, Cola - Siguiente Intersección",1912
-74.05656499,4.667427535,2020,159,1120,AK 15 X CL 82,CHAPINERO,NO,DOBLE,NO,1998/01/29 00:00:00+00,NORMAL,CA-TA,DEFINITIVA,"VEHICULAR, PEATONAL",4,16,2,"2,3A",N/A,"22,23A",N/A,NO,0,"Conteo, Brechas",1912
-74.05390686,4.67292632200002,2021,142,1121,AK 15 X CL 88,CHAPINERO,C900,SENCILLA,SI,1999/12/24 00:00:00+00,NORMAL,CA-TF,DEFINITIVA,"PEATONAL, CICLISTA",4,4,2,2,N/A,22 (Exc),N/A,"43,44 (Exc)",0,N/A,1904
-74.04942961,4.67088489299999,2022,1421,1122,AK 11 X CL 88,CHAPINERO,ACTROS,SENCILLA,SI,2015/05/22 00:00:00+00,NORMAL,CA-TA,DEFINITIVA,"VEHICULAR, PEATONAL",7,7,2,"1,1A,2",N/A,"21,21A (Exc)","721,721A",NO,0,Fases por demanda peatonal sonoro,1904
-74.04469722,4.68000625600001,2023,1419,1123,AK 11 X CL 97,CHAPINERO,ACTROS,SENCILLA,SI,2015/02/16 00:00:00+00,NORMAL,CA-TA,DEFINITIVA,EXCLUSIVA PEATONAL,7,7,2,"1,1A,2",N/A,"21,21A (Exc)","721,721A",NO,0,Fases por demanda peatonal sonoro,1904
-74.06321857,4.66032616400003,2024,240,1128,KR 20A X AC 72,BARRIOS UNIDOS,C900,SENCILLA,SI,1984/06/16 00:00:00+00,PMT,BT-TF,DEFINITIVA,"VEHICULAR, PEATONAL",3,3,3,"2,3",N/A,22,N/A,NO,0,"Conteo, Brechas",1913
-74.06568639,4.65637026899998,2025,276,1129,KR 17 X AC 68,BARRIOS UNIDOS,ACTROS,SENCILLA,SI,1993/05/31 00:00:00+00,NORMAL,RP-TF,DEFINITIVA,"VEHICULAR, PEATONAL, CICLISTA",6,6,2,"2,4",N/A,"22,24,32",N/A,44,0,N/A,1906
-74.06680096,4.65456361600002,2026,300,1130,KR 17 X CL 66,BARRIOS UNIDOS,ACTROS,SENCILLA,SI,1983/11/11 00:00:00+00,NORMAL,RP-TF,DEFINITIVA,"VEHICULAR, PEATONAL, CICLISTA",7,7,3,"2,3",N/A,"22,23,32,33",N/A,43,0,N/A,1906
-74.06707717,4.65307541200002,2027,306,1131,KR 17 X CL 64,BARRIOS UNIDOS,ACTROS,DOBLE,SI,1998/05/03 00:00:00+00,NORMAL,RP-TF,DEFINITIVA,"VEHICULAR, PEATONAL",4,8,3,"4,12",N/A,"24,312",N/A,NO,0,N/A,1906
-74.06715139,4.65267332399998,2028,309,1131,KR 17 X CL 63C,BARRIOS UNIDOS,NO,DOBLE,NO,1998/05/03 00:00:00+00,NORMAL,RP-TF,DEFINITIVA,"VEHICULAR, PEATONAL",4,8,3,"2,3",N/A,"23,32",N/A,NO,0,N/A,1906
-74.062522,4.74127299999998,2029,1851,1132,KR 58C X AC 153,SUBA,C900,SENCILLA,SI,2024/11/25 00:00:00+00,NORMAL,BT-TA,DEFINITIVA,"VEHICULAR, PEATONAL",12,12,4,"1,2,3,4",N/A,"21,22,23,34","721,722,723,734",NO,0,N/A,1104
-74.04816024,4.66592482599998,2030,84,1137,KR 8 X AC 85,CHAPINERO,C900,SENCILLA,SI,2006/10/19 00:00:00+00,NORMAL,CA-TA,DEFINITIVA,"VEHICULAR, PEATONAL",7,7,3,"1,2,3,4",N/A,"22,23,34",N/A,NO,0,"Conteo, Brechas, Fases por demanda",1901
-74.04972822,4.66420052500001,2031,99,1138,KR 8 X AC 82,CHAPINERO,C900,SENCILLA,SI,2006/10/19 00:00:00+00,NORMAL,RP-TF,DEFINITIVA,"VEHICULAR, PEATONAL",8,8,3,"1,2,3,4",N/A,"21,22,23,34",N/A,NO,0,Cola - Siguiente Intersección,1908
-74.04696776,4.668307556,2032,76,1139,KR 8 X CL 87,CHAPINERO,C900,DOBLE,SI,2003/01/15 00:00:00+00,NORMAL,RP-TF,DEFINITIVA,"VEHICULAR, PEATONAL",7,14,4,"1,3,4A,12",N/A,"21,24A,212",N/A,NO,0,N/A,1901
-74.0476157,4.66701038100001,2033,80,1139,KR 8 X CL 86,CHAPINERO,NO,DOBLE,NO,2003/01/15 00:00:00+00,NORMAL,RP-TF,DEFINITIVA,"VEHICULAR, PEATONAL",7,14,3,"2,3A,4,11",N/A,"22,24,211",N/A,NO,0,N/A,1901
-74.04859543,4.66754554699997,2034,1366,1140,KR 9 X CL 86,CHAPINERO,C900,SENCILLA,SI,2015/11/25 00:00:00+00,PMT,RP-TF,DEFINITIVA,"VEHICULAR, PEATONAL",10,10,3,"1,2,3,4",N/A,"21,22,23,24,33,34",N/A,NO,0,N/A,1901
-74.06900402,4.66658563999999,2035,1348,1141,KR 28 X CL 74,BARRIOS UNIDOS,NO,DOBLE,NO,2015/08/27 00:00:00+00,NORMAL,CA-TA,DEFINITIVA,"VEHICULAR, PEATONAL, CICLISTA",11,21,3,"2,7,13",N/A,"22,32,213,313","722, 732, 7213",42,0,"Conteo, Brechas, Activación de sonoro",1914
-74.06952567,4.66694720599997,2036,1349,1141,KR 28A X CL 74,BARRIOS UNIDOS,C900,DOBLE,SI,2015/08/27 00:00:00+00,NORMAL,CA-TA,DEFINITIVA,"VEHICULAR, PEATONAL, CICLISTA",10,21,4,"1,3,93",N/A,"21,23,31","721, 723, 731",41,0,"Conteo, Brechas, Activación de sonoro",1914
-74.06740253,4.66842274999999,2037,315,1142,KR 28 X CL 76,BARRIOS UNIDOS,C900,SENCILLA,SI,2003/12/11 00:00:00+00,NORMAL,RP-TF,DEFINITIVA,"VEHICULAR, PEATONAL, CICLISTA",7,7,3,"2,4",N/A,"22,24,32",N/A,"43, 44",0,N/A,1914
-74.06285948,4.673443728,2038,237,1143,AK 24 X CL 85A,BARRIOS UNIDOS,C900,SENCILLA,SI,1995/02/06 00:00:00+00,NORMAL,RP-TF,DEFINITIVA,"VEHICULAR, PEATONAL",7,7,3,"1,2,3,4",N/A,"22,24,31",N/A,NO,0,N/A,1914
-74.0625113,4.6754962,2039,226,1144,AK 24 X CL 87,BARRIOS UNIDOS,C900,SENCILLA,SI,1993/07/07 00:00:00+00,NORMAL,RP-TF,DEFINITIVA,"VEHICULAR, PEATONAL, CICLISTA",8,8,2,"1,2,4",N/A,"21,24,32",N/A,"41, 42",0,N/A,1914
-74.06602097,4.66476825199999,2040,285,1145,AK 24 X AC 74,BARRIOS UNIDOS,C900,DOBLE,SI,1990/04/09 00:00:00+00,NORMAL,R-TF,DEFINITIVA,"VEHICULAR, PEATONAL",7,12,2,"1A,2,3",N/A,"21A,22,23,33",N/A,NO,0,"Conteo, Brechas",1914
-74.065375,4.66431499999999,2041,1823,1145,KR 23 X AC 74,BARRIOS UNIDOS,NO,DOBLE,NO,2024/05/14 00:00:00+00,NORMAL,R-TF,PROVISIONAL_PMT,"VEHICULAR, PEATONAL",5,12,2,"1,13",N/A,"21,213,31",N/A,NO,0,N/A,1914
-74.06636786,4.669629966,2042,1477,1146,KR 28 X CL 78,BARRIOS UNIDOS,C900,SENCILLA,SI,2016/08/11 00:00:00+00,NORMAL,RP-TF,DEFINITIVA,"VEHICULAR, PEATONAL",6,6,3,"2,3",N/A,"22,23,32,33",N/A,NO,0,N/A,1914
-74.06511958,4.67112266399999,2043,269,1147,KR 28 X AC 80,BARRIOS UNIDOS,C900,SENCILLA,SI,2003/12/11 00:00:00+00,NORMAL,CA-TA,DEFINITIVA,"VEHICULAR, PEATONAL",12,12,2,"2,3A,4A,792","3B,4B","22, 24,32,33","724, 733",NO,0,"Conteo, Brechas",1914
-74.06340031,4.66901425700001,2044,242,1148,AK 24 X AC 80,BARRIOS UNIDOS,C900,SENCILLA,SI,1997/09/04 00:00:00+00,NORMAL,CA-TA,DEFINITIVA,"VEHICULAR, PEATONAL, CICLISTA",29,29,3,"1,2,3A,4A,91,92,93,94","3B,4B","21,22,24A,24B,31,32,33A,33B,291,292","721, 723, 732, 734, 7291","41, 42",0,"Brechas, Activación de sonoro",1914
-74.0671208,4.66302125599998,2045,308,1149,AK 24 X AC 72,BARRIOS UNIDOS,C900,DOBLE,SI,1987/06/14 00:00:00+00,NORMAL,R-TF,DEFINITIVA,"VEHICULAR, PEATONAL",16,25,3,"1A,2,3,3A,5,6,14,14A",N/A,"21A,22,23,214,31A,32,33,314A",N/A,NO,0,"Conteo, Brechas",1914
-74.066482,4.66256099999998,2046,1432,1149,KR 23 X AC 72,BARRIOS UNIDOS,NO,DOBLE,NO,2024/05/14 00:00:00+00,NORMAL,R-TF,PROVISIONAL_PMT,"VEHICULAR, PEATONAL, CICLISTA",9,25,2,"1,4,13,13A",N/A,"21,213,31,34",N/A,44,0,N/A,1914
-74.06963021,4.65902671200001,2047,359,1150,AK 24 X AC 68,BARRIOS UNIDOS,ACTROS,SENCILLA,SI,1986/01/03 00:00:00+00,NORMAL,R-TA,DEFINITIVA,"VEHICULAR, PEATONAL",12,12,4,"1,2,4,8,91",N/A,"21,22,24,31,32,34",N/A,44,0,"Conteo, Brechas, Fases por demanda",1906
-74.07076436,4.65730673899998,2048,384,1151,AK 24 X CL 66,BARRIOS UNIDOS,C900,SENCILLA,SI,1997/01/03 00:00:00+00,NORMAL,R-TA,DEFINITIVA,"VEHICULAR, PEATONAL, CICLISTA",8,8,3,"1,2,3",N/A,"22,23,31,33",N/A,43,0,"Conteo, Brechas",1906
-74.057511,4.739802,2049,1895,1154,KR 55 X AC 153,SUBA,C900,SENCILLA,SI,2025/03/12 00:00:00+00,PMT,BT-TF,DEFINITIVA,"VEHICULAR, PEATONAL",12,12,3,"1,3,4, 92",N/A,"21, 22, 23, 34","721, 722, 723, 734",NO,0,Activación de sonoro,1104
-74.05875129,4.65718948400001,2050,178,1156,AK 11 X AC 72,CHAPINERO,ACTROS,SENCILLA,SI,1998/03/06 00:00:00+00,PMT,CA-TA,DEFINITIVA,"VEHICULAR, PEATONAL",8,8,3,"1,3,4,93",N/A,"21,23,31,34",N/A,NO,0,"Conteo, Brechas",1910
-74.04177812,4.67436165800001,2051,40,1157,AK 7 X CL 94,CHAPINERO,C900,SENCILLA,SI,1997/05/10 00:00:00+00,NORMAL,CA-TA,DEFINITIVA,"VEHICULAR, PEATONAL, CICLISTA",8,8,3,"1,2,2A,6,93",N/A,"21,32",N/A,42,0,"Conteo, Brechas, Fases por demanda peatonal",1907
-74.07193084,4.65401884599999,2052,1561,1158,AK 24 X CL 63C,BARRIOS UNIDOS,C900,SENCILLA,SI,2019/01/10 00:00:00+00,NORMAL,R-TA,DEFINITIVA,EXCLUSIVA PEATONAL,6,6,2,"1,2",N/A,"21,22",722,NO,0,Activación de sonoro,1906
-74.07164589,4.65549665200001,2053,403,1159,AK 24 X CL 63F,BARRIOS UNIDOS,C900,SENCILLA,SI,1980/04/19 00:00:00+00,NORMAL,RP-TF,DEFINITIVA,"VEHICULAR, PEATONAL",8,8,3,"1,2,3,4,64",N/A,"21,23,24",N/A,NO,0,Conteo,1906
-74.05495748,4.66273999800001,2054,149,1250,AK 11 X CL 78,CHAPINERO,ACTROS,SENCILLA,SI,1993/12/10 00:00:00+00,NORMAL,CA-TA,DEFINITIVA,"VEHICULAR, PEATONAL",4,4,2,"1,4",N/A,"21,34",N/A,NO,0,"Conteo, Brechas",1910
-74.0286112,4.70212936799999,2055,9,1255,AK 7 X AC 127,USAQUEN,ACTROS,SENCILLA,SI,1997/04/02 00:00:00+00,NORMAL,CA-TA,DEFINITIVA,"VEHICULAR, PEATONAL",14,14,3,"1,2,6,7,91,93",N/A,"21,22,27,31,32,36,291,293",N/A,NO,0,"Conteo, Brechas, Cola, Cola - Siguiente Intersección",1204
-74.0319963,4.69592570700001,2056,14,1256,AK 7 X CL 119,USAQUEN,ACTROS,SENCILLA,SI,1983/06/05 00:00:00+00,NORMAL,CA-TA,DEFINITIVA,"VEHICULAR, PEATONAL",7,7,3,"1,2,4,6",N/A,"21,24,32",N/A,NO,0,"Conteo, Brechas",1204
-74.03322151,4.69363608100002,2057,18,1257,AK 7 X AC 116,USAQUEN,ACTROS,SENCILLA,SI,1998/04/04 00:00:00+00,NORMAL,CA-TA,DEFINITIVA,"VEHICULAR, PEATONAL",10,10,3,"1,2,3,6,91",N/A,"22,22A,23,31,291",N/A,NO,0,"Conteo, Brechas, Cola, Cola - Siguiente Intersección",1204
-74.03494755,4.68781978999999,2058,21,1258,AK 7 X CL 109,USAQUEN,ACTROS,SENCILLA,SI,1993/07/16 00:00:00+00,NORMAL,CA-TA,DEFINITIVA,"VEHICULAR, PEATONAL",9,9,3,"1,2,4,5,6",N/A,"21,24,32,35",N/A,NO,0,"Conteo, Brechas, Fases por demanda",1204
-74.03566252,4.68512197299998,2059,24,1259,AK 7 X CL 106,USAQUEN,ACTROS,SENCILLA,SI,1988/07/14 00:00:00+00,NORMAL,CA-TA,DEFINITIVA,"VEHICULAR, PEATONAL",11,11,4,"1,1A,2,4,6,7,93",N/A,"22,23,24,31",N/A,NO,0,"Conteo, Brechas, Cola, Fases por demanda, Cola - Siguiente Intersección",1204
-74.05387485,4.66059048300002,2060,141,1269,KR 9 X CL 77,CHAPINERO,C900,DOBLE,SI,1987/10/07 00:00:00+00,NORMAL,RP-TF,DEFINITIVA,"VEHICULAR, PEATONAL",6,12,3,"3,12",N/A,"23,33,212,312",N/A,NO,0,Cola - Siguiente Intersección,1908
-74.05439834,4.65980282999999,2061,146,1269,KR 9 X CL 76,CHAPINERO,NO,DOBLE,NO,1987/10/07 00:00:00+00,NORMAL,RP-TF,DEFINITIVA,"VEHICULAR, PEATONAL",6,12,3,"2,4",N/A,"22,24,32,34",N/A,NO,0,Cola - Siguiente Intersección,1908
-74.04923641,4.67677871799998,2062,94,1270,KR 13 X CL 93A,CHAPINERO,C900,DOBLE,SI,1998/04/29 00:00:00+00,NORMAL,RP-TF,DEFINITIVA,"VEHICULAR, PEATONAL",5,12,3,"1,3,12",N/A,"23,212",N/A,NO,0,N/A,1904
-74.04475493,4.69256402299999,2063,59,1293,AK 15 X CL 109,USAQUEN,C900,DOBLE,SI,1996/04/16 00:00:00+00,NORMAL,CA-TA,DEFINITIVA,"VEHICULAR, PEATONAL",10,20,2,"1,3,4A,12",N/A,"21,23,24A,31,212,312",N/A,NO,0,"Conteo, Brechas, Cola - Siguiente Intersección",1212
-74.04587696,4.69049989400003,2064,65,1293,AK 15 X CL 106,USAQUEN,NO,DOBLE,NO,1996/04/16 00:00:00+00,NORMAL,CA-TA,DEFINITIVA,"VEHICULAR, PEATONAL",10,20,2,"2,3A,4,11",N/A,"22,23A,24,32,211,311",N/A,NO,0,"Conteo, Brechas",1212
-74.04816444,4.68488410100002,2065,83,1294,AK 15 X AC 100,CHAPINERO,C900,SENCILLA,SI,1997/03/09 00:00:00+00,PMT,BT-TF,DEFINITIVA,"VEHICULAR, PEATONAL, CICLISTA",21,21,4,"1,2,3,4,11,12,13,14,112",N/A,"21,22,23,24,211,212,213,214",N/A,"43,44,413,414",0,N/A,1214
-74.05055805,4.67943254199997,2066,104,1295,AK 15 X CL 94,CHAPINERO,C900,SENCILLA,SI,1983/06/26 00:00:00+00,NORMAL,CA-TA,DEFINITIVA,"VEHICULAR, PEATONAL",6,6,2,"2,3,4",N/A,"22,24,33",N/A,NO,0,"Conteo, Brechas, Cola - Siguiente Intersección",1904
-74.05194855,4.67676002500002,2067,115,1296,AK 15 X CL 93,CHAPINERO,NO,DOBLE,NO,1984/06/03 00:00:00+00,NORMAL,CA-TA,DEFINITIVA,"VEHICULAR, PEATONAL",4,12,2,"4A,12",N/A,"24A,212",N/A,NO,0,"Conteo, Brechas",1904
-74.05239066,4.67588117700001,2068,120,1296,AK 15 X AC 92,CHAPINERO,C900,DOBLE,SI,1984/06/03 00:00:00+00,NORMAL,CA-TA,DEFINITIVA,"VEHICULAR, PEATONAL, CICLISTA",8,12,2,"2,3,4",N/A,"22,24,33",N/A,43.44,0,"Conteo, Brechas",1904
-74.0531349,4.67444906899999,2069,130,1297,AK 15 X CL 90,CHAPINERO,C900,SENCILLA,SI,1984/12/26 00:00:00+00,NORMAL,CA-TA,DEFINITIVA,"VEHICULAR, PEATONAL",4,4,2,"2,3",N/A,"22,23",N/A,NO,0,"Conteo, Brechas",1904
-74.05638045,4.67795946699999,2070,161,1298,KR 19B X AC 92,CHAPINERO,C900,SENCILLA,SI,1995/10/29 00:00:00+00,NORMAL,RP-TF,DEFINITIVA,"VEHICULAR, PEATONAL",5,5,3,"3,4,5,91",N/A,21,N/A,NO,0,N/A,1904
-74.04694728,4.68883892999997,2071,74,1299,AK 15 X CL 104,USAQUEN,C900,SENCILLA,SI,2000/07/02 00:00:00+00,NORMAL,CA-TA,DEFINITIVA,"VEHICULAR, PEATONAL",8,8,3,"1,2,3,4",N/A,"21,24,32,33",N/A,NO,0,"Conteo, Brechas, Cola - Siguiente Intersección",1212
-74.05453707,4.67698821300002,2072,147,1301,KR 18 X AC 92,CHAPINERO,C900,SENCILLA,SI,2004/08/13 00:00:00+00,NORMAL,RP-TF,DEFINITIVA,"VEHICULAR, PEATONAL, CICLISTA",7,7,2,"2,3,4",N/A,"22,24,33",N/A,43,0,N/A,1904
-74.0471203,4.71769042199998,2073,79,1302,AK 19 X AC 134,USAQUEN,ACTROS,SENCILLA,SI,1997/03/23 00:00:00+00,NORMAL,CA-TA,DEFINITIVA,"VEHICULAR, PEATONAL",12,12,3,"1,2,3,4,7",N/A,"21,22,23,27,31,32,34",N/A,NO,0,"Conteo, Brechas, Cola - Siguiente Intersección",1201
-74.0483676,4.70798240099998,2074,86,1303,AK 19 X CL 127B,USAQUEN,NO,TRIPLE,NO,1997/04/06 00:00:00+00,NORMAL,CA-TA,DEFINITIVA,"VEHICULAR, CICLISTA",3,24,2,112,N/A,N/A,N/A,"414,112",0,N/A,1211
-74.04878862,4.70545294099998,2075,87,1303,AK 19 X AC 127,USAQUEN,ACTROS,TRIPLE,SI,1997/04/06 00:00:00+00,NORMAL,CA-TA,DEFINITIVA,"VEHICULAR, PEATONAL, CICLISTA",12,24,3,"1,3,4,12",N/A,"21,24,31,33,212,312",N/A,"411, 412",0,"Conteo, Brechas, Cola - Siguiente Intersección",1211
-74.04894603,4.70455833099999,2076,92,1303,AK 19 X CL 125,USAQUEN,NO,TRIPLE,NO,1997/04/06 00:00:00+00,NORMAL,CA-TA,DEFINITIVA,"VEHICULAR, PEATONAL",9,24,4,"2,3A,11",N/A,"22,23A,311,611",N/A,"42, 4111",0,"Conteo, Brechas, Fases por demanda",1211
-74.04993496,4.69863953599997,2077,101,1304,AK 19 X AC 116,USAQUEN,ACTROS,SENCILLA,SI,1998/01/26 00:00:00+00,NORMAL,CA-TA,DEFINITIVA,"VEHICULAR, PEATONAL, CICLISTA",31,31,3,"1,2,3,4,4A,61,63",N/A,"21,22,23,24,31,32,33,34","721,722,723,724,731,732,733,734","41,42,43,44,411,412,413,414",0,"Conteo, Brechas, Cola - Siguiente Intersección",1211
-74.05054144,4.695132398,2078,107,1305,AK 19 X CL 109,USAQUEN,ACTROS,DOBLE,SI,1983/06/22 00:00:00+00,NORMAL,CA-TA,DEFINITIVA,"VEHICULAR, PEATONAL, CICLISTA",12,24,2,"1,3,4A,12",N/A,"21,23,24A,212,31,312",N/A,41.412,0,"Conteo, Brechas, Cola - Siguiente Intersección",1211
-74.05092641,4.69274467700001,2079,110,1305,AK 19 X CL 106,USAQUEN,NO,DOBLE,NO,1983/06/22 00:00:00+00,NORMAL,CA-TA,DEFINITIVA,"VEHICULAR, PEATONAL, CICLISTA",12,24,2,"2,3A,4,11",N/A,"22,23A,24,211,32,311",N/A,42.411,0,"Conteo, Brechas, Cola - Siguiente Intersección",1211
-74.05205594,4.685904833,2080,116,1306,AK 19 X AC 100,CHAPINERO,C900,SENCILLA,SI,1997/02/08 00:00:00+00,PMT,BT-TF,DEFINITIVA,"VEHICULAR, PEATONAL, CICLISTA",18,18,3,"1,2,3,4,3A,4A,5",N/A,"21,21P, 22,23,31,32,32P,34,34A",N/A,"41, 42",0,N/A,1214
-74.05131863,4.69040211499998,2081,112,1307,AK 19 X CL 104,USAQUEN,ACTROS,SENCILLA,SI,2000/06/12 00:00:00+00,NORMAL,CA-TA,DEFINITIVA,"VEHICULAR, PEATONAL, CICLISTA",17,17,3,"1,2,3,4,791,794",N/A,"21,22,23,24,31,32","721, 723, 732",41.42,0,"Conteo, Brechas, Fases por demanda peatonal sonoro",1211
-74.04617126,4.69740149099999,2082,66,1308,KR 17 X AC 116,USAQUEN,C900,DOBLE,SI,2006/11/18 00:00:00+00,NORMAL,CA-TA,DEFINITIVA,"VEHICULAR, PEATONAL, CICLISTA",10,20,3,"1,2A,4,13",N/A,"21,22A,24,313",N/A,44.413,0,"Conteo, Brechas, Fases por demanda, Cola - Siguiente Intersección, Fases por demanda peatonal",1211
-74.04757294,4.69794877499999,2083,72,1308,KR 18 X AC 116,USAQUEN,NO,DOBLE,NO,2006/11/18 00:00:00+00,NORMAL,CA-TA,DEFINITIVA,"VEHICULAR, PEATONAL, CICLISTA",10,20,3,"1A,2,3,14",N/A,"21A,22,33,214",N/A,43.414,0,"Conteo, Brechas, Fases por demanda, Cola - Siguiente Intersección, Fases por demanda peatonal",1211
-74.03461812,4.72078288599999,2084,20,1309,KR 11 X CL 142,USAQUEN,C900,SENCILLA,SI,2006/11/22 00:00:00+00,NORMAL,R-TA,DEFINITIVA,"VEHICULAR, PEATONAL",8,8,4,"1,2,3,4",N/A,"21,22,23,24",N/A,NO,0,"Conteo, Brechas",1203
-74.04555335,4.70115698000001,2085,63,1310,KR 17 X CL 122,USAQUEN,C900,DOBLE,SI,2006/11/24 00:00:00+00,NORMAL,RP-TF,DEFINITIVA,"VEHICULAR, PEATONAL",7,14,3,"1,2A,4,13",N/A,"21,22A,24",N/A,NO,0,N/A,1211
-74.04628495,4.70127090699998,2086,69,1310,KR 17A X CL 122,USAQUEN,NO,DOBLE,NO,2006/11/24 00:00:00+00,NORMAL,RP-TF,DEFINITIVA,"VEHICULAR, PEATONAL",7,14,3,"1A,2,3,14",N/A,"21A,22,23",N/A,NO,0,Cola - Siguiente Intersección,1211
-74.05192722,4.70642712599999,2087,1143,1311,KR 21 X AC 127,USAQUEN,C900,SENCILLA,SI,2009/02/19 00:00:00+00,NORMAL,RP-TA,DEFINITIVA,"VEHICULAR, PEATONAL",8,8,4,"3,4,14,91",N/A,"23,214 (Exc)","723, 7214",NO,0,"Cola - Siguiente Intersección, Fases por demanda peatonal sonoro",1211
-74.04896966,4.69188033099999,2088,1368,1312,KR 17A X CL 106,USAQUEN,C900,SENCILLA,SI,2015/09/14 00:00:00+00,NORMAL,R-TF,DEFINITIVA,"VEHICULAR, PEATONAL",11,11,3,"1,2,3,4,8",N/A,"21,22,23","721, 722, 723",NO,0,Activación de sonoro,1211
-74.05155176,4.698889092,2089,103,1313,KR 20 X AC 116,USAQUEN,ACTROS,SENCILLA,SI,2018/02/14 00:00:00+00,NORMAL,CA-TA,DEFINITIVA,"VEHICULAR, PEATONAL, CICLISTA",13,13,4,"3,4,4A,7,91",N/A,"23,24,291","723, 724, 7291",43.44,0,"Conteo, Brechas, Fases por demanda, Activación de sonoro",1211
-74.04988057,4.675561937,2090,100,1270,KR 13 X CL 93,CHAPINERO,NO,DOBLE,NO,1998/04/29 00:00:00+00,NORMAL,RP-TF,DEFINITIVA,"VEHICULAR, PEATONAL",7,12,3,"2,4,6,91",N/A,"22,24,291",N/A,NO,0,Cola - Siguiente Intersección,1904
-74.04698351,4.67559948899998,2091,77,1272,AK 11 X CL 93A,CHAPINERO,ACTROS,SENCILLA,SI,1998/04/20 00:00:00+00,PMT,CA-TA,DEFINITIVA,"VEHICULAR, PEATONAL",8,8,3,"1,1A,2,3",N/A,"21,21A,23,33",N/A,NO,0,"Conteo, Brechas",1904
-74.04334896,4.68262535299999,2092,52,1273,AK 11 X AC 100,CHAPINERO,C900,SENCILLA,SI,1998/03/05 00:00:00+00,PMT,BT-TF,DEFINITIVA,"VEHICULAR, PEATONAL, CICLISTA",20,20,5,"1,3,4,5,8,91,93,94",N/A,"21,23,24,28,31,32,33,34,291, 294",N/A,"41,42",0,N/A,1214
-74.04618079,4.67714532700001,2093,67,1274,AK 11 X CL 94,CHAPINERO,ACTROS,SENCILLA,SI,1984/11/21 00:00:00+00,NORMAL,CA-TF,DEFINITIVA,"VEHICULAR, PEATONAL",10,10,3,"1,1A,2,3,4",N/A,"21,23,24,33,34",N/A,NO,0,"Conteo, Brechas, Cola - Siguiente Intersección",1904
-74.04802447,4.67359179900001,2094,82,1275,AK 11 X AC 92,CHAPINERO,ACTROS,SENCILLA,SI,1994/11/22 00:00:00+00,NORMAL,CA-TA,DEFINITIVA,"VEHICULAR, PEATONAL",10,10,3,"1,1A,2,3,4",N/A,"21,23,24,33,34",N/A,NO,0,"Conteo, Brechas, Fases por demanda peatonal",1904
-74.04874869,4.67217871899999,2095,88,1276,AK 11 X CL 90,CHAPINERO,ACTROS,SENCILLA,SI,1993/07/09 00:00:00+00,NORMAL,CA-TA,DEFINITIVA,"VEHICULAR, PEATONAL",7,7,3,"1,1A,2,3",N/A,"21,23,33",N/A,NO,0,"Conteo, Brechas, Fases por demanda peatonal",1904
-74.03707851,4.69494341900003,2096,26,1277,AK 11 X AC 116,USAQUEN,C900,SENCILLA,SI,1990/10/26 00:00:00+00,PMT,RP-TF,DEFINITIVA,"VEHICULAR, PEATONAL, CICLISTA",31,31,3,"1,2,3,4,4A,92,94",N/A,"21,22,23,24,31,32,33,34","721, 722, 723, 724, 731, 732, 733, 734","41,42,43,44,411, 412, 413, 414",0,"Conteo, Brechas",1212
-74.05225988,4.65942596299999,2098,118,1007,AK 7 X CL 77,CHAPINERO,C900,SENCILLA,SI,1997/12/12 00:00:00+00,NORMAL,R-TA,DEFINITIVA,"VEHICULAR, PEATONAL, CICLISTA",9,9,3,"1,2,2A,3,5",N/A,"22,23,31",N/A,41,0,"Conteo, Brechas, Fases por demanda",1908
-74.05290654,4.65877346399998,2099,126,1008,AK 7 X CL 76,CHAPINERO,C900,DOBLE,SI,1997/12/27 00:00:00+00,NORMAL,R-TA,DEFINITIVA,"VEHICULAR, PEATONAL, CICLISTA",9,16,2,"1,12,12A,6",N/A,"21,312,36",N/A,"41,412",0,"Conteo, Brechas",1908
-74.05338584,4.658027774,2100,135,1008,AK 7 X CL 75,CHAPINERO,NO,DOBLE,NO,1997/12/27 00:00:00+00,NORMAL,R-TA,DEFINITIVA,"VEHICULAR, PEATONAL, CICLISTA",7,16,2,"2,2A,11,94",N/A,"22,211",N/A,42,0,"Conteo, Brechas",1908
-74.05542092,4.65486459300001,2101,152,1009,AK 7 X AC 72,CHAPINERO,C900,SENCILLA,SI,1997/03/27 00:00:00+00,NORMAL,CA-TA,DEFINITIVA,"VEHICULAR, PEATONAL",16,16,3,"1,2,2A,3,4,7,93",N/A,"21,22,23,24,31,32,33,34,293",N/A,NO,0,"Conteo, Brechas, Fases por demanda, Cola - Siguiente Intersección",1909
-74.05655619,4.65276107900002,2102,162,1010,AK 7 X CL 70,CHAPINERO,C900,SENCILLA,SI,1996/11/22 00:00:00+00,NORMAL,CA-TA,DEFINITIVA,"VEHICULAR, PEATONAL",9,9,3,"1,2,2A,3,4",N/A,"22,23,24,31",N/A,NO,0,"Conteo, Brechas, Fases por demanda, Fases por demanda peatonal",1909
-74.05821839,4.65069136599999,2103,173,1011,AK 7 X CL 67,CHAPINERO,C900,SENCILLA,SI,1997/03/22 00:00:00+00,NORMAL,CA-TA,DEFINITIVA,"VEHICULAR, PEATONAL, CICLISTA",14,14,2,"1,2,2A,4,61,64",N/A,"21,22,24,31,32,34",N/A,41.42,0,"Conteo, Brechas, Fases por demanda",1909
-74.02439852,4.75385691499997,2104,5,1012,AK 7 X CL 175,USAQUEN,C900,SENCILLA,SI,2004/10/20 00:00:00+00,NORMAL,BT-TF,DEFINITIVA,"VEHICULAR, PEATONAL",6,6,3,"1,2,94",N/A,"21,22,294",N/A,NO,0,N/A,1208
-74.03757174,4.76455015300002,2105,1345,1013,KR 16 X CL 187,USAQUEN,C900,SENCILLA,SI,2014/07/19 00:00:00+00,NORMAL,BT-TA,DEFINITIVA,"VEHICULAR, PEATONAL",6,6,4,"1,2,3",N/A,"21,22,23",N/A,NO,0,Brechas,1208
-74.05717262,4.647898946,2106,171,1014,KR 4A X CL 65,CHAPINERO,ACTROS,SENCILLA,SI,2006/02/28 00:00:00+00,NORMAL,BT-TA,DEFINITIVA,"VEHICULAR, PEATONAL",4,4,2,"1,3",N/A,"21,23",N/A,NO,0,Brechas,2803
-74.03741913,4.760223188,2107,1233,1015,KR 16 X AC 183,USAQUEN,C900,SENCILLA,SI,2011/11/12 00:00:00+00,NORMAL,BT-TA,DEFINITIVA,"VEHICULAR, PEATONAL",9,9,3,"3,4,13,91,92",N/A,"23,24,291,292","723, 724, 7291, 7292",NO,0,Activación de sonoro,1208
-74.03213635,4.73121460900001,2108,1148,1016,AK 9 X AC 153,USAQUEN,ACTROS,SENCILLA,SI,2009/04/29 00:00:00+00,NORMAL,CA-TA,DEFINITIVA,"VEHICULAR, PEATONAL, CICLISTA",16,16,2,"1,2,3,4,11,12",N/A,"23,24,33,34","723, 724, 733, 734","42, 412",0,"Activación de sonoro, fases por demanda vehicular",1219
-74.02234976,4.74108697999998,2109,1,1017,AK 7 X CL 165,USAQUEN,C900,SENCILLA,SI,1995/02/25 00:00:00+00,NORMAL,BT-TF,DEFINITIVA,"VEHICULAR, PEATONAL",7,7,3,"1,2,3,6",N/A,"21,23,32",N/A,NO,0,N/A,1210
-74.02341141,4.73691020500002,2110,3,1018,AK 7 X CL 162,USAQUEN,C900,SENCILLA,SI,1994/04/11 00:00:00+00,NORMAL,BT-TF,DEFINITIVA,"VEHICULAR, PEATONAL",7,7,3,"1,2,3,6",N/A,"22,23,31 (Reg)",N/A,NO,0,N/A,1210
-74.02392482,4.73155383599999,2111,4,1019,AK 7 X CL 156,USAQUEN,C900,SENCILLA,SI,1993/12/07 00:00:00+00,NORMAL,BT-TF,DEFINITIVA,"VEHICULAR, PEATONAL",7,7,3,"1,2,6,93",N/A,"21,22,293",N/A,NO,0,N/A,1210
-74.04671639,4.720461629,2112,71,1020,AK 19 X CL 136,USAQUEN,ACTROS,SENCILLA,SI,1994/12/16 00:00:00+00,NORMAL,CA-TA,DEFINITIVA,"VEHICULAR, PEATONAL, CICLISTA",15,15,3,"1,2,4",N/A,"21,22,24,31,32,34","721, 724, 732, 734",41.42,0,"Conteo, Brechas, Cola, Cola - Siguiente Intersección, Activación de sonoro",1201
-74.04911523,4.666530658,2241,93,1278,KR 9 X AC 85,CHAPINERO,C900,SENCILLA,SI,1998/06/08 00:00:00+00,PMT,R-TF,DEFINITIVA,"VEHICULAR, PEATONAL",6,6,4,"1,2,3,4",N/A,"22,23",N/A,NO,0,"Conteo, Brechas",1901
-74.055654,4.66173625599998,2242,153,1279,AK 11 X CL 77,CHAPINERO,NO,DOBLE,NO,1983/05/06 00:00:00+00,NORMAL,CA-TA,DEFINITIVA,"VEHICULAR, PEATONAL",5,13,3,"1,3",N/A,"21,23,33",N/A,NO,0,"Conteo, Brechas",1910
-74.05618684,4.66096842299999,2243,156,1279,AK 11 X CL 76,CHAPINERO,ACTROS,DOBLE,SI,1983/05/06 00:00:00+00,NORMAL,CA-TA,DEFINITIVA,"VEHICULAR, PEATONAL",8,13,3,"4,11",N/A,"24,34,211","724, 734, 7211",NO,0,"Conteo, Brechas, Cola - Siguiente Intersección, Activación de sonoro",1910
-74.04295129,4.70071200899997,2244,46,1280,AK 15 X CL 122,USAQUEN,C900,SENCILLA,SI,1990/05/12 00:00:00+00,NORMAL,CA-TA,DEFINITIVA,"VEHICULAR, PEATONAL",7,7,3,"1,2,3,6",N/A,"22,23,31",N/A,NO,0,"Conteo, Brechas",1212
-74.0430495,4.69881693399998,2245,48,1281,AK 15 X CL 119,USAQUEN,C900,SENCILLA,SI,1990/05/12 00:00:00+00,NORMAL,CA-TA,DEFINITIVA,"VEHICULAR, PEATONAL",5,5,2,"1,2,4",N/A,"21,32",N/A,NO,0,"Conteo, Brechas",1212
-74.0398578,4.698659685,2246,31,1282,KR 13 X CL 119,USAQUEN,C900,SENCILLA,SI,1990/04/05 00:00:00+00,NORMAL,RP-TF,DEFINITIVA,"VEHICULAR, PEATONAL",8,8,3,"1,2,3,4",N/A,"21,22,23,24 (Reg)",N/A,NO,0,N/A,1212
-74.03569179,4.69780094200001,2247,25,1283,AK 11 X CL 119,USAQUEN,C900,SENCILLA,SI,1998/09/05 00:00:00+00,PMT,RP-TF,DEFINITIVA,"VEHICULAR, PEATONAL",7,7,3,"1,2,3,4",N/A,"21,23,32",N/A,NO,0,N/A,1212
-74.0409232,4.70397833999999,2248,35,1289,KR 14 X AC 127,USAQUEN,C900,SENCILLA,SI,2000/06/02 00:00:00+00,NORMAL,RP-TA,DEFINITIVA,"VEHICULAR, PEATONAL",12,12,2,"1,3,4,11",N/A,"21,23,24,211","721, 723, 724, 7211",NO,0,Activación de sonoro,1212
-74.04277706,4.704093957,2249,43,1290,AK 15 X AC 127,USAQUEN,C900,SENCILLA,SI,1997/12/04 00:00:00+00,NORMAL,CA-TA,DEFINITIVA,"VEHICULAR, PEATONAL",15,15,4,"1,2,3,4,6,92,93",N/A,"21,22,23,24,31,32,33,34",N/A,NO,0,"Conteo, Brechas, Cola - Siguiente Intersección",1212
-74.04287264,4.70225880800001,2250,45,1291,AK 15 X CL 124,USAQUEN,C900,SENCILLA,SI,1993/03/25 00:00:00+00,NORMAL,CA-TA,DEFINITIVA,EXCLUSIVA PEATONAL,4,4,2,"1,2",N/A,"21,22 (Exc)",N/A,NO,0,N/A,1212
-74.04317689,4.69635239899998,2251,50,1292,AK 15 X AC 116,USAQUEN,C900,SENCILLA,SI,1997/04/08 00:00:00+00,NORMAL,CA-TA,DEFINITIVA,"VEHICULAR, PEATONAL, CICLISTA",29,29,3,"1,2,3,4,4A",N/A,"21,22,23,24,31,32,33,34","721, 722,723,724,731,732,733,734","41,42,43,44,411,412,413,414",0,"Conteo, Brechas, Cola, Cola - Siguiente Intersección",1212
-74.05168592,4.66389378399998,2252,114,1196,KR 9 X CL 81,CHAPINERO,C900,SENCILLA,SI,1994/11/11 00:00:00+00,NORMAL,RP-TF,DEFINITIVA,"VEHICULAR, PEATONAL",6,6,3,"2,4",N/A,"22,24,32,34",N/A,NO,0,N/A,1908
-74.05774736,4.66532609000001,2253,168,1197,AK 15 X CL 79,CHAPINERO,C900,SENCILLA,SI,2000/04/26 00:00:00+00,NORMAL,CA-TA,DEFINITIVA,"VEHICULAR, PEATONAL",6,6,2,"2,4",N/A,"22,24","722,724",NO,0,"Conteo, Brechas, Activación de sonoro",1912
-74.05055308,4.66508303099999,2254,106,1199,KR 9 X AC 82,CHAPINERO,C900,SENCILLA,SI,1997/01/27 00:00:00+00,NORMAL,RP-TF,DEFINITIVA,"VEHICULAR, PEATONAL",10,10,3,"2,3,4,14",N/A,"22,23,24,32,33,314",N/A,NO,0,Cola - Siguiente Intersección,1908
-74.06522201,4.68903713499998,2255,273,1202,TV 60 X AC 100,SUBA,ACTROS,DOBLE,SI,1997/04/12 00:00:00+00,PMT,BT-TF,DEFINITIVA,"VEHICULAR, PEATONAL",20,26,4,"1A, 3,4, 12A, 91,92,93,94","1B,12B","21,24,31,212,34,291,292,293,312",N/A,NO,0,N/A,1133
-74.06449054,4.68715121600002,2256,1437,1202,TV 60 X CL 90,SUBA,NO,DOBLE,NO,2022/11/26 00:00:00+00,PMT,BT-TF,PROVISIONAL_PMT,"VEHICULAR, PEATONAL",6,26,2,"2A, 11A","2B, 11B","22, 211",N/A,NO,0,N/A,1133
-74.06486026,4.66658092699998,2257,264,1210,AK 24 X CL 76,BARRIOS UNIDOS,C900,DOBLE,SI,1990/04/02 00:00:00+00,NORMAL,RP-TF,DEFINITIVA,"VEHICULAR, PEATONAL, CICLISTA",8,15,3,"1A,2,14",N/A,"21A,214,314",N/A,"43, 414",0,N/A,1914
-74.06424,4.66607900000002,2258,1824,1210,KR 23 X CL 76,BARRIOS UNIDOS,NO,DOBLE,NO,2024/05/14 00:00:00+00,PMT,RP-TF,PROVISIONAL_PMT,"VEHICULAR, PEATONAL, CICLISTA",7,15,3,"1,4",N/A,"21,24,31",N/A,"44,413",0,N/A,1914
-74.06597559,4.654141627,2259,283,1211,KR 16 X CL 66,BARRIOS UNIDOS,NO,DOBLE,NO,1990/02/28 00:00:00+00,PMT,RP-TF,DEFINITIVA,"VEHICULAR, PEATONAL, CICLISTA",6,18,4,"3,12",N/A,"23,212",N/A,"43,412",0,N/A,1906
-74.06627224,4.652572432,2260,289,1211,KR 16 X CL 64,BARRIOS UNIDOS,C900,DOBLE,SI,1990/02/28 00:00:00+00,PMT,RP-TF,DEFINITIVA,"VEHICULAR, PEATONAL, CICLISTA",10,18,3,"2,3A,4",N/A,"22,23A,24,32,34","722,724","41,44",0,Activación de sonoro,1906
-74.06769042,4.65505342799997,2261,320,1215,KR 19 X CL 66,BARRIOS UNIDOS,C900,DOBLE,SI,1990/02/28 00:00:00+00,NORMAL,RP-TF,DEFINITIVA,"VEHICULAR, PEATONAL, CICLISTA",7,14,3,"1,13",N/A,"21,31,213,313",N/A,413,0,N/A,1906
-74.06844562,4.65560053899998,2262,331,1215,KR 20 X CL 66,BARRIOS UNIDOS,NO,DOBLE,NO,1990/02/28 00:00:00+00,NORMAL,RP-TF,DEFINITIVA,"VEHICULAR, PEATONAL, CICLISTA",7,14,3,"2,3",N/A,"22,23,32,33",N/A,43,0,N/A,1906
-74.06651494,4.656890385,2263,294,1219,KR 19 X AC 68,BARRIOS UNIDOS,ACTROS,DOBLE,SI,1990/07/01 00:00:00+00,NORMAL,RP-TF,DEFINITIVA,"VEHICULAR, PEATONAL",8,15,3,"1,4,8",N/A,"21,24,31,34",N/A,44,0,N/A,1906
-74.06729197,4.65738652300001,2264,312,1219,KR 20 X AC 68,BARRIOS UNIDOS,NO,DOBLE,NO,1990/07/01 00:00:00+00,NORMAL,RP-TF,DEFINITIVA,"VEHICULAR, PEATONAL",7,15,3,"2,14",N/A,"22,214,32,314",N/A,414,0,N/A,1906
-74.06843248,4.65811950900002,2265,333,1220,KR 22 X AC 68,BARRIOS UNIDOS,ACTROS,SENCILLA,SI,2006/11/02 00:00:00+00,NORMAL,RP-TF,DEFINITIVA,"VEHICULAR, PEATONAL, CICLISTA",8,8,3,"1,4,8",N/A,"21,24,31,34",N/A,44,0,N/A,1906
-74.09740888,4.700137256,2266,648,1221,KR 81 X AC 80,ENGATIVA,C900,SENCILLA,SI,1990/04/16 00:00:00+00,NORMAL,CA-TA,DEFINITIVA,"VEHICULAR, PEATONAL",10,10,2,"2,3A,4A","3B,4B","22,24A,24B,33A,33B",N/A,NO,0,"Conteo, Brechas, Cola - Siguiente Intersección",1135
-74.04002766,4.69566668599998,2267,34,1225,KR 13 X AC 116,USAQUEN,C900,SENCILLA,SI,1997/04/08 00:00:00+00,NORMAL,CA-TA,DEFINITIVA,"VEHICULAR, PEATONAL, CICLISTA",17,17,4,"1,3,4,4A,7",N/A,"21,23,24,33,34","721, 723, 724, 733, 734 ","43, 44",0,"Conteo, Brechas, Fases por demanda, Cola - Siguiente Intersección",1212
-74.03757487,4.73958014999999,2268,1610,1226,AK 15 X AC 161,USAQUEN,C900,SENCILLA,SI,2021/01/28 00:00:00+00,NORMAL,RP-TA,DEFINITIVA,"VEHICULAR, PEATONAL, CICLISTA",14,14,3,"2,3,4,13",N/A,"22,23,34,313","722, 723, 734, 7313","43, 44",0,"Brechas, Fases por demanda, Fases por demanda peatonal sonoro",1201
-74.02916373,4.71164906199999,2269,11,1229,AK 7 X AC 134,USAQUEN,C900,SENCILLA,SI,1990/01/12 00:00:00+00,NORMAL,CA-TA,DEFINITIVA,"VEHICULAR, PEATONAL",8,8,3,"1,2,6,7,93",N/A,"21,22,37",N/A,NO,0,"Brechas, Fases por demanda",1218
-74.03037985,4.69805581899999,2270,12,1230,AK 7 X CL 121,USAQUEN,ACTROS,SENCILLA,SI,1990/05/13 00:00:00+00,NORMAL,CA-TF,DEFINITIVA,"VEHICULAR, PEATONAL",6,6,2,"1,2,5,94",N/A,"21,22",N/A,NO,0,"Conteo, Brechas, Cola - Siguiente Intersección",1204
-74.07420261,4.67837634300002,2271,466,1352,KR 58 X AC 80,BARRIOS UNIDOS,C900,SENCILLA,SI,1990/05/20 00:00:00+00,NORMAL,BT-TA,DEFINITIVA,"VEHICULAR, PEATONAL",17,17,4,"1,2,3A,4A,94","3B,4B","21,22,23A,23B,24A,24B,33A,33B,34A,34B",N/A,NO,0,"Brechas, Fases por demanda",1129
-74.0825862,4.68833910000001,2272,550,1353,KR 69H X AC 80,ENGATIVA,C900,SENCILLA,SI,1984/01/16 00:00:00+00,NORMAL,CA-TA,DEFINITIVA,"VEHICULAR, PEATONAL",13,13,3,"2,3A,4A,91,94A","3B,4B","24A,24B,32,33A,33B,291",N/A,NO,0,"Conteo, Brechas, Fases por demanda",1106
-74.07044232,4.67583881100001,2273,351,1354,KR 54 X AC 80,BARRIOS UNIDOS,C900,SENCILLA,SI,2007/12/20 00:00:00+00,NORMAL,BT-TA,DEFINITIVA,EXCLUSIVA VEHICULAR,4,4,3,"2,93","3,4",N/A,N/A,NO,0,"Brechas, Fases por demanda",1129
-74.08391909,4.66845599700002,2274,1309,1355,AK 60 X CL 66C,BARRIOS UNIDOS,ACTROS,DOBLE,SI,2013/08/04 00:00:00+00,NORMAL,R-TF,DEFINITIVA,"VEHICULAR, PEATONAL",8,19,3,"2,3,11,13,911",N/A,"22,23,311",N/A,NO,0,Conteo,1306
-74.0827958,4.67004628500001,2275,1310,1355,AK 60 X CL 67B,BARRIOS UNIDOS,NO,DOBLE,NO,2013/08/04 00:00:00+00,NORMAL,R-TF,DEFINITIVA,"VEHICULAR, PEATONAL, CICLISTA",11,19,3,"1,4,8,12",N/A,"21,34,212",N/A,"43,44,413,414",0,Conteo,1306
-74.07010447,4.665266401,2276,367,1356,KR 28 X AC 72,BARRIOS UNIDOS,C900,DOBLE,SI,2005/06/12 00:00:00+00,NORMAL,CA-TA,DEFINITIVA,"VEHICULAR, PEATONAL, CICLISTA",13,22,3,"2,4,4A,13,13A",N/A,"22,24,32,34,213,313",N/A,"41,42",0,"Conteo, Brechas",1914
-74.07054548,4.66558946499998,2277,380,1356,KR 28A X AC 72,BARRIOS UNIDOS,NO,DOBLE,NO,2005/06/12 00:00:00+00,NORMAL,CA-TA,DEFINITIVA,"VEHICULAR, PEATONAL",9,22,3,"1,3,3A,14,14A",N/A,"21,31,33,214",N/A,NO,0,"Conteo, Brechas",1914
-74.09155679,4.68394629099998,2278,610,1357,AK 70 X AC 72,ENGATIVA,ACTROS,SENCILLA,SI,1993/06/13 00:00:00+00,NORMAL,BT-TF,DEFINITIVA,"VEHICULAR, PEATONAL",8,8,3,"1,2,3,4,6",N/A,"22,24,31",N/A,NO,0,"Conteo, Brechas, Fases por demanda",1304
-74.090498,4.68281940899999,2279,602,1358,KR 69J Y KR 69K X AC 72,ENGATIVA,ACTROS,SENCILLA,SI,1983/07/04 00:00:00+00,NORMAL,BT-TA,DEFINITIVA,"VEHICULAR, PEATONAL",9,9,3,"1,3,4,8",N/A,"21,23,32,34,38",N/A,NO,0,"Conteo, Brechas, Fases por demanda",1304
-74.08839109,4.680517506,2280,589,1359,KR 68H X AC 72,ENGATIVA,ACTROS,SENCILLA,SI,1983/07/22 00:00:00+00,NORMAL,BT-TA,DEFINITIVA,"VEHICULAR, PEATONAL",5,5,2,"2,3,4",N/A,"22,24",N/A,NO,0,"Conteo, Brechas, Fases por demanda, Fases por demanda peatonal",1304
-74.08382782,4.674477948,2281,559,1360,KR 65 X AC 68,BARRIOS UNIDOS,ACTROS,SENCILLA,SI,1983/07/12 00:00:00+00,NORMAL,CA-TA,DEFINITIVA,"VEHICULAR, PEATONAL",10,10,3,"2,3,4,7,92",N/A,"22,24,32,33,292",N/A,NO,0,"Conteo, Brechas",1306
-74.08167694,4.671299003,2282,547,1361,AK 60 X AC 68,BARRIOS UNIDOS,ACTROS,SENCILLA,SI,1983/04/07 00:00:00+00,NORMAL,R-TA,DEFINITIVA,"VEHICULAR, PEATONAL",7,7,3,"2,3,4,8",N/A,"22,24,38",N/A,NO,0,"Conteo, Brechas",1306
-74.08080444,4.67002600199999,2283,541,1362,KR 58 X AC 68,BARRIOS UNIDOS,ACTROS,SENCILLA,SI,1983/07/10 00:00:00+00,NORMAL,R-TA,DEFINITIVA,"VEHICULAR, PEATONAL",7,7,3,"1,3,4",N/A,"21,23,31,34",N/A,NO,0,"Conteo, Brechas, Fases por demanda peatonal",1306
-74.07849899,4.66667704499997,2284,523,1363,KR 54 X AC 68,BARRIOS UNIDOS,ACTROS,SENCILLA,SI,1986/12/12 00:00:00+00,NORMAL,R-TF,DEFINITIVA,"VEHICULAR, PEATONAL",7,7,2,"1,3,4",N/A,"21,23,31,34",N/A,NO,0,N/A,1306
-74.07911711,4.67215911699998,2285,533,1364,KR 58 X AC 72,BARRIOS UNIDOS,C900,SENCILLA,SI,1990/02/28 00:00:00+00,NORMAL,BT-TF,DEFINITIVA,"VEHICULAR, PEATONAL",6,6,2,"1,3,4",N/A,"21,23,31",N/A,NO,0,N/A,1314
-74.07285947,4.66135784400001,2286,434,1365,KR 28 X AC 68,BARRIOS UNIDOS,ACTROS,DOBLE,SI,1983/08/08 00:00:00+00,NORMAL,RP-TF,DEFINITIVA,"VEHICULAR, PEATONAL",5,12,2,"2,4",N/A,"22,24,32",N/A,NO,0,N/A,1906
-74.07334737,4.66171606799998,2287,446,1365,KR 28A X AC 68,BARRIOS UNIDOS,NO,DOBLE,NO,1983/08/08 00:00:00+00,NORMAL,RP-TF,DEFINITIVA,"VEHICULAR, PEATONAL",7,12,3,"1,14,18",N/A,"21,31,214,314",N/A,NO,0,N/A,1906
-74.07984502,4.67272674700001,2288,534,1366,KR 60 X AC 72,BARRIOS UNIDOS,C900,SENCILLA,SI,1990/07/26 00:00:00+00,NORMAL,BT-TA,DEFINITIVA,"VEHICULAR, PEATONAL",8,8,3,"2,3,4",N/A,"22,24,32",723,NO,0,"Brechas, Fases por demanda, Activación de sonoro",1314
-74.07402297,4.65962682100002,2289,460,1367,KR 28 X CL 66,BARRIOS UNIDOS,C900,DOBLE,SI,1983/02/13 00:00:00+00,NORMAL,RP-TF,DEFINITIVA,"VEHICULAR, PEATONAL, CICLISTA",7,14,3,"1,3",N/A,"21,23,31,33",N/A,NO,0,N/A,1906
-74.0745615,4.65999984699999,2290,477,1367,KR 28A X CL 66,BARRIOS UNIDOS,NO,DOBLE,NO,1983/02/13 00:00:00+00,NORMAL,RP-TF,DEFINITIVA,"VEHICULAR, PEATONAL, CICLISTA",7,14,3,"2,13",N/A,"22,32,213,313",N/A,NO,0,N/A,1906
-74.07553868,4.66939169699998,2291,493,1368,KR 53 X AC 72,BARRIOS UNIDOS,C900,SENCILLA,SI,1998/04/16 00:00:00+00,NORMAL,BT-TA,DEFINITIVA,"VEHICULAR, PEATONAL",14,14,2,"1,2,3,4",N/A,"21,22,23,24","721, 722, 723, 724",NO,0,Fases por demanda peatonal sonoro,1314
-74.07286977,4.65883777900001,2292,435,1369,KR 27A X CL 66,BARRIOS UNIDOS,C900,SENCILLA,SI,2006/11/02 00:00:00+00,NORMAL,RP-TF,DEFINITIVA,"VEHICULAR, PEATONAL",7,7,3,"2,3",N/A,"22,23,32,33",N/A,43,0,N/A,1906
-74.07098497,4.66591460400002,2293,391,1370,KR 28B X AC 72,BARRIOS UNIDOS,C900,SENCILLA,SI,2006/11/01 00:00:00+00,NORMAL,CA-TA,DEFINITIVA,"VEHICULAR, PEATONAL",14,14,3,"2,3,3A,4,4A",N/A,"22,23,24,32,33,34","722, 724, 733",NO,0,"Conteo, Brechas, Fases por demanda peatonal",1914
-74.08253022,4.67476229099998,2294,551,1371,KR 64 X AC 72,BARRIOS UNIDOS,C900,DOBLE,SI,1998/08/13 00:00:00+00,NORMAL,BT-TA,DEFINITIVA,"VEHICULAR, PEATONAL",5,12,2,"1,4,13",N/A,"21,213",N/A,NO,0,Brechas,1314
-74.08321612,4.67528111000001,2295,556,1371,KR 65 X AC 72,BARRIOS UNIDOS,NO,DOBLE,NO,1998/08/13 00:00:00+00,NORMAL,BT-TA,DEFINITIVA,"VEHICULAR, PEATONAL",7,12,3,"2,3,14,92",N/A,"22,33,214",N/A,NO,0,Brechas,1314
-74.09894992,4.69032587599997,2296,663,1372,KR 76 X AC 72,ENGATIVA,NO,DOBLE,NO,1990/05/04 00:00:00+00,NORMAL,BT-TF,DEFINITIVA,"VEHICULAR, PEATONAL",9,16,3,"1,4,7,13",N/A,"21,24,34,213,313 (Reg)",N/A,NO,0,N/A,1308
-74.09987915,4.69107371400003,2297,670,1372,KR 77A X AC 72,ENGATIVA,ACTROS,DOBLE,SI,1990/05/04 00:00:00+00,NORMAL,BT-TF,DEFINITIVA,"VEHICULAR, PEATONAL",7,16,3,"2,3,8,14",N/A,"22,33,214",N/A,NO,0,N/A,1308
-74.09745321,4.69226665299999,2298,1302,1373,KR 76 X CL 74,ENGATIVA,C900,SENCILLA,SI,2013/03/23 00:00:00+00,NORMAL,BT-TA,DEFINITIVA,"VEHICULAR, PEATONAL, CICLISTA",14,14,4,"1,2,3,8,94",N/A,"21,22,23,28","722, 723, 728",41.42,0,"Brechas, Fases por demanda, Fases por demanda peatonal sonoro",1308
-74.09005945,4.69825085999997,2299,1447,1374,KR 73A X CL 81B,ENGATIVA,C900,SENCILLA,SI,2016/03/02 00:00:00+00,NORMAL,BT-TA,DEFINITIVA,EXCLUSIVA PEATONAL,3,3,2,2,N/A,22 (Exc),722,NO,0,Fases por demanda peatonal sonoro,1112
-74.07772543,4.66555573099998,2300,1496,1375,KR 52 X AC 68,BARRIOS UNIDOS,ACTROS,SENCILLA,SI,2017/05/30 00:00:00+00,NORMAL,R-TA,DEFINITIVA,"VEHICULAR, PEATONAL",11,11,2,"3,4,92",N/A,"23,24,292,394","723, 724, 7292, 7394",NO,0,"Conteo, Activación de sonoro",1306
-74.0684168,4.65392012900003,2301,328,1315,KR 19 X CL 64,BARRIOS UNIDOS,NO,DOBLE,NO,1990/04/11 00:00:00+00,NORMAL,RP-TA,DEFINITIVA,"VEHICULAR, PEATONAL, CICLISTA",7,16,3,"1,4",N/A,"21,24,31",N/A,41.44,0,N/A,1906
-74.06914664,4.65447509500001,2302,347,1315,KR 20 X CL 64,BARRIOS UNIDOS,C900,DOBLE,SI,1990/04/11 00:00:00+00,NORMAL,RP-TA,DEFINITIVA,"VEHICULAR, PEATONAL",9,16,3,"2,14",N/A,"22,32,214,314","722, 7214, 7314",NO,0,Activación de sonoro,1906
-74.05080025,4.69350913199997,2303,1577,1316,KR 19 X CL 106A,USAQUEN,ACTROS,SENCILLA,SI,2020/09/25 00:00:00+00,NORMAL,CA-TA,DEFINITIVA,"VEHICULAR, PEATONAL, CICLISTA",16,16,3,"1,2,3,4",N/A,"21,22,23,24,31,32","721, 723, 724, 732",41.42,0,"Conteo, Brechas, Fases por demanda, Cola - Siguiente Intersección, Activación de sonoro",1211
-74.10799818,4.71734604800002,2304,1581,1318,KR 102 X DG 86A,ENGATIVA,C900,SENCILLA,SI,2020/06/10 00:00:00+00,NORMAL,BT-TA,DEFINITIVA,"VEHICULAR, PEATONAL, CICLISTA",18,18,4,"1,2,3,4,92",N/A,"21,22,23,24,31,33,34","721, 723, 724, 733, 734",493,0,"Brechas, Fases por demanda, Fases por demanda peatonal sonoro",1114
-74.06192396,4.68087695100002,2305,1608,1320,KR 49 X CL 93,BARRIOS UNIDOS,ACTROS,SENCILLA,SI,2020/07/27 00:00:00+00,NORMAL,RP-TA,DEFINITIVA,"VEHICULAR, PEATONAL",12,12,4,"1,2,3,4",N/A,"21,22,23,24","721, 722, 723, 724",NO,0,"Fases por demanda, Activación de sonoro",1105
-74.06272756,4.69012329399999,2306,1585,1321,KR 53 X CL 102A,SUBA,ACTROS,DOBLE,SI,2020/06/12 00:00:00+00,NORMAL,BT-TA,DEFINITIVA,"VEHICULAR, PEATONAL",15,22,3,"1,2,14,91",N/A,"21,22,214,314,31,32","721, 722, 7214, 731, 732",NO,0,Activación de sonoro,1133
-74.06146736,4.689900008,2307,1737,1321,KR 50 X CL 102A,SUBA,NO,DOBLE,NO,2021/10/04 00:00:00+00,NORMAL,BT-TA,PROVISIONAL_PMT,"VEHICULAR, PEATONAL, CICLISTA",7,22,3,"2A,4",N/A,"22A,24,32A",N/A,"41,42A",0,N/A,1133
-74.05664096,4.72525704100002,2308,1592,1323,KR 53 X AC 138,SUBA,C900,SENCILLA,SI,2020/05/27 00:00:00+00,PMT,BT-TA,DEFINITIVA,"VEHICULAR, PEATONAL",12,12,3,"2,3,4,92",N/A,"22,23,24,32,33","722, 724, 733",NO,0,"Brechas, Fases por demanda peatonal sonoro",1126
-74.12123782,4.70892777799997,2309,1594,1324,TV 106 X CL 73,ENGATIVA,C900,SENCILLA,SI,2020/07/22 00:00:00+00,NORMAL,BT-TA,DEFINITIVA,"VEHICULAR, PEATONAL",18,18,5,"1,2,3,4,5,6",N/A,"21,22,23,24,31,32","721, 722, 723, 724, 731, 732",NO,0,Activación de sonoro,1313
-74.05083293,4.75804359599999,2310,1596,1325,KR 52 A X CL 176,SUBA,C900,SENCILLA,SI,2020/07/28 00:00:00+00,NORMAL,BT-TA,DEFINITIVA,"VEHICULAR, PEATONAL",12,12,2,"1,2,3,4",N/A,"21,22,23,24","721, 722, 723, 724",NO,0,Fases por demanda peatonal sonoro,1122
-74.05153017,4.75608559900002,2311,1601,1326,KR 52A X CL 174A,SUBA,C900,SENCILLA,SI,2020/07/23 00:00:00+00,NORMAL,BT-TA,DEFINITIVA,"VEHICULAR, PEATONAL",12,12,4,"3,4,5,91",N/A,"23,24,33,291","723, 724, 733, 7291",NO,0,"Brechas, Fases por demanda peatonal sonoro",1122
-74.05335915,4.69319716500002,2312,1602,1327,KR 21 X CL 106,USAQUEN,ACTROS,SENCILLA,SI,2020/09/04 00:00:00+00,NORMAL,R-TA,DEFINITIVA,"VEHICULAR, PEATONAL, CICLISTA",11,11,6,"1,2,3,4",N/A,"22,23,24","722, 723","43, 44",0,"Conteo, Brechas, Fases por demanda, Fases por demanda peatonal sonoro",1215
-74.0526288,4.70233829199998,2313,1603,1328,KR 22 X CL 122,USAQUEN,ACTROS,SENCILLA,SI,2020/08/20 00:00:00+00,NORMAL,RP-TA,DEFINITIVA,"VEHICULAR, PEATONAL",11,11,4,"1,2,3,4",N/A,"21,22,23,24","721, 723, 724",NO,0,"Brechas, Fases por demanda, Activación de sonoro",1211
-74.05339291,4.74909895299999,2314,1607,1329,KR 54 X CL 167,SUBA,C900,SENCILLA,SI,2020/11/08 00:00:00+00,PMT,BT-TF,DEFINITIVA,"VEHICULAR, PEATONAL",21,21,3,"1,2,2A,3,4,7,8,13,14,792,793",N/A,"21,22,22A,23,24,32","722,722A,723,724 (Desconectados)",NO,0,Activación de sonoro,1121
-74.07210108,4.71099598900003,2315,416,1330,TV 60 X AC 127,SUBA,ACTROS,SENCILLA,SI,1997/06/19 00:00:00+00,NORMAL,CA-TA,DEFINITIVA,"VEHICULAR, PEATONAL, CICLISTA",21,21,3,"1A,2A,3,4,8,91,94","1B,2B","21,22,23,24,31,32,33,34,291,294",N/A,"43,44",0,"Conteo, Brechas, Cola - Siguiente Intersección",1110
-74.07007005,4.70000223,2316,371,1331,TV 60 X AC 116,SUBA,ACTROS,SENCILLA,SI,1983/07/07 00:00:00+00,NORMAL,CA-TA,DEFINITIVA,"VEHICULAR, PEATONAL, CICLISTA",32,32,3,"1A,2A,3,4,91,93,62","1B,2B","21,22,23,291,293,24,31,32,33,34","721, 722, 723,7291,7293,724,731,732,733,734","43, 44",0,"Conteo, Brechas, Cola, Fases por demanda, Cola - Siguiente Intersección",1110
-74.0668108,4.69269711200002,2317,301,1332,KR 64 X TV 60,SUBA,ACTROS,SENCILLA,SI,1983/10/11 00:00:00+00,NORMAL,BT-TA,DEFINITIVA,"VEHICULAR, PEATONAL",9,9,2,"1A,2A,3","1B,2B","21,22,23,53",N/A,NO,0,"Conteo, Brechas, Cola - Siguiente Intersección",1133
-74.06957066,4.69835110700001,2318,358,1333,AK 70 X TV 60,SUBA,ACTROS,SENCILLA,SI,1983/05/25 00:00:00+00,NORMAL,CA-TA,DEFINITIVA,"VEHICULAR, PEATONAL",11,11,3,"1A,2A,3,91,63","1B,2B","22,23,31,291",N/A,NO,0,"Conteo, Brechas, Cola - Siguiente Intersección",1110
-74.06838572,4.69536066299997,2319,330,1334,TV 60 X CL 113,SUBA,ACTROS,SENCILLA,SI,2004/09/28 00:00:00+00,NORMAL,CA-TA,DEFINITIVA,"VEHICULAR, PEATONAL",8,8,2,"1A,2A,8","1B,2B","21,28,32",N/A,NO,0,"Conteo, Brechas, Cola - Siguiente Intersección",1110
-74.06288604,4.683972208,2320,229,1335,KR 50 X TV 55,BARRIOS UNIDOS,NO,DOBLE,NO,1983/07/29 00:00:00+00,NORMAL,CA-TA,DEFINITIVA,"VEHICULAR, PEATONAL",7,13,2,"1A,2A,14","1B,2B","21A,32A",N/A,NO,0,"Conteo, Brechas, Cola - Siguiente Intersección",1105
-74.06224244,4.68429352800001,2321,1140,1335,KR 50 X CL 95,BARRIOS UNIDOS,ACTROS,DOBLE,SI,2004/10/22 00:00:00+00,NORMAL,CA-TA,DEFINITIVA,"VEHICULAR, PEATONAL",6,13,2,"1,2,4",N/A,"21,24,32",N/A,NO,0,N/A,1105
-74.07102702,4.706014998,2322,392,1336,TV 60 X CL 120,SUBA,ACTROS,SENCILLA,SI,1988/02/11 00:00:00+00,NORMAL,CA-TA,DEFINITIVA,"VEHICULAR, PEATONAL",10,10,3,"1A,2A,3,6","1B,2B","21,22,23,53",N/A,NO,0,"Conteo, Brechas, Cola - Siguiente Intersección",1110
-74.09258995,4.69080001399999,2323,616,1337,AK 72 X CL 75,ENGATIVA,C900,SENCILLA,SI,1993/06/02 00:00:00+00,NORMAL,BT-TF,DEFINITIVA,"VEHICULAR, PEATONAL",7,7,2,"1,2,3",N/A,"22,23,31,33 (Reg)",N/A,NO,0,N/A,1309
-74.11625719,4.72438311899998,2324,1618,1339,KR 113 X CL 83A,ENGATIVA,C900,SENCILLA,SI,2020/11/11 00:00:00+00,NORMAL,BT-TA,DEFINITIVA,"VEHICULAR, PEATONAL, CICLISTA",19,19,5,"1,2,3,4,7,8",N/A,"21,22,23,24,33,34","722, 723, 724, 733, 734 (Desconectados)","43,44",0,Fases por demanda peatonal sonoro,1114
-74.06272185,4.691575527,2325,231,1340,KR 53 X CL 103B,SUBA,NO,DOBLE,NO,2004/08/18 00:00:00+00,NORMAL,BT-TA,DEFINITIVA,"VEHICULAR, PEATONAL",9,13,4,"2,3A,4,5,11",N/A,"22,23A,24,311",N/A,NO,0,"Brechas, Fases por demanda, Cola - Siguiente Intersección, Fases por demanda peatonal",1133
-74.06271296,4.69189607200002,2326,233,1340,KR 53 X TV 54,SUBA,ACTROS,DOBLE,SI,2004/08/18 00:00:00+00,NORMAL,BT-TA,DEFINITIVA,"VEHICULAR, PEATONAL",4,13,3,"1,3,12",N/A,23,N/A,NO,0,"Brechas, Fases por demanda",1133
-74.0603349,4.69705899299998,2327,196,1341,KR 50 X CL 111,SUBA,NO,DOBLE,NO,1998/08/12 00:00:00+00,NORMAL,BT-TA,DEFINITIVA,"VEHICULAR, PEATONAL",8,19,4,"1,3,4A,12",N/A,"21,23,24A,212",N/A,NO,0,Brechas,1133
-74.06045169,4.696154718,2328,198,1341,KR 50 X CL 108,SUBA,C900,DOBLE,SI,1998/08/12 00:00:00+00,NORMAL,BT-TA,DEFINITIVA,"VEHICULAR, PEATONAL, CICLISTA",11,19,4,"2,3A,4,15",N/A,"22,23A,24,33A,34,215",N/A,42,0,Brechas,1133
-74.06266603,4.69723578200001,2329,230,1342,KR 53 X CL 108,SUBA,C900,SENCILLA,SI,1998/03/15 00:00:00+00,NORMAL,BT-TF,DEFINITIVA,"VEHICULAR, PEATONAL",12,12,3,"1,2,3,4",N/A,"21,22,23,24,31,32,33,34 (Reg)",N/A,NO,0,N/A,1133
-74.06268177,4.69471600700001,2330,232,1343,KR 53 X CL 106,SUBA,ACTROS,SENCILLA,SI,1994/11/10 00:00:00+00,NORMAL,BT-TA,DEFINITIVA,"VEHICULAR, PEATONAL",10,10,4,"1,2,3,6,93",N/A,"21,22,23,31,32",N/A,NO,0,"Brechas, Fases por demanda",1133
-74.06078008,4.68779600900001,2331,206,1344,KR 49 X AC 100,SUBA,ACTROS,SENCILLA,SI,1997/09/29 00:00:00+00,PMT,BT-TF,DEFINITIVA,"VEHICULAR, PEATONAL",8,8,2,"2,3,4",N/A,"22,24,31,33",N/A,NO,0,N/A,1133
-74.06270303,4.68834054500002,2332,234,1345,KR 53 X AC 100,SUBA,ACTROS,SENCILLA,SI,1984/06/20 00:00:00+00,PMT,BT-TF,DEFINITIVA,"VEHICULAR, PEATONAL",10,10,2,"3,3A,4,4A,5",N/A,"23,23A,34,34A",N/A,NO,0,N/A,1133
-74.06834141,4.68966577800001,2333,329,1346,KR 64 X AC 100,SUBA,ACTROS,TRIPLE,SI,1983/06/13 00:00:00+00,Desvío - PMT,BT-TF,DEFINITIVA,"VEHICULAR, PEATONAL",12,22,4,"2,7,8,13,14,14A,93",N/A,"22,213,214,214A,32,313,314,314A",N/A,NO,0,N/A,1133
-74.06779636,4.68961882999997,2334,1746,1346,KR 63 X AC 100,SUBA,NO,TRIPLE,NO,2022/04/08 00:00:00+00,Desvío - PMT,BT-TF,PROVISIONAL_PMT,"VEHICULAR, PEATONAL",6,22,2,"1,4,5,113,1113",N/A,31,N/A,NO,0,N/A,1133
-74.06942044,4.68971336800001,2335,1774,1346,KR 65 X AC 100,SUBA,NO,TRIPLE,NO,2023/05/24 00:00:00+00,Desvío - PMT,BT-TF,PROVISIONAL_PMT,"VEHICULAR, PEATONAL",4,22,2,"1A,3,114",N/A,21A,N/A,NO,0,N/A,1133
-74.07402301,4.68796306799999,2336,461,1347,AK 68 X CL 98,SUBA,ACTROS,SENCILLA,SI,1997/04/16 00:00:00+00,PMT,BT-TF,DEFINITIVA,"VEHICULAR, PEATONAL",11,11,3,"1,2,2A,3,94",N/A,"22,22A, 23,294,31,33",N/A,NO,0,N/A,1133
-74.07202445,4.68910825400002,2337,1314,1348,KR 68A X AC 100,SUBA,ACTROS,SENCILLA,SI,2013/09/15 00:00:00+00,PMT,BT-TF,DEFINITIVA,"VEHICULAR, PEATONAL",7,7,3,"1,3,4,103",N/A,"21,23,24",N/A,NO,0,N/A,1133
-74.06032812,4.68060635799998,2338,194,1349,KR 47 X CL 93,BARRIOS UNIDOS,ACTROS,SENCILLA,SI,1998/05/13 00:00:00+00,NORMAL,RP-TF,DEFINITIVA,"VEHICULAR, PEATONAL",7,7,3,"1,2,3,4",N/A,"21,22,24",N/A,NO,0,N/A,1105
-74.07084279,4.67173102999999,2339,387,1350,KR 50 X DG 76BIS,BARRIOS UNIDOS,C900,SENCILLA,SI,1998/05/21 00:00:00+00,NORMAL,BT-TF,DEFINITIVA,"VEHICULAR, PEATONAL",4,4,2,"1,3",N/A,"21,23",N/A,NO,0,N/A,1320
-74.08861877,4.687973677,2340,591,1351,AK 70 X CL 75,ENGATIVA,ACTROS,SENCILLA,SI,1995/10/05 00:00:00+00,NORMAL,BT-TF,DEFINITIVA,"VEHICULAR, PEATONAL",11,11,3,"1,2,2A,3",N/A,"21,22,22A,23,31,32A,33 (Reg)",N/A,NO,0,Cola - Siguiente Intersección,1309
-74.07952891,4.69111905199998,2341,1369,1417,AK 70 X CL 95,SUBA,C900,SENCILLA,SI,2015/08/22 00:00:00+00,NORMAL,R-TA,DEFINITIVA,"VEHICULAR, PEATONAL",11,11,3,"1,2,5,92,94",N/A,"21,22,294","721, 722, 7294",NO,0,"Conteo, Brechas, Activación de sonoro",1107
-74.07734256,4.69271201599997,2342,1515,1418,AK 70 X CL 98,SUBA,NO,DOBLE,NO,2016/12/30 00:00:00+00,NORMAL,R-TA,DEFINITIVA,"VEHICULAR, PEATONAL",9,16,3,"2,5,11",N/A,"22,35,211","722, 735, 7211",NO,0,"Conteo, Brechas, Activación de sonoro",1107
-74.07594169,4.69372688599998,2343,1516,1418,AK 70 X CL 99,SUBA,C900,DOBLE,SI,2016/12/30 00:00:00+00,NORMAL,R-TA,DEFINITIVA,"VEHICULAR, PEATONAL",7,16,3,"1,12,102",N/A,"21,212","721, 7212",NO,0,"Brechas, Cola, Activación de sonoro",1107
-74.05799248,4.65828895800001,2344,172,1420,AK 11 X CL 73,CHAPINERO,ACTROS,SENCILLA,SI,1993/08/31 00:00:00+00,PMT,CA-TA,DEFINITIVA,"VEHICULAR, PEATONAL",4,4,2,"1,4",N/A,"21,24",N/A,NO,0,"Conteo, Brechas",1910
-74.0666485,4.72900685600001,2345,295,1421,KR 58D X AC 138,SUBA,C900,SENCILLA,SI,2006/10/05 00:00:00+00,NORMAL,BT-TF,DEFINITIVA,"VEHICULAR, PEATONAL",5,5,4,"1,3,4",N/A,"21,23",N/A,NO,0,N/A,1102
-74.06884125,4.7180444,2346,341,1422,AK 58 X CL 129,SUBA,ACTROS,SENCILLA,SI,1997/11/06 00:00:00+00,NORMAL,R-TA,DEFINITIVA,"VEHICULAR, PEATONAL",12,12,5,"1,2,3,4,5,6,63,92",N/A,"21,22,23,24",N/A,NO,0,"Brechas, Fases por demanda, Fases por demanda peatonal",1125
-74.06617065,4.72413304700001,2347,288,1423,AK 58 X AC 134,SUBA,ACTROS,SENCILLA,SI,2000/07/18 00:00:00+00,NORMAL,R-TF,DEFINITIVA,"VEHICULAR, PEATONAL",14,14,2,"1,2,3,4,13,14,91,94",N/A,"21,23,24,32,291,294",N/A,NO,0,N/A,1125
-74.05942529,4.70023042000003,2348,184,1424,KR 50 X AC 116,SUBA,C900,SENCILLA,SI,1986/11/12 00:00:00+00,NORMAL,BT-TF,DEFINITIVA,"VEHICULAR, PEATONAL, CICLISTA",15,15,3,"1,2,3,4,4A",N/A,"21,22,23,24,33,34","721, 722","43, 44",0,Fases por demanda peatonal sonoro,1128
-74.06222907,4.70069479400001,2349,223,1425,KR 53 X AC 116,SUBA,C900,SENCILLA,SI,1998/03/20 00:00:00+00,NORMAL,BT-TF,DEFINITIVA,"VEHICULAR, PEATONAL, CICLISTA",14,14,3,"3,4,4A,6,8,92",N/A,"22,23,24,33,34,38",N/A,"43, 44",0,N/A,1128
-74.05839316,4.719953406,2350,1282,1426,KR 53 X AC 134,SUBA,C900,SENCILLA,SI,2012/12/18 00:00:00+00,NORMAL,BT-TF,DEFINITIVA,"VEHICULAR, PEATONAL",5,5,2,"3,4,92",N/A,"22,23",N/A,NO,0,N/A,1126
-74.05885695,4.703603042,2351,179,1427,KR 50 X CL 122,SUBA,C900,SENCILLA,SI,2006/10/04 00:00:00+00,NORMAL,BT-TF,DEFINITIVA,"VEHICULAR, PEATONAL",8,8,3,"1,2,3,4",N/A,"21,22,23,24 (Reg)",N/A,NO,0,N/A,1128
-74.06741,4.70169965000002,2352,314,1428,AK 55 X AC 116,SUBA,C900,SENCILLA,SI,1997/10/31 00:00:00+00,NORMAL,RP-TF,DEFINITIVA,"VEHICULAR, PEATONAL",13,13,4,"1,2,4,4A,5",N/A,"22,24,31,33","722,724,731,733",NO,0,"Conteo, Brechas, Cola - Siguiente Intersección",1110
-74.08032094,4.68053332400001,2353,537,1434,KR 66 X CL 79,BARRIOS UNIDOS,NO,DOBLE,NO,2006/11/29 00:00:00+00,NORMAL,BT-TF,DEFINITIVA,"VEHICULAR, PEATONAL",5,10,3,"1,4,12",N/A,"21,24",N/A,NO,0,N/A,1315
-74.0805564,4.68022433300001,2354,540,1434,KR 66 X CL 78,BARRIOS UNIDOS,C900,DOBLE,SI,2006/11/29 00:00:00+00,NORMAL,BT-TF,DEFINITIVA,"VEHICULAR, PEATONAL",5,10,3,"2,3,11",N/A,"22,23",N/A,NO,0,N/A,1315
-74.03414726,4.69078555700003,2355,19,1438,AK 7 X CL 112,USAQUEN,ACTROS,SENCILLA,SI,1989/06/04 00:00:00+00,NORMAL,CA-TA,DEFINITIVA,"VEHICULAR, PEATONAL",7,7,3,"1,2,4,5",N/A,"21,24,32",N/A,NO,0,"Conteo, Brechas, Fases por demanda, Cola - Siguiente Intersección, Fases por demanda peatonal",1204
-74.06783627,4.73171813599998,2356,1518,1468,AK 72 X CL 145,SUBA,C900,SENCILLA,SI,2016/12/13 00:00:00+00,NORMAL,BT-TA,DEFINITIVA,"VEHICULAR, PEATONAL",10,10,2,"1,2,2A,94",N/A,"21,22,294","721, 722, 7294",NO,0,"Conteo, Activación de sonoro",1102
-74.0668033,4.677008677,2357,299,1469,AK 50 X CL 86A,BARRIOS UNIDOS,ACTROS,SENCILLA,SI,2006/05/03 00:00:00+00,NORMAL,CA-TA,DEFINITIVA,"VEHICULAR, PEATONAL",9,9,2,"1A,2A,4","1B,2B","21,22,24,54",N/A,NO,0,"Conteo, Brechas, Cola",1105
-74.07207008,4.69949787899998,2358,412,1470,KR 70C X AC 116,SUBA,ACTROS,SENCILLA,SI,2007/12/21 00:00:00+00,NORMAL,RP-TF,DEFINITIVA,"VEHICULAR, PEATONAL, CICLISTA",14,14,2,"3,4,4A,8",N/A,"23,34,38,394","723, 724, 738, 794","43,44",0,"Conteo, Brechas, Activación de sonoro, Fases por demanda peatonal sonoro",1110
-74.04629291,4.72335008099998,2359,70,1471,AK 19 X CL 140,USAQUEN,ACTROS,SENCILLA,SI,1988/02/11 00:00:00+00,NORMAL,CA-TA,DEFINITIVA,"VEHICULAR, PEATONAL, CICLISTA",18,18,3,"1,2,3,4",N/A,"21,22,23,24,31,32","721, 722, 723, 724, 731",41.42,0,"Conteo, Brechas, Activación de sonoro",1201
-74.04941041,4.70180528200001,2360,96,1472,AK 19 X CL 122,USAQUEN,ACTROS,SENCILLA,SI,1988/02/11 00:00:00+00,NORMAL,CA-TA,DEFINITIVA,"VEHICULAR, PEATONAL, CICLISTA",12,12,2,"1,2,3,4",N/A,"21,22,23,24,31,32",N/A,41.42,0,"Conteo, Brechas, Cola - Siguiente Intersección",1211
-74.05039769,4.75245937599999,2361,105,1492,KR 49B X CL 170,SUBA,C900,DOBLE,SI,2003/11/14 00:00:00+00,NORMAL,BT-TA,DEFINITIVA,EXCLUSIVA PEATONAL,6,17,4,"4,13",N/A,"24,213 (Exc)","724, 7213",NO,0,Activación de sonoro,1123
-74.05457838,4.753311145,2362,127,1492,KR 55 X CL 170,SUBA,NO,DOBLE,NO,2003/11/14 00:00:00+00,NORMAL,BT-TA,DEFINITIVA,"VEHICULAR, PEATONAL, CICLISTA",11,17,4,"3,14,91,103",N/A,"23,214,291","723, 7214",43.44,0,Activación de sonoro,1123
-74.06865382,4.72971802699999,2363,346,1493,AK 72 X AC 138,SUBA,C900,SENCILLA,SI,2000/07/10 00:00:00+00,NORMAL,BT-TA,DEFINITIVA,"VEHICULAR, PEATONAL",19,19,5,"1,2,2A,3,4,6,91,92,92A,93",N/A,"21,22,23,24,31,32,291,293,294",N/A,NO,0,"Conteo, Brechas",1102
-74.06489994,4.74697662400001,2364,266,1494,AK 72 X CL 163,SUBA,C900,SENCILLA,SI,2008/01/23 00:00:00+00,NORMAL,CA-TF,DEFINITIVA,EXCLUSIVA PEATONAL,7,7,2,"1,2,2A",N/A,"21,22 (Exc)",722,NO,0,"Cola - Siguiente Intersección, Activación de sonoro",1103
-74.0650815,4.750747187,2365,268,1495,AK 72 X CL 167,SUBA,C900,SENCILLA,SI,2001/10/10 00:00:00+00,NORMAL,CA-TA,DEFINITIVA,"VEHICULAR, PEATONAL",15,15,4,"1,2,2A,3,4,6,6A,91,92,92A",N/A,"21,23,24,32,291",N/A,NO,0,"Conteo, Brechas",1103
-74.0656587,4.75543232199999,2366,277,1496,AK 72 X CL 169B,SUBA,C900,SENCILLA,SI,2001/10/10 00:00:00+00,NORMAL,CA-TA,DEFINITIVA,"VEHICULAR, PEATONAL",15,15,4,"1,2,2A,3,4,6,6A,91,92A",N/A,"21,23,24,32,33,291",N/A,NO,0,"Conteo, Brechas, Fases por demanda",1103
-74.06579528,4.76042663099997,2367,278,1497,AK 72 X CL 170,SUBA,C900,SENCILLA,SI,2000/12/20 00:00:00+00,PMT,R-TF,DEFINITIVA,"VEHICULAR, PEATONAL, CICLISTA",24,24,4,"1,1A,2,2A,3,4,5,6,8,92",N/A,"21,22,23,24,31,32,33,34",721723732734 Desconectados,"43,44",0,"Conteo, Brechas, Cola, Fases por demanda",1103
-74.10354268,4.704187015,2368,694,1498,KR 89A X AC 80,ENGATIVA,C900,SENCILLA,SI,1993/09/29 00:00:00+00,NORMAL,CA-TA,DEFINITIVA,"VEHICULAR, PEATONAL",10,10,2,"1,3A,4A","3B,4B","21,23A,23B,34A,34B",N/A,NO,0,"Conteo, Brechas, Cola - Siguiente Intersección",1136
-74.10790032,4.70621847500001,2369,717,1499,TV 94 X AC 80,ENGATIVA,C900,SENCILLA,SI,1992/07/13 00:00:00+00,NORMAL,CA-TA,DEFINITIVA,"VEHICULAR, PEATONAL",14,14,4,"2,2A,3A,4A,94","3B,4B","22,24A,24B,32,33A,33B,294",N/A,NO,0,"Conteo, Brechas, Fases por demanda, Cola - Siguiente Intersección",1136
-74.10945475,4.70730682599998,2370,724,1500,TV 94L X AC 80,ENGATIVA,C900,SENCILLA,SI,1989/11/02 00:00:00+00,NORMAL,CA-TA,DEFINITIVA,"VEHICULAR, PEATONAL, CICLISTA",19,19,2,"1,3A,4A,91,93A","3B,4B","21,23A,23B,31,34A,34B,291,293A",N/A,"41, 42,411,412",0,"Conteo, Brechas",1136
-74.10288128,4.71182721000002,2371,689,1501,TV 94L X CL 86,ENGATIVA,ACTROS,SENCILLA,SI,1995/10/17 00:00:00+00,NORMAL,RP-TA,DEFINITIVA,"VEHICULAR, PEATONAL",7,7,4,"1,4,93",N/A,"21,24,31,293",N/A,NO,0,"Conteo, Brechas, Fases por demanda",1136
-74.07396338,4.699007451,2372,1502,1502,KR 70D X AC 116,SUBA,ACTROS,SENCILLA,SI,2017/08/01 00:00:00+00,NORMAL,R-TF,DEFINITIVA,"VEHICULAR, PEATONAL, CICLISTA",19,19,3,"1,2,3,4,4A",N/A,"21,22,23,24,33,34","721, 722, 723, 724, 733, 734","43,44",0,"Activación de sonoro, Brechas,Fases por demanda peatonal sonoro",1110
-74.11952932,4.71941178899999,2373,771,1503,KR 112A X AC 80,ENGATIVA,C900,SENCILLA,SI,1999/06/15 00:00:00+00,NORMAL,CA-TA,DEFINITIVA,"VEHICULAR, PEATONAL",6,6,2,"3,4",N/A,"23,24 (Exc)","723, 724",NO,0,Activación de sonoro,1134
-74.12111334,4.72158487000002,2374,778,1505,AK 114 X AC 80,ENGATIVA,C900,SENCILLA,SI,1999/06/15 00:00:00+00,NORMAL,CA-TA,DEFINITIVA,"VEHICULAR, PEATONAL",20,20,3,"1,2,3A,3B,4A,4B,13A,13B,14A,14B,91,94A",N/A,"21,23A,23B,32,291,294A,314A,314B",N/A,NO,0,"Conteo, Brechas",1134
-74.07556328,4.67558098699999,2375,492,1506,KR 56BIS X CL 78,BARRIOS UNIDOS,NO,DOBLE,NO,2000/07/19 00:00:00+00,NORMAL,BT-TF,DEFINITIVA,"VEHICULAR, PEATONAL, CICLISTA",8,15,4,"2,4,13,64",N/A,"24,32",N/A,"41,42A",0,N/A,1319
-74.07616189,4.67600104299999,2376,499,1506,KR 58 X CL 78,BARRIOS UNIDOS,C900,DOBLE,SI,2000/07/19 00:00:00+00,NORMAL,BT-TF,DEFINITIVA,"VEHICULAR, PEATONAL, CICLISTA",7,15,4,"1,3,14",N/A,"21,23",N/A,"41A,42",0,N/A,1319
-74.12241194,4.72315760700002,2377,783,1508,KR 115 X AC 80,ENGATIVA,C900,SENCILLA,SI,2001/10/26 00:00:00+00,NORMAL,CA-TA,DEFINITIVA,"VEHICULAR, PEATONAL",8,8,2,"3A,4A","3B,4B","23,24","723,724",NO,0,"Cola - Siguiente Intersección, Activación de sonoro",1134
-74.12490637,4.72613056500001,2378,789,1509,KR 119 X AC 80,ENGATIVA,C900,TRIPLE,SI,2001/07/25 00:00:00+00,NORMAL,CA-TA,DEFINITIVA,"VEHICULAR, PEATONAL",6,13,2,"3,4",N/A,"23,24 ","723,724",NO,0,"Conteo, Brechas, Fases por demanda peatonal sonoro",1134
-74.12559545,4.72768243600001,2379,1453,1509,KR 120 X AC 80,ENGATIVA,NO,TRIPLE,NO,2016/08/25 00:00:00+00,NORMAL,CA-TA,DEFINITIVA,"VEHICULAR, PEATONAL",5,13,3,"1,14,94",N/A,"21,294",N/A,NO,0,"Conteo, Brechas, Cola",1134
-74.12588547,4.727851499,2380,1519,1509,PUENTE DE GUADUA X AC 80,ENGATIVA,NO,TRIPLE,NO,2017/03/17 00:00:00+00,NORMAL,CA-TA,DEFINITIVA,EXCLUSIVA VEHICULAR,2,13,2,"6,114",N/A,N/A,N/A,NO,0,N/A,1134
-74.06586767,4.67859239199998,2381,281,1473,AK 50 X CL 87,BARRIOS UNIDOS,ACTROS,SENCILLA,SI,1988/04/28 00:00:00+00,NORMAL,CA-TA,DEFINITIVA,"VEHICULAR, PEATONAL",8,8,2,"1A,2A,5","1B,2B","22,31,35",N/A,NO,0,"Conteo, Cola - Siguiente Intersección",1105
-74.06422473,4.68122286400001,2382,255,1474,AK 50 X CL 93,BARRIOS UNIDOS,ACTROS,SENCILLA,SI,1988/02/11 00:00:00+00,NORMAL,CA-TA,DEFINITIVA,"VEHICULAR, PEATONAL",13,13,3,"1A,2A,3,4","1B,2B","22,23,24,31","722, 723, 731",NO,0,"Conteo, Brechas, Cola - Siguiente Intersección, Activación de sonoro",1105
-74.09327361,4.69761365800002,2383,624,1475,KR 76 X AC 80,ENGATIVA,C900,SENCILLA,SI,1988/04/28 00:00:00+00,NORMAL,CA-TA,DEFINITIVA,"VEHICULAR, PEATONAL",12,12,3,"1,3A,4A,94A","3B,4B","21,23A,23B,32,34A,34B",N/A,NO,0,"Conteo, Brechas",1135
-74.06083013,4.66672737699997,2384,202,1476,AK 20 X CL 80BIS,BARRIOS UNIDOS,NO,DOBLE,NO,2006/12/14 00:00:00+00,NORMAL,CA-TA,DEFINITIVA,"VEHICULAR, PEATONAL",5,9,3,1A,"1B,3B,91B",23,N/A,NO,0,"Conteo, Brechas, Fases por demanda",1914
-74.06156115,4.66681153799999,2385,212,1476,KR 21 X AC 80,BARRIOS UNIDOS,C900,DOBLE,SI,2006/12/14 00:00:00+00,NORMAL,CA-TA,DEFINITIVA,EXCLUSIVA VEHICULAR,4,9,3,4A,"4B,7B,191B",N/A,N/A,NO,0,"Conteo, Brechas, Fases por demanda, Cola - Siguiente Intersección",1914
-74.06102381,4.66580014599998,2386,205,1477,AK 20 X AC 80,BARRIOS UNIDOS,C900,SENCILLA,SI,2006/02/10 00:00:00+00,PMT,CA-TA,DEFINITIVA,"VEHICULAR, PEATONAL",10,10,2,"1A,2A,3A","1B,2B","21A,22A,23A,32B,33A",N/A,NO,0,"Conteo, Brechas",1914
-74.06171624,4.664483249,2387,217,1478,KR 20B X CL 76,BARRIOS UNIDOS,C900,SENCILLA,SI,1993/09/30 00:00:00+00,NORMAL,BT-TF,DEFINITIVA,"VEHICULAR, PEATONAL",5,5,3,"1,4",N/A,"21,24,31",N/A,NO,0,Cola - Siguiente Intersección,1913
-74.07510052,4.71055369200002,2388,503,1479,KR 70G X AC 127,SUBA,ACTROS,SENCILLA,SI,2007/12/26 00:00:00+00,NORMAL,RP-TF,DEFINITIVA,"VEHICULAR, PEATONAL, CICLISTA",8,8,3,"3,4,103,104",N/A,"23,24",N/A,44.43,0,"Cola, Cola - Siguiente Intersección",1110
-74.06136379,4.68414451699999,2389,209,1480,KR 49 X CL 95,BARRIOS UNIDOS,ACTROS,SENCILLA,SI,1998/05/14 00:00:00+00,NORMAL,RP-TF,DEFINITIVA,"VEHICULAR, PEATONAL",8,8,3,"1,2,3,4",N/A,"21,22,23,24",N/A,NO,0,Cola - Siguiente Intersección,1105
-74.05977168,4.68386727699999,2390,187,1481,KR 47 X CL 95,BARRIOS UNIDOS,ACTROS,SENCILLA,SI,1998/06/04 00:00:00+00,NORMAL,RP-TF,DEFINITIVA,"VEHICULAR, PEATONAL",8,8,4,"1,2,3,4",N/A,"21,22,23,24",N/A,NO,0,Cola - Siguiente Intersección,1105
-74.09844567,4.74166937699999,2391,661,1482,AK 104 X CL 139,SUBA,C900,SENCILLA,SI,2002/06/23 00:00:00+00,NORMAL,BT-TF,DEFINITIVA,"VEHICULAR, PEATONAL, CICLISTA",12,12,4,"1,2,3,4,5",N/A,"21,22,23,24,31,32",N/A,43,0,"Brechas, Fases por demanda",1117
-74.09025493,4.741789332,2392,598,1483,KR 98B X AC 145,SUBA,C900,SENCILLA,SI,2006/04/28 00:00:00+00,NORMAL,CA-TA,DEFINITIVA,"VEHICULAR, PEATONAL, CICLISTA",12,12,3,"1,3A,4A,8","3B,4B","21,23,34A,34B",N/A,"41,42",0,"Conteo, Brechas, Fases por demanda",1101
-74.10827601,4.74536591499998,2393,718,1484,TV 127 X CL 139,SUBA,ACTROS,SENCILLA,SI,2006/11/30 00:00:00+00,NORMAL,BT-TF,DEFINITIVA,"VEHICULAR, PEATONAL",6,6,4,"1,2,4",N/A,"21,22,34",N/A,NO,0,N/A,1132
-74.07494408,4.72177274199998,2394,484,1485,TV 76 X AV BOYACÁ (CONECTANTE E-S),SUBA,C900,SENCILLA,SI,2006/04/28 00:00:00+00,NORMAL,BT-TA,DEFINITIVA,EXCLUSIVA PEATONAL,3,3,2,1,N/A,21,721,NO,0,Activación de sonoro,1120
-74.07114131,4.72607402400001,2395,393,1486,AK 72 X AC 134,SUBA,C900,SENCILLA,SI,2000/07/21 00:00:00+00,NORMAL,BT-TA,DEFINITIVA,"VEHICULAR, PEATONAL",14,14,3,"1,2,4,5,92,94",N/A,"21,24,32,294","721, 724, 732, 7294",NO,0,"Conteo, Brechas, Cola, Fases por demanda, Cola - Siguiente Intersección, Activación de sonoro",1102
-74.07048432,4.71142046300002,2396,377,1487,AK 58 X AC 127,SUBA,ACTROS,SENCILLA,SI,1992/07/28 00:00:00+00,NORMAL,RP-TA,DEFINITIVA,"VEHICULAR, PEATONAL, CICLISTA",8,8,3,"1,4,94",N/A,"21,291,294",N/A,"43,44",0,"Conteo, Brechas",1110
-74.06438857,4.70906141,2397,258,1488,AK 55 X AC 127,SUBA,C900,SENCILLA,SI,1988/12/21 00:00:00+00,NORMAL,BT-TF,DEFINITIVA,"VEHICULAR, PEATONAL, CICLISTA",19,19,3,"1,2,3,4,12,92,93",N/A,"22,24,31,33,292,293",N/A,"41,42,43,44,413,414",0,Cola - Siguiente Intersección,1127
-74.07247772,4.71279092100002,2398,428,1489,TV 60 X CL 127D,SUBA,ACTROS,SENCILLA,SI,1988/11/09 00:00:00+00,NORMAL,CA-TA,DEFINITIVA,EXCLUSIVA PEATONAL,10,10,4,"1A,2A","1B,2B","21,22,32 (Exc)","721, 722, 732",NO,0,Activación de sonoro,1110
-74.07032073,4.71311305799998,2399,376,1490,AK 58 X CL 127D,SUBA,ACTROS,SENCILLA,SI,1988/09/11 00:00:00+00,NORMAL,RP-TF,DEFINITIVA,"VEHICULAR, PEATONAL",12,12,2,"1,2,3,93",N/A,"22,23,31,293","722, 723, 731, 7293",NO,0,Activación de sonoro,1110
-74.06968161,4.716123176,2400,361,1491,AK 58 X CL 128B,SUBA,ACTROS,SENCILLA,SI,1988/12/21 00:00:00+00,NORMAL,R-TA,DEFINITIVA,"VEHICULAR, PEATONAL",9,9,4,"1,2,3,4,6",N/A,"21,23,24,32",N/A,NO,0,"Brechas, Fases por demanda, Cola - Siguiente Intersección",1125
-74.10994886,4.70337793800002,2401,1155,1383,KR 94 X CL 75,ENGATIVA,C900,SENCILLA,SI,2009/07/31 00:00:00+00,NORMAL,RP-TF,DEFINITIVA,"VEHICULAR, PEATONAL",6,6,3,"2,3,4",N/A,"22,24,32",N/A,NO,0,Cola - Siguiente Intersección,1136
-74.11035142,4.69901897599999,2402,749,1384,KR 91A X AC 72,ENGATIVA,ACTROS,DOBLE,SI,2009/09/09 00:00:00+00,NORMAL,BT-TA,DEFINITIVA,"VEHICULAR, PEATONAL",7,12,2,"1,3,14",N/A,"21,23,32,314",N/A,NO,0,Brechas,1313
-74.10859167,4.69776825700001,2403,1236,1384,KR 90 X AC 72,ENGATIVA,NO,DOBLE,NO,2011/11/30 00:00:00+00,NORMAL,BT-TA,DEFINITIVA,"VEHICULAR, PEATONAL",5,12,2,"2,4,13",N/A,"22,24",N/A,NO,0,"Brechas, Cola - Siguiente Intersección",1313
-74.11336228,4.70110248999998,2404,745,1385,AK 96 X AC 72,ENGATIVA,NO,DOBLE,NO,1995/11/29 00:00:00+00,NORMAL,BT-TA,DEFINITIVA,"VEHICULAR, PEATONAL, CICLISTA",9,16,3,"2,4,6,13",N/A,"22,24,32",N/A,"41,42",0,N/A,1313
-74.11388953,4.70155217400003,2405,1201,1385,KR 96 X AC 72,ENGATIVA,ACTROS,DOBLE,SI,1995/11/29 00:00:00+00,NORMAL,BT-TA,DEFINITIVA,"VEHICULAR, PEATONAL",7,16,3,"1,3,5,14",N/A,"21,23,314",N/A,NO,0,N/A,1313
-74.1058083,4.69581104000002,2406,707,1386,AK 86 X AC 72,ENGATIVA,ACTROS,SENCILLA,SI,1995/11/27 00:00:00+00,NORMAL,CA-TA,DEFINITIVA,"VEHICULAR, PEATONAL",15,15,4,"1,2,3,4,5,6,8",N/A,"21,22,23,24,31,32,33,34",N/A,NO,0,"Conteo, Brechas",2305
-74.10160779,4.692461331,2407,682,1387,KR 80 X AC 72,ENGATIVA,ACTROS,SENCILLA,SI,1990/08/23 00:00:00+00,NORMAL,BT-TF,DEFINITIVA,"VEHICULAR, PEATONAL",6,6,3,"2,3,4,7",N/A,"22,24",N/A,NO,0,N/A,1308
-74.07665018,4.69895003900001,2408,510,1392,KR 70H X AC 116,SUBA,NO,TRIPLE,NO,1998/06/09 00:00:00+00,NORMAL,R-TA,DEFINITIVA,"VEHICULAR, PEATONAL, CICLISTA",12,32,3,"1,13,14,14A",N/A,"21,213,31,314","721,731","413,414",0,"Conteo, Brechas, Fases por demanda, Cola - Siguiente Intersección, Fases por demanda peatonal",1110
-74.07708461,4.69917235000003,2409,515,1392,KR 71 X AC 116,SUBA,ACTROS,TRIPLE,SI,1998/06/09 00:00:00+00,NORMAL,R-TA,DEFINITIVA,"VEHICULAR, PEATONAL, CICLISTA",10,32,3,"2,3,114,114A",N/A,"22,23,3114",722,"434,114",0,"Conteo, Brechas, Cola, Fases por demanda",1110
-74.07599,4.69873000000001,2410,1797,1392,DG 115 X AC 116,SUBA,NO,TRIPLE,NO,2024/01/17 00:00:00+00,NORMAL,R-TA,DEFINITIVA,"VEHICULAR, PEATONAL, CICLISTA",10,32,3,"2A,4,4A,113",N/A,"22A,2113,34",722A,"4113,44",0,"Conteo, Brechas, Cola, Fases por demanda",1110
-74.09005855,4.68608692200002,2411,1584,1401,AK 70 X CL 73A,ENGATIVA,ACTROS,SENCILLA,SI,2020/08/21 00:00:00+00,NORMAL,BT-TF,DEFINITIVA,"VEHICULAR, PEATONAL",17,17,5,"1,2,3,5,6",N/A,"21,22,23,31,32,33","721, 722, 723, 731, 732, 733",NO,0,"Brechas, Fases por demanda, Activación de sonoro",1309
-74.06395418,4.66083148899997,2412,253,1404,KR 20B X AC 72,BARRIOS UNIDOS,C900,TRIPLE,SI,1983/03/16 00:00:00+00,NORMAL,BT-TF,DEFINITIVA,"VEHICULAR, PEATONAL",10,22,3,"1,3A,3C,4",N/A,"21,23A,24,31,33A,34",N/A,NO,0,N/A,1913
-74.064829,4.659516,2413,1880,1404,KR 19 X CL 71,BARRIOS UNIDOS,NO,TRIPLE,NO,2024/11/13 00:00:00+00,NORMAL,BT-TF,PROVISIONAL_PMT,"VEHICULAR, PEATONAL",5,22,2,"3,111",N/A,"23,2111, 3111",N/A,NO,0,N/A,1913
-74.06439,4.66015299999998,2414,1892,1404,KR 19 X CL 71A,BARRIOS UNIDOS,NO,TRIPLE,NO,2025/02/16 00:00:00+00,NORMAL,BT-TF,DEFINITIVA,"VEHICULAR, PEATONAL, CICLISTA",7,22,3,"4A,11",N/A,"24A, 2111,34A",N/A,"43,44",0,N/A,1913
-74.06466494,4.66132964299999,2415,263,1405,KR 20C X AC 72,BARRIOS UNIDOS,C900,SENCILLA,SI,1983/03/22 00:00:00+00,NORMAL,BT-TA,DEFINITIVA,"VEHICULAR, PEATONAL, CICLISTA",8,8,3,"2,3,4",N/A,"22,24,32",N/A,41.42,0,"Conteo, Brechas",1913
-74.06284771,4.66269357300001,2416,236,1407,KR 20B X CL 74,BARRIOS UNIDOS,C900,TRIPLE,SI,1993/07/14 00:00:00+00,NORMAL,BT-TF,DEFINITIVA,"VEHICULAR, PEATONAL",6,22,3,"1,13",N/A,"21,31,213,313",N/A,NO,0,N/A,1913
-74.06357462,4.66331647999999,2417,246,1407,KR 20C X CL 74,BARRIOS UNIDOS,NO,TRIPLE,NO,1993/07/14 00:00:00+00,NORMAL,BT-TF,DEFINITIVA,"VEHICULAR, PEATONAL, CICLISTA",13,22,4,"2,3,7,94",N/A,"22,23,27,33,294",N/A,"41,411,42,412",0,N/A,1913
-74.06328329,4.66192782500002,2418,1752,1407,KR 20B X CL 73,BARRIOS UNIDOS,NO,TRIPLE,NO,2022/06/08 00:00:00+00,Desvío - PMT,BT-TF,PROVISIONAL_PMT,"VEHICULAR, PEATONAL",6,22,2,"4,11",N/A,"24,34,211",N/A,NO,0,N/A,1913
-74.08565219,4.692198211,2419,569,1415,AK 70 X AC 80,ENGATIVA,C900,SENCILLA,SI,1997/08/04 00:00:00+00,NORMAL,CA-TA,DEFINITIVA,"VEHICULAR, PEATONAL",11,11,3,"2,3A,4A,92","3B,4B","22,24A,24B,33A,33B",N/A,NO,0,"Conteo, Brechas, Fases por demanda, Cola - Siguiente Intersección",1106
-74.08504598,4.69452934200001,2420,1256,1416,KR 70C X CL 86A,ENGATIVA,C900,SENCILLA,SI,2012/07/03 00:00:00+00,NORMAL,BT-TF,DEFINITIVA,"VEHICULAR, PEATONAL",7,7,4,"3,4,6,8,92",N/A,"22,23 (Reg)",N/A,NO,0,N/A,1113
-74.10141784,4.73648667200001,2421,1467,1557,KR 106 X CL 132,SUBA,C900,SENCILLA,SI,2016/12/20 00:00:00+00,NORMAL,BT-TA,DEFINITIVA,"VEHICULAR, PEATONAL",6,6,4,"2,3,4",N/A,"22,23,24",N/A,NO,0,"Brechas, Fases por demanda",1117
-74.11263225,4.72230238999998,2422,1506,1561,KR 111A X DG 86,ENGATIVA,C900,SENCILLA,SI,2018/06/14 00:00:00+00,NORMAL,BT-TA,DEFINITIVA,"VEHICULAR, PEATONAL, CICLISTA",21,21,4,"1,2,3,4,93,94",N/A,"21,22,23,24,33,34,293,294","721, 722, 723, 734, 7293, 7294",44,0,"Brechas, Activación de sonoro",1114
-74.12555405,4.712846818,2423,1504,1563,KR 110G X CL 72F,ENGATIVA,ACTROS,SENCILLA,SI,2018/01/24 00:00:00+00,NORMAL,BT-TA,DEFINITIVA,"VEHICULAR, PEATONAL",16,16,4,"1,2,6,7,91,93",N/A,"21,22,23,31,32","721, 722, 723, 731, 732",NO,0,Activación de sonoro,1313
-74.11715804,4.70437036499999,2424,760,1564,KR 101 X AC 72,ENGATIVA,ACTROS,SENCILLA,SI,2006/09/20 00:00:00+00,NORMAL,BT-TA,DEFINITIVA,"VEHICULAR, PEATONAL",8,8,3,"1,2,3,4",N/A,"21,22,24,33",N/A,NO,0,Brechas,1313
-74.12183704,4.70826822100003,2425,777,1565,TV 106 X AC 72,ENGATIVA,ACTROS,DOBLE,SI,2000/09/25 00:00:00+00,NORMAL,BT-TF,DEFINITIVA,"VEHICULAR, PEATONAL",10,18,4,"4,5,7,13,91,94",N/A,"21,24,294,313",N/A,NO,0,N/A,1313
-74.12222807,4.70856394100002,2426,782,1565,KR 106A X AC 72,ENGATIVA,NO,DOBLE,NO,2000/09/25 00:00:00+00,NORMAL,BT-TF,DEFINITIVA,"VEHICULAR, PEATONAL",8,18,4,"3,6,8,14,92",N/A,"22,23,314",N/A,NO,0,N/A,1313
-74.12657492,4.71180957399997,2427,1166,1566,KR 110G X AC 72,ENGATIVA,ACTROS,SENCILLA,SI,2009/11/06 00:00:00+00,NORMAL,BT-TA,DEFINITIVA,"VEHICULAR, PEATONAL",8,8,4,"1,2,3,4",N/A,"21,24,32,33",N/A,NO,0,"Brechas, Fases por demanda",1313
-74.12935399,4.70877340599998,2428,1192,1567,KR 111C X CL 70C,ENGATIVA,ACTROS,SENCILLA,SI,2010/03/29 00:00:00+00,NORMAL,BT-TF,DEFINITIVA,"VEHICULAR, PEATONAL",5,5,2,"1,2,3",N/A,"22,23",N/A,NO,0,N/A,1313
-74.12496672,4.710589669,2429,1216,1568,KR 110 X AC 72,ENGATIVA,ACTROS,SENCILLA,SI,2011/05/17 00:00:00+00,NORMAL,BT-TA,DEFINITIVA,"VEHICULAR, PEATONAL",8,8,3,"1,2,3,4",N/A,"21,22,23,34",N/A,NO,0,Brechas,1313
-74.05598408,4.71587832500001,2430,155,1570,KR 49 X CL 129,SUBA,NO,DOBLE,NO,2000/04/26 00:00:00+00,NORMAL,BT-TA,DEFINITIVA,"VEHICULAR, PEATONAL",5,10,3,"1,4,13",N/A,"21,213",N/A,NO,0,Brechas,1126
-74.05681754,4.71596366400001,2431,163,1570,KR 50 X CL 129,SUBA,ACTROS,DOBLE,SI,2000/04/26 00:00:00+00,NORMAL,BT-TA,DEFINITIVA,"VEHICULAR, PEATONAL",5,10,3,"2,3,14",N/A,"22,214",N/A,NO,0,Brechas,1126
-74.06365198,4.71667528,2432,245,1571,AK 55 X CL 129,SUBA,ACTROS,SENCILLA,SI,2004/11/11 00:00:00+00,PMT,BT-TF,DEFINITIVA,"VEHICULAR, PEATONAL",5,5,2,"2,3,4",N/A,"22,24",N/A,NO,0,N/A,1126
-74.07664911,4.67023279300003,2433,505,1575,TV 56A X AC 72,BARRIOS UNIDOS,C900,SENCILLA,SI,2000/05/15 00:00:00+00,NORMAL,BT-TF,DEFINITIVA,"VEHICULAR, PEATONAL",8,8,3,"1,3,4",N/A,"21,23,24,31",N/A,NO,0,N/A,1314
-74.11181919,4.70466165900001,2434,1624,1576,KR 96 X Cl 75,ENGATIVA,C900,SENCILLA,SI,2021/04/10 00:00:00+00,NORMAL,RP-TA,DEFINITIVA,"VEHICULAR, PEATONAL, CICLISTA",16,16,4,"1,2,3,4,13,14",N/A,"21,22,23,24,393","721, 723, 724",41.42,0,"Brechas, Activación de sonoro",1136
-74.05275759,4.72387012000002,2435,124,1580,KR 46A X AC 138,SUBA,NO,DOBLE,NO,2000/06/13 00:00:00+00,NORMAL,BT-TF,DEFINITIVA,"VEHICULAR, PEATONAL",6,13,2,"2A,4,13",N/A,"22A,24,313",N/A,NO,0,N/A,1126
-74.05411562,4.724350426,2436,144,1580,KR 49 X AC 138,SUBA,C900,DOBLE,SI,2000/06/13 00:00:00+00,NORMAL,BT-TF,DEFINITIVA,"VEHICULAR, PEATONAL",7,13,3,"1,2,3,14",N/A,"21,33,214",N/A,NO,0,N/A,1126
-74.0902472,4.68922642500002,2437,600,1585,KR 70F X CL 75,ENGATIVA,ACTROS,SENCILLA,SI,2000/07/19 00:00:00+00,NORMAL,BT-TF,DEFINITIVA,"VEHICULAR, PEATONAL",5,5,3,"1,2,3",N/A,"22,23",N/A,NO,0,N/A,1309
-74.09163698,4.68723414599998,2438,611,1586,KR 70F X CL 73A,ENGATIVA,ACTROS,SENCILLA,SI,2004/07/26 00:00:00+00,NORMAL,BT-TF,DEFINITIVA,"VEHICULAR, PEATONAL",7,7,4,"1,2,3,4",N/A,"21,23,24",N/A,NO,0,N/A,1309
-74.0918261,4.70100886699998,2439,613,1595,TV 76 X DG 81I,ENGATIVA,C900,SENCILLA,SI,2000/05/06 00:00:00+00,NORMAL,BT-TF,DEFINITIVA,"VEHICULAR, PEATONAL",8,8,4,"1,2,3,4",N/A,"21,22,23,24 (Reg)",N/A,NO,0,Cola - Siguiente Intersección,1112
-74.0923928,4.70383158700002,2440,1301,1596,TV 76 X DG 83,ENGATIVA,C900,SENCILLA,SI,2013/03/23 00:00:00+00,NORMAL,BT-TA,DEFINITIVA,"VEHICULAR, PEATONAL",7,7,4,"1,2,3,4",N/A,"21,23,24",N/A,NO,0,"Brechas, Fases por demanda, Fases por demanda peatonal",1112
-74.04367996,4.746501524,2441,1420,1599,KR 20 X CL 166,USAQUEN,C900,SENCILLA,SI,2015/08/01 00:00:00+00,NORMAL,BT-TA,DEFINITIVA,"VEHICULAR, PEATONAL",11,11,3,"2,3,4",N/A,"22,23,24,32","722, 723, 724, 732",NO,0,Activación de sonoro,1207
-74.04082352,4.68775556100002,2442,1324,1600,AK 11 X CL 106,USAQUEN,C900,SENCILLA,SI,2013/12/13 00:00:00+00,NORMAL,R-TA,DEFINITIVA,"VEHICULAR, PEATONAL, CICLISTA",17,17,4,"1,2,3,4,5,7,91,92",N/A,"21,22,23,31,32,291,292",N/A,41.42,0,"Conteo, Brechas, Cola - Siguiente Intersección",1213
-74.04207306,4.68842202600001,2443,41,1601,AK 9 X CL 106,USAQUEN,C900,SENCILLA,SI,1988/02/25 00:00:00+00,NORMAL,R-TA,DEFINITIVA,"VEHICULAR, PEATONAL",13,13,2,"1,2,3,4",N/A,"21,22,23,24,31,32,33,34,293",N/A,NO,0,"Conteo, Brechas, Cola - Siguiente Intersección",1213
-74.05251528,4.73523770000003,2444,1175,1602,KR 50 X CL 152,SUBA,C900,SENCILLA,SI,2009/09/01 00:00:00+00,NORMAL,CA-TA,DEFINITIVA,"VEHICULAR, PEATONAL",9,9,4,"1,2,3,4,7",N/A,"21,22,23,34",N/A,NO,0,"Conteo, Brechas, Fases por demanda",1104
-74.05369273,4.66913458900001,2445,138,1603,KR 13 X AC 85,CHAPINERO,C900,DOBLE,SI,1993/12/22 00:00:00+00,NORMAL,CA-TA,DEFINITIVA,"VEHICULAR, PEATONAL, CICLISTA",10,21,4,"1,3,4",N/A,"21,23,24,31",N/A,"43,44,142",0,"Conteo, Brechas",1915
-74.05394589,4.668695652,2446,143,1603,KR 13 X CL 84A,CHAPINERO,NO,DOBLE,NO,1993/12/22 00:00:00+00,NORMAL,CA-TA,DEFINITIVA,"VEHICULAR, PEATONAL, CICLISTA",11,21,4,"4A,11",N/A,"211, 24A,311,34A","7211, 7311, 734A","41, 42",0,"Conteo, Brechas",1915
-74.05916693,4.66019994800001,2447,181,1604,KR 13 X CL 74,CHAPINERO,NO,DOBLE,NO,1993/12/03 00:00:00+00,NORMAL,BT-TF,DEFINITIVA,"VEHICULAR, PEATONAL",10,17,4,"3,1,12",N/A,"21,23,33,212","721, 733, 7212 (APAGADOS)",NO,0,N/A,1913
-74.05966984,4.65947381299998,2448,185,1604,KR 13 X CL 73,CHAPINERO,ACTROS,DOBLE,SI,1993/12/03 00:00:00+00,PMT,BT-TF,DEFINITIVA,"VEHICULAR, PEATONAL",7,17,3,"2,4,11",N/A,"22,24,34,211",N/A,NO,0,N/A,1913
-74.05852523,4.66111872200003,2449,175,1605,KR 13 X CL 75,CHAPINERO,ACTROS,SENCILLA,SI,2006/11/22 00:00:00+00,NORMAL,BT-TF,DEFINITIVA,"VEHICULAR, PEATONAL",7,7,3,"1,2,3,4",N/A,"21,22,24",N/A,NO,0,"Brechas, Fases por demanda",1913
-74.09451226,4.71002943299999,2450,631,1510,AK 86 X AC 90,ENGATIVA,C900,SENCILLA,SI,2000/02/02 00:00:00+00,NORMAL,CA-TA,DEFINITIVA,"VEHICULAR, PEATONAL",7,7,4,"1,2,3,4,6",N/A,"21,24",N/A,NO,0,"Brechas, Fases por demanda",1111
-74.11360748,4.71131605699998,2451,748,1511,KR 102 X AC 80,ENGATIVA,C900,SENCILLA,SI,2000/06/27 00:00:00+00,NORMAL,CA-TA,DEFINITIVA,"VEHICULAR, PEATONAL",8,8,3,"1,3A,4A,94A","3B, 4B","21,294A",N/A,NO,0,"Conteo, Brechas, Fases por demanda",1136
-74.11081902,4.71438619700001,2452,1377,1512,KR 102 X CL 82,ENGATIVA,C900,DOBLE,SI,2015/10/25 00:00:00+00,NORMAL,BT-TF,DEFINITIVA,"VEHICULAR, PEATONAL",18,32,3,"2,3A,4,11,911",N/A,"22,23A,24,32,33A,34,211,311","722,723A,724,733A,7311 (desconectados)",NO,0,Activación de sonoro,1114
-74.10958152,4.71568864099999,2453,1378,1512,KR 102 X CL 83,ENGATIVA,NO,DOBLE,NO,2015/10/25 00:00:00+00,NORMAL,BT-TF,DEFINITIVA,"VEHICULAR, PEATONAL, CICLISTA",14,32,3,"1,3,4A,5,12",N/A,"21,23,24A,31,212,312","724A,731,7212",12_41,0,Activación de sonoro,1114
-74.11034851,4.720956575,2454,1372,1513,AK 104 X DG 86A,ENGATIVA,NO,DOBLE,NO,2015/09/01 00:00:00+00,NORMAL,BT-TF,DEFINITIVA,"VEHICULAR, PEATONAL",15,32,3,"1,2,3,14,93,914",N/A,"21,22,33,214","721, 722, 733, 7214 (Desconectados)",NO,0,Activación de sonoro,1114
-74.10941039,4.71994418499997,2455,1374,1513,KR 103 D X DG 86A,ENGATIVA,C900,DOBLE,SI,2015/09/01 00:00:00+00,NORMAL,BT-TF,DEFINITIVA,"VEHICULAR, PEATONAL, CICLISTA",17,32,4,"2A,4,8,13,92A,94,913",N/A,"22A,24,32,34,213,313","722A,724,732,7313",44,0,Activación de sonoro,1114
-74.06520234,4.74249659100002,2456,272,1514,AK 72 X AC 153,SUBA,C900,SENCILLA,SI,2008/03/07 00:00:00+00,NORMAL,CA-TA,DEFINITIVA,"VEHICULAR, PEATONAL",16,16,3,"1,2,2A,3,4,10.2,92,92A",N/A,"21,22,23,24,31,32,34",N/A,NO,0,"Conteo, Brechas, Cola",1103
-74.08399857,4.74745263099999,2457,560,1515,KR 92 X CL 151B,SUBA,ACTROS,DOBLE,SI,2000/07/12 00:00:00+00,NORMAL,BT-TA,DEFINITIVA,"VEHICULAR, PEATONAL",5,11,3,"2,3,11",N/A,"22,23",N/A,NO,0,N/A,1118
-74.08292832,4.74974616700001,2458,554,1515,KR 92 X AC 153,SUBA,NO,DOBLE,NO,2000/07/12 00:00:00+00,NORMAL,BT-TA,DEFINITIVA,"VEHICULAR, PEATONAL",6,11,2,"1,6",N/A,"26,36","726, 736",NO,0,Activación de sonoro,1118
-74.08014465,4.75494322899999,2459,1439,1516,KR 92 X CL 157C,SUBA,NO,DOBLE,NO,2017/06/16 00:00:00+00,NORMAL,BT-TA,DEFINITIVA,"VEHICULAR, PEATONAL",3,12,4,"2,4",N/A,24,724,NO,0,N/A,1118
-74.08009191,4.75512907699999,2460,1449,1516,KR 92 X CL 158,SUBA,ACTROS,DOBLE,SI,2017/05/09 00:00:00+00,NORMAL,BT-TA,DEFINITIVA,"VEHICULAR, PEATONAL",9,12,2,"1,3,12",N/A,"21,23,212","721, 723, 7212",NO,0,Activación de sonoro,1118
-74.06675717,4.734781795,2461,1522,1517,AK 72 X AC 147,SUBA,C900,SENCILLA,SI,2017/02/01 00:00:00+00,NORMAL,BT-TA,DEFINITIVA,EXCLUSIVA PEATONAL,7,7,2,"1,2,2A",N/A,"21,22 (Exc)",722,NO,0,"Conteo, Cola, Fases por demanda peatonal sonoro",1102
-74.08220398,4.75098715600001,2462,1533,1518,KR 92 X CL 154A,SUBA,ACTROS,SENCILLA,SI,2017/05/17 00:00:00+00,NORMAL,BT-TA,DEFINITIVA,"VEHICULAR, PEATONAL",7,7,3,"1,2,3",N/A,"22,23",723,NO,0,Activación de sonoro,1118
-74.08715104,4.73067065800001,2463,581,1519,AK 91 X AC 132,SUBA,C900,SENCILLA,SI,2006/09/28 00:00:00+00,NORMAL,BT-TF,DEFINITIVA,"VEHICULAR, PEATONAL",5,5,3,"1,2",N/A,"21,22,36",N/A,NO,0,N/A,1119
-74.09285529,4.71713806700001,2464,623,1520,KR 91 X TV 86,SUBA,C900,SENCILLA,SI,2005/03/12 00:00:00+00,NORMAL,CA-TA,DEFINITIVA,"VEHICULAR, PEATONAL",16,16,5,"1,2,3,4,93,94",N/A,"21,22,23,24,33,34,293","723, 734, 7293",NO,0,"Brechas, Activación de sonoro",1138
-74.08538616,4.73537477000002,2465,567,1521,KR 91 X CL 137,SUBA,C900,SENCILLA,SI,2006/05/19 00:00:00+00,NORMAL,BT-TA,DEFINITIVA,"VEHICULAR, PEATONAL",11,11,4,"1,2,3,4",N/A,"21,22,23,24","721, 722, 724",NO,0,Activación de sonoro,1131
-74.09793245,4.706660602,2466,654,1522,AK 86 X DG 85,ENGATIVA,C900,SENCILLA,SI,2000/07/07 00:00:00+00,NORMAL,CA-TA,DEFINITIVA,EXCLUSIVA PEATONAL,3,3,2,"1,2",N/A,21,N/A,NO,0,N/A,1111
-74.09754526,4.73511311200002,2467,1543,1523,KR 102A X AC 132,SUBA,C900,SENCILLA,SI,2018/01/18 00:00:00+00,NORMAL,BT-TA,DEFINITIVA,"VEHICULAR, PEATONAL",19,19,4,"1,2,3,93,4,94,61",N/A,"21,22,23,24,33,34","721, 722, 723, 724, 733, 734",NO,0,Activación de sonoro,1117
-74.09435858,4.73430830400002,2468,1635,1524,KR 99 X AC 132,SUBA,C900,SENCILLA,SI,2019/08/01 00:00:00+00,NORMAL,BT-TA,DEFINITIVA,EXCLUSIVA PEATONAL,6,6,2,"3,4",N/A,"23,24",724,NO,0,Fases por demanda peatonal sonoro,1117
-74.055691,4.72491779000001,2469,154,1525,KR 52 X AC 138,SUBA,C900,SENCILLA,SI,2000/05/12 00:00:00+00,NORMAL,BT-TA,DEFINITIVA,"VEHICULAR, PEATONAL",7,7,2,"1,3,4,61",N/A,"21,24,33",N/A,NO,0,Brechas,1126
-74.05896778,4.72609900600003,2470,1373,1526,KR 54D X AC 138,SUBA,C900,SENCILLA,SI,2016/03/07 00:00:00+00,NORMAL,BT-TF,DEFINITIVA,"VEHICULAR, PEATONAL",8,8,3,"1,2,3,4",N/A,"21,22,23,34",N/A,NO,0,N/A,1126
-74.0923426,4.73335030999999,2471,1636,1534,KR 96A X AC 132,SUBA,C900,SENCILLA,SI,2019/08/15 00:00:00+00,NORMAL,BT-TA,DEFINITIVA,"VEHICULAR, PEATONAL",8,8,2,"3,4,103,104",N/A,"33,34",734,NO,0,"Brechas, Fases por demanda, Fases por demanda peatonal sonoro",1117
-74.10593188,4.70979305100002,2472,710,1535,TV 94L X CL 82,ENGATIVA,ACTROS,SENCILLA,SI,2000/09/19 00:00:00+00,NORMAL,RP-TA,DEFINITIVA,"VEHICULAR, PEATONAL",4,4,2,"1,3",N/A,"21,23",N/A,NO,0,"Conteo, Brechas, Fases por demanda, Fases por demanda peatonal",1136
-74.10447371,4.71075969200001,2473,1322,1536,TV 94L X CL 83,ENGATIVA,ACTROS,SENCILLA,SI,2013/11/14 00:00:00+00,NORMAL,RP-TA,DEFINITIVA,"VEHICULAR, PEATONAL",5,5,3,"1,91,93",N/A,"21,293",N/A,NO,0,"Conteo, Brechas, Fases por demanda, Fases por demanda peatonal",1136
-74.10365961,4.69955697400002,2474,697,1540,AK 86 X CL 75,ENGATIVA,ACTROS,DOBLE,SI,2000/05/26 00:00:00+00,NORMAL,CA-TA,DEFINITIVA,"VEHICULAR, PEATONAL",7,13,3,"1,4,12,93",N/A,"21,24,293",N/A,NO,0,"Conteo, Brechas, Fases por demanda, Fases por demanda peatonal",2305
-74.10391645,4.699180308,2475,699,1540,AK 86 X DG 74B,ENGATIVA,NO,DOBLE,NO,2000/05/26 00:00:00+00,NORMAL,CA-TA,DEFINITIVA,"VEHICULAR, PEATONAL",6,13,2,"2,3,11",N/A,"22,23,33",N/A,NO,0,"Conteo, Brechas, Cola - Siguiente Intersección, Fases por demanda peatonal",2305
-74.10632207,4.700749578,2476,1445,1541,KR 89A X CL 75,ENGATIVA,C900,SENCILLA,SI,2015/12/10 00:00:00+00,NORMAL,BT-TA,DEFINITIVA,"VEHICULAR, PEATONAL",10,10,4,"1,2,3,4",N/A,"21,22,24","721, 722, 724",NO,0,"Brechas, Fases por demanda, Activación de sonoro",1313
-74.09215573,4.75429827800002,2477,614,1545,AK 104 X AC 153,SUBA,C900,DOBLE,SI,2002/11/22 00:00:00+00,NORMAL,BT-TA,DEFINITIVA,"VEHICULAR, PEATONAL",18,22,3,"2,3,4,11,91,92,93,94",N/A,"22,23,24,32,211,291,292,293,294,311",N/A,NO,0,N/A,1115
-74.09103995,4.75642268399997,2478,1535,1545,AK 104 X CL 155A,SUBA,NO,DOBLE,NO,2017/04/25 00:00:00+00,NORMAL,BT-TA,DEFINITIVA,EXCLUSIVA PEATONAL,4,22,2,"1,12",N/A,"21,212",N/A,NO,0,Brechas,1115
-74.08444744,4.74414431299999,2479,1344,1546,KR 92 X CL 148,SUBA,ACTROS,SENCILLA,SI,2014/06/12 00:00:00+00,NORMAL,BT-TF,DEFINITIVA,"VEHICULAR, PEATONAL",6,6,4,"1,2,3",N/A,"21,22,23",N/A,NO,0,"Brechas, Fases por demanda, Fases por demanda peatonal",1118
-74.09478481,4.71989483999999,2480,633,1548,KR 93 X CL 127,SUBA,C900,SENCILLA,SI,2008/01/23 00:00:00+00,NORMAL,CA-TA,DEFINITIVA,"VEHICULAR, PEATONAL",7,7,3,"3, 4, 5, 91",N/A,"21,23,34",N/A,NO,0,"Brechas, Fases por demanda peatonal",1138
-74.09791717,4.72284397999999,2481,658,1549,KR 95A X CL 127,SUBA,C900,SENCILLA,SI,2008/01/23 00:00:00+00,NORMAL,BT-TF,DEFINITIVA,"VEHICULAR, PEATONAL",6,6,2,"1,3,4",N/A,"21,23,34",N/A,NO,0,N/A,1117
-74.09906998,4.72514710500002,2482,669,1550,KR 98 X CL 127,SUBA,C900,SENCILLA,SI,2008/01/23 00:00:00+00,NORMAL,BT-TF,DEFINITIVA,"VEHICULAR, PEATONAL",6,6,2,"1,3,4",N/A,"21,23,34",N/A,NO,0,N/A,1117
-74.10083758,4.72996440999998,2483,676,1551,AK 104 X CL 129,SUBA,C900,SENCILLA,SI,2008/01/24 00:00:00+00,NORMAL,BT-TA,DEFINITIVA,"VEHICULAR, PEATONAL",9,9,4,"1,2,3,5,92",N/A,"22,23,31,33",N/A,NO,0,"Brechas, Fases por demanda",1117
-74.0999342,4.735850169,2484,671,1552,AK 104 X AC 132,SUBA,C900,SENCILLA,SI,2002/08/22 00:00:00+00,NORMAL,BT-TA,DEFINITIVA,"VEHICULAR, PEATONAL",10,10,5,"1,2,3,4,5,6",N/A,"22,23,24,31",N/A,NO,0,"Brechas, Fases por demanda",1117
-74.09905492,4.71430099299999,2485,662,1553,KR 94G X AC 90,ENGATIVA,ACTROS,SENCILLA,SI,2002/08/15 00:00:00+00,NORMAL,RP-TF,DEFINITIVA,"VEHICULAR, PEATONAL",6,6,3,"1,3,4",N/A,"21,23,34",N/A,NO,0,N/A,1111
-74.10040441,4.73271051099999,2486,1122,1554,AK 104 X CL 130C,SUBA,C900,SENCILLA,SI,2008/12/18 00:00:00+00,NORMAL,BT-TF,DEFINITIVA,"VEHICULAR, PEATONAL",12,12,3,"1,2,2A,4,6,14",N/A,"21,22A,24,32,32A,214",N/A,NO,0,N/A,1117
-74.08641053,4.68526850000001,2487,575,1555,KR 69H X CL 75,ENGATIVA,NO,DOBLE,NO,2000/09/14 00:00:00+00,NORMAL,BT-TF,DEFINITIVA,"VEHICULAR, PEATONAL",4,8,2,"2,13",N/A,"22,213",N/A,NO,0,N/A,1309
-74.08692397,4.68592019900001,2488,579,1555,KR 69K X CL 75,ENGATIVA,ACTROS,DOBLE,SI,2000/09/14 00:00:00+00,NORMAL,BT-TF,DEFINITIVA,"VEHICULAR, PEATONAL",4,8,2,"1,3",N/A,"21,23",N/A,NO,0,N/A,1309
-74.08550107,4.685995924,2489,568,1556,KR 69H X CL 77,ENGATIVA,NO,DOBLE,NO,2004/07/17 00:00:00+00,NORMAL,BT-TF,DEFINITIVA,"VEHICULAR, PEATONAL",4,8,2,"2,4",N/A,"22,24",N/A,NO,0,N/A,1309
-74.0860099,4.68664303499997,2490,573,1556,KR 69K X CL 77,ENGATIVA,ACTROS,DOBLE,SI,2004/07/17 00:00:00+00,NORMAL,BT-TF,DEFINITIVA,"VEHICULAR, PEATONAL",4,8,2,"1,14",N/A,"21,214",N/A,NO,0,N/A,1309
-74.11062854,4.70840640500001,2491,729,1624,CABECERA PORTAL 80 X AC 80,ENGATIVA,C900,SENCILLA,SI,2000/12/27 00:00:00+00,NORMAL,CA-TF,DEFINITIVA,"VEHICULAR, PEATONAL",13,13,3,"3A,4A","1B,2B,3B,4B,7B,91B,94B,291B","21,22,32",N/A,NO,0,"Conteo, Brechas, Fases por demanda",1136
-74.03527946,4.718829927,2492,23,1625,KR 11 X CL 140,USAQUEN,C900,SENCILLA,SI,1993/05/11 00:00:00+00,NORMAL,CA-TA,DEFINITIVA,"VEHICULAR, PEATONAL",8,8,3,"1,2,3,4",N/A,"21,22,23,24",N/A,NO,0,"Conteo, Brechas, Cola - Siguiente Intersección",1203
-74.08637283,4.73824043000002,2493,1412,1626,KR 94 X AC 145,SUBA,C900,SENCILLA,SI,2014/12/18 00:00:00+00,NORMAL,CA-TA,DEFINITIVA,"VEHICULAR, PEATONAL",5,5,2,"3,92",N/A,292,"793, 7292",NO,0,"Conteo, Brechas, Activación de sonoro",1101
-74.04493685,4.73161976599999,2494,1355,1627,AK 19 X CL 150,USAQUEN,ACTROS,SENCILLA,SI,2015/08/01 00:00:00+00,NORMAL,CA-TA,DEFINITIVA,"VEHICULAR, PEATONAL, CICLISTA",18,18,2,"1,2,3,4,792",N/A,"21,22,23,24,31,32","721, 722, 724, 731, 732",41.42,0,"Conteo, Activación de sonoro",1201
-74.03989919,4.72077029100001,2495,32,1628,KR 13 X CL 140,USAQUEN,C900,SENCILLA,SI,1993/05/11 00:00:00+00,NORMAL,CA-TA,DEFINITIVA,"VEHICULAR, PEATONAL",7,7,3,"1,3,4",N/A,"21,23,24,31",N/A,NO,0,"Conteo, Brechas",1203
-74.03758745,4.719791939,2496,27,1629,KR 12 X CL 140,USAQUEN,C900,SENCILLA,SI,2006/11/08 00:00:00+00,NORMAL,CA-TA,DEFINITIVA,"VEHICULAR, PEATONAL",8,8,3,"1,2,3,4",N/A,"21,22,23,24",N/A,NO,0,"Conteo, Brechas",1203
-74.03907644,4.72276248999998,2497,29,1630,KR 13 X CL 142,USAQUEN,C900,SENCILLA,SI,1998/04/04 00:00:00+00,NORMAL,R-TA,DEFINITIVA,"VEHICULAR, PEATONAL",5,5,2,"1,3,4",N/A,"21,23",N/A,NO,0,"Conteo, Brechas, Cola",1203
-74.04591611,4.72588092500001,2498,1353,1631,AK 19 X CL 144,USAQUEN,ACTROS,DOBLE,SI,2015/08/01 00:00:00+00,NORMAL,CA-TA,DEFINITIVA,"VEHICULAR, PEATONAL, CICLISTA",12,30,2,"2,4,3A,11",N/A,"22,23A,24,211,32,311",validar,42.411,0,Conteo,1201
-74.04579594,4.72672821999998,2499,1354,1631,AK 19 X CL 145,USAQUEN,NO,DOBLE,NO,2015/08/01 00:00:00+00,NORMAL,CA-TA,DEFINITIVA,"VEHICULAR, PEATONAL, CICLISTA",18,30,2,"1,3,4A,12,7912",N/A,"21,212,23,24A,31,312","721,731,7212,724A,7312",41.412,0,"Conteo, Activación de sonoro",1201
-74.0510744,4.70207867900001,2500,111,1633,KR 20 X CL 122,USAQUEN,ACTROS,SENCILLA,SI,1993/12/03 00:00:00+00,NORMAL,RP-TA,DEFINITIVA,"VEHICULAR, PEATONAL",8,8,3,"1,2,3,4",N/A,"21,22,23,24",N/A,NO,0,"Brechas, Cola, Cola - Siguiente Intersección",1211
-74.05060963,4.70480222899999,2501,108,1634,KR 20 X CL 125,USAQUEN,C900,SENCILLA,SI,1998/04/20 00:00:00+00,NORMAL,RP-TF,DEFINITIVA,"VEHICULAR, PEATONAL",6,6,3,"1,2,3,4",N/A,"21,23",N/A,NO,0,N/A,1211
-74.04145308,4.72140831600001,2502,38,1635,AK 15 X CL 140,USAQUEN,C900,SENCILLA,SI,1993/05/11 00:00:00+00,NORMAL,CA-TA,DEFINITIVA,"VEHICULAR, PEATONAL",12,12,2,"1,2,3,4,13,14",N/A,"21,22,23,24,31,32",N/A,NO,0,"Conteo, Brechas",1203
-74.04133729,4.72366912400003,2503,37,1636,AK 15 X CL 142,USAQUEN,C900,SENCILLA,SI,1998/04/01 00:00:00+00,NORMAL,R-TA,DEFINITIVA,"VEHICULAR, PEATONAL",12,12,2,"1,2,3,4,13,14",N/A,"21,22,23,24,31,32",N/A,NO,0,"Conteo, Brechas",1203
-74.04320819,4.71632478700002,2504,49,1637,AK 15 X AC 134,USAQUEN,C900,SENCILLA,SI,2000/08/15 00:00:00+00,NORMAL,RP-TF,DEFINITIVA,"VEHICULAR, PEATONAL",8,8,3,"1,2,3,4,11,14",N/A,"21,32 (Reg)",N/A,NO,0,Cola - Siguiente Intersección,1201
-74.06438249,4.72818069700003,2505,259,1648,AK 58 X AC 138,SUBA,ACTROS,SENCILLA,SI,1993/09/16 00:00:00+00,NORMAL,CA-TA,DEFINITIVA,"VEHICULAR, PEATONAL",11,11,4,"1,2,3,4,5,6,92",N/A,"22,23,24,31",N/A,NO,0,"Brechas, Fases por demanda vehicular",1125
-74.06274411,4.73317065399999,2506,1179,1649,AK 58 X AC 147,SUBA,ACTROS,SENCILLA,SI,2010/01/19 00:00:00+00,NORMAL,RP-TA,DEFINITIVA,"VEHICULAR, PEATONAL",7,7,3,"1,2,3,11,12",N/A,"22,211",N/A,NO,0,"Conteo, Brechas",1137
-74.06355414,4.73067474499999,2507,1343,1650,AK 58 X CL 145,SUBA,ACTROS,SENCILLA,SI,2014/07/22 00:00:00+00,NORMAL,R-TA,DEFINITIVA,"VEHICULAR, PEATONAL",8,8,3,"1,2,4,6",N/A,"21,24,32,34",N/A,NO,0,Brechas,1125
-74.05991919,4.73606103600002,2508,1292,1652,KR 56 X CL 152,SUBA,ACTROS,DOBLE,SI,2012/12/26 00:00:00+00,NORMAL,R-TA,DEFINITIVA,"VEHICULAR, PEATONAL",11,19,4,"1,2A,4,13",N/A,"21,22A,24,213,31,34,313",N/A,NO,0,N/A,1137
-74.06212821,4.73635158000002,2509,1338,1652,AK 58 X CL 152,SUBA,NO,DOBLE,NO,2016/03/16 00:00:00+00,NORMAL,R-TA,DEFINITIVA,"VEHICULAR, PEATONAL",8,19,5,"1A,2,3,14",N/A,"23,21A,214,33",N/A,NO,0,"Brechas, Fases por demanda vehicular, Fases por demanda peatonal",1137
-74.05953939,4.74026086100002,2510,1392,1653,KR 56 X AC 153,SUBA,C900,SENCILLA,SI,2014/07/08 00:00:00+00,PMT,BT-TF,DEFINITIVA,"VEHICULAR, PEATONAL",15,15,3,"1,2,3,4,6",N/A,"21,22,23",N/A,NO,0,"Conteo, Brechas, Fases por demanda, Congestión",1104
-74.05448209,4.73900675300001,2511,1403,1654,KR 54 X AC 153,SUBA,C900,DOBLE,SI,2014/11/25 00:00:00+00,PMT,BT-TF,DEFINITIVA,"VEHICULAR, PEATONAL",6,10,2,"1,3,14",N/A,23,N/A,"41, 42",0,N/A,1104
-74.0519718,4.738429962,2512,1402,1654,KR 50 X AC 153,SUBA,NO,DOBLE,NO,2014/10/30 00:00:00+00,PMT,BT-TF,DEFINITIVA,"VEHICULAR, PEATONAL",4,10,2,"2,4,13",N/A,22,N/A,NO,0,N/A,1104
-74.06084724,4.66027655900001,2513,204,1768,AK 15 X CL 73,CHAPINERO,C900,DOBLE,SI,1994/11/12 00:00:00+00,PMT,BT-TF,DEFINITIVA,"VEHICULAR, PEATONAL",3,3,2,"2,4",N/A,24,N/A,NO,0,N/A,1913
-74.05747672,4.65904801599999,2514,166,1770,AK 11 X CL 74,CHAPINERO,ACTROS,SENCILLA,SI,1994/11/13 00:00:00+00,NORMAL,CA-TA,DEFINITIVA,"VEHICULAR, PEATONAL, CICLISTA",12,12,3,"1,3",N/A,"21,23,31,34","721, 723, 731, 734","41, 42",0,"Conteo, Brechas, Activación de sonoro",1910
-74.07870061,4.71177337199998,2515,528,1774,AK 72 X CL 127A,SUBA,C900,SENCILLA,SI,1998/04/20 00:00:00+00,PMT,BT-TF,DEFINITIVA,"VEHICULAR, PEATONAL",6,6,2,"1,2,94",N/A,"21, 22, 294",N/A,NO,0,N/A,1108
-74.06003477,4.669497079,2516,192,1775,AK 20 X CL 82,BARRIOS UNIDOS,C900,SENCILLA,SI,2001/11/08 00:00:00+00,NORMAL,CA-TA,DEFINITIVA,"VEHICULAR, PEATONAL",7,7,3,"2,2A,5,92A","1B,2B",35,N/A,NO,0,"Conteo, Brechas, Fases por demanda, Cola - Siguiente Intersección",1916
-74.05981495,4.65566773199998,2517,189,1776,AK 11 X CL 70A,CHAPINERO,ACTROS,DOBLE,SI,1993/12/07 00:00:00+00,NORMAL,CA-TA,DEFINITIVA,"VEHICULAR, PEATONAL",9,18,3,"1,3",N/A,"21,23,31,33","721, 723, 733",NO,0,"Conteo, Brechas, Activación de sonoro",1910
-74.06023979,4.65504020399999,2518,193,1776,AK 11 X CL 70,CHAPINERO,NO,DOBLE,NO,1993/12/07 00:00:00+00,NORMAL,CA-TA,DEFINITIVA,"VEHICULAR, PEATONAL",9,18,3,"4,11",N/A,"24,34,211,311","724, 734, 7311",NO,0,"Conteo, Brechas, Activación de sonoro",1910
-74.04542218,4.67860886900002,2519,62,1801,AK 11 X CL 95,CHAPINERO,ACTROS,SENCILLA,SI,1994/10/30 00:00:00+00,NORMAL,CA-TA,DEFINITIVA,"VEHICULAR, PEATONAL",7,7,3,"1,1A,2,4",N/A,"21,24,34",N/A,NO,0,"Conteo, Brechas, Fases por demanda, Fases por demanda peatonal",1904
-74.04617642,4.724115584,2520,68,1802,AK 19 X CL 142,USAQUEN,ACTROS,SENCILLA,SI,1993/12/06 00:00:00+00,NORMAL,CA-TA,DEFINITIVA,"VEHICULAR, PEATONAL, CICLISTA",12,12,3,"1,2,3,4",N/A,"21,22,23,24,31,32",N/A,41.42,0,"Conteo, Brechas",1201
-74.05324003,4.65320924100001,2521,133,1803,KR 4 X CL 71,CHAPINERO,NO,DOBLE,NO,2004/09/15 00:00:00+00,NORMAL,CA-TA,DEFINITIVA,"VEHICULAR, PEATONAL",8,17,3,"1,8,14,93",N/A,"21,214,293,314",N/A,NO,0,Conteo,1909
-74.05393816,4.65367691699998,2522,140,1803,KR 5 X AC 72,CHAPINERO,ACTROS,DOBLE,SI,1999/12/15 00:00:00+00,NORMAL,CA-TA,DEFINITIVA,"VEHICULAR, PEATONAL",9,17,3,"2,2A,4,12,94",N/A,"22,22A,24,294",N/A,NO,0,"Conteo, Cola - Siguiente Intersección",1909
-74.04963343,4.65465343699998,2523,97,1804,AK 1 X DG 76,CHAPINERO,ACTROS,SENCILLA,SI,2005/07/19 00:00:00+00,NORMAL,CA-TA,DEFINITIVA,"VEHICULAR, PEATONAL",9,9,4,"1,2,3,7,92",N/A,"21,23,32,33",N/A,NO,0,"Conteo, Brechas, Fases por demanda, Fases por demanda peatonal",1911
-74.05246012,4.65727886899998,2524,121,1805,KR 5 X CL 75,CHAPINERO,ACTROS,SENCILLA,SI,2000/08/09 00:00:00+00,NORMAL,RP-TA,DEFINITIVA,"VEHICULAR, PEATONAL",4,4,2,"1,4",N/A,"21,24",N/A,NO,0,Brechas,1908
-74.04887458,4.656203898,2525,90,1806,AK 1 X CL 76A,CHAPINERO,ACTROS,SENCILLA,SI,2005/07/19 00:00:00+00,NORMAL,CA-TA,DEFINITIVA,"VEHICULAR, PEATONAL",7,7,2,"1,2,4",N/A,"21,24,32,34",N/A,NO,0,"Conteo, Brechas, Fases por demanda, Fases por demanda peatonal",1911
-74.05228901,4.65555412100002,2526,119,1807,KR 4 X CL 74,CHAPINERO,NO,DOBLE,NO,2003/12/24 00:00:00+00,NORMAL,RP-TA,DEFINITIVA,"VEHICULAR, PEATONAL",4,8,2,"2,13",N/A,"22,213",N/A,NO,0,Brechas,1908
-74.05303744,4.65595901,2527,129,1807,KR 5 X CL 74,CHAPINERO,ACTROS,DOBLE,SI,2003/12/24 00:00:00+00,NORMAL,RP-TA,DEFINITIVA,"VEHICULAR, PEATONAL",4,8,2,"1,3",N/A,"21,23",N/A,NO,0,Brechas,1908
-74.04710285,4.66194931899997,2528,78,1808,AK 1 X CL 83,CHAPINERO,ACTROS,SENCILLA,SI,2006/09/15 00:00:00+00,NORMAL,CA-TA,DEFINITIVA,"VEHICULAR, PEATONAL",7,7,4,"1,2,4,5",N/A,"21,24,32",N/A,NO,0,"Conteo, Brechas, Fases por demanda, Cola - Siguiente Intersección, Fases por demanda peatonal",1901
-74.05096592,4.64871926500001,2529,91,1809,AK 2 ESTE X TV 1 ESTE,CHAPINERO,ACTROS,SENCILLA,SI,2006/09/13 00:00:00+00,NORMAL,BT-TA,DEFINITIVA,"VEHICULAR, PEATONAL",4,4,2,"1,2,3",N/A,23,N/A,NO,0,"Brechas, Fases por demanda",2902
-74.02613971,4.72278299599998,2530,7,1837,AK 7 X AC 147,USAQUEN,C900,SENCILLA,SI,1993/05/13 00:00:00+00,NORMAL,CA-TA,DEFINITIVA,"VEHICULAR, PEATONAL",8,8,3,"1,2,3,6",N/A,"21,22,23,33",N/A,NO,0,"Brechas, Fases por demanda",1218
-74.04753759,4.76555432100002,2531,1283,1863,KR 54D X CL 187,SUBA,C900,SENCILLA,SI,2012/12/13 00:00:00+00,NORMAL,BT-TF,DEFINITIVA,"VEHICULAR, PEATONAL",8,8,4,"1,2,3,4,8",N/A,"21,22,23",N/A,NO,0,N/A,1124
-74.06206602,4.66218475800002,2532,220,1864,KR 20A X CL 74,BARRIOS UNIDOS,C900,SENCILLA,SI,1993/05/13 00:00:00+00,Desvío - PMT,BT-TF,DEFINITIVA,"VEHICULAR, PEATONAL",5,5,3,"2,3",N/A,"22,23,32",N/A,NO,0,N/A,1913
-74.04744491,4.76123841399999,2533,1398,1865,KR 50B X AC 183,SUBA,ACTROS,SENCILLA,SI,2014/10/16 00:00:00+00,NORMAL,BT-TA,DEFINITIVA,"VEHICULAR, PEATONAL",10,10,3,"2,3,4,93",N/A,"22,24,33","722, 724, 733",NO,0,Activación de sonoro,1124
-74.11994326,4.70674364799999,2534,1509,1870,KR 105A X AC 72,ENGATIVA,ACTROS,DOBLE,SI,2019/06/23 00:00:00+00,NORMAL,BT-TA,DEFINITIVA,"VEHICULAR, PEATONAL",8,16,3,"1,2A,4,13",N/A,"21,24,22A,313",N/A,NO,0,Brechas,1313
-74.12061988,4.70731138100001,2535,1511,1870,KR 105F X AC 72,ENGATIVA,NO,DOBLE,NO,2019/06/23 00:00:00+00,NORMAL,BT-TA,DEFINITIVA,"VEHICULAR, PEATONAL",8,16,3,"1A,2,3,14",N/A,"21A,22,23,314",N/A,NO,0,Brechas,1313
-74.10487644,4.70827625300001,2536,704,1871,TV 94 X CL 82,ENGATIVA,C900,SENCILLA,SI,2007/12/28 00:00:00+00,NORMAL,RP-TA,DEFINITIVA,"VEHICULAR, PEATONAL",6,6,3,"2,94",N/A,"22,294","722, 7294",NO,0,"Brechas, Activación de sonoro",1136
-74.09773222,4.71307255699998,2537,652,1872,KR 91 X AC 90,ENGATIVA,ACTROS,SENCILLA,SI,1993/09/30 00:00:00+00,NORMAL,RP-TF,DEFINITIVA,"VEHICULAR, PEATONAL",12,12,3,"1,2,3,4,91",N/A,"21,22,23,24,32,33,291",N/A,NO,0,Fases por demanda,1111
-74.08470746,4.74261712999999,2538,564,1874,KR 92 X CL 147B BIS,SUBA,ACTROS,SENCILLA,SI,1995/01/29 00:00:00+00,NORMAL,BT-TA,DEFINITIVA,"VEHICULAR, PEATONAL",9,9,3,"1,3,4",N/A,"21,23,24","721, 723, 724",NO,0,"Brechas, Fases por demanda, Fases por demanda peatonal sonoro",1118
-74.11831646,4.70536265999999,2539,766,1875,KR 103 X AC 72,ENGATIVA,NO,DOBLE,NO,1998/09/05 00:00:00+00,NORMAL,BT-TA,DEFINITIVA,"VEHICULAR, PEATONAL",7,12,3,"1,4,7,13",N/A,"21,34,213",N/A,NO,0,Brechas,1313
-74.11897928,4.70593270900002,2540,768,1875,AK 104 X AC 72,ENGATIVA,ACTROS,DOBLE,SI,1998/09/05 00:00:00+00,NORMAL,BT-TA,DEFINITIVA,"VEHICULAR, PEATONAL",5,12,2,"1A,3,14",N/A,"23,314",N/A,NO,0,"Brechas, Cola - Siguiente Intersección",1313
-74.09626224,4.74654257700001,2541,643,1876,AK 104 X AC 145,SUBA,C900,SENCILLA,SI,1998/06/02 00:00:00+00,NORMAL,CA-TA,DEFINITIVA,"VEHICULAR, PEATONAL",24,24,3,"1,2,3,4,7,8,13,14,91,92,93,94",N/A,"21,22,31,32,213,214,291,292,293,294,313,314",N/A,NO,0,"Conteo, Brechas, Cola",1101
-74.05801371,4.75392253699999,2542,167,1877,AK 58 X CL 169B,SUBA,NO,TRIPLE,NO,2006/10/12 00:00:00+00,NORMAL,BT-TA,DEFINITIVA,"VEHICULAR, PEATONAL",10,19,3,"3,8,13A,92,113A",N/A,"23,28,38,213A,292",N/A,NO,0,"Brechas, Fases por demanda",1123
-74.05948163,4.75418001200001,2543,183,1877,KR 62 X CL 169B,SUBA,C900,TRIPLE,SI,2006/10/12 00:00:00+00,NORMAL,BT-TA,DEFINITIVA,"VEHICULAR, PEATONAL",7,19,4,"2,18,3A,4",N/A,"22,23A,34",N/A,NO,0,"Brechas, Fases por demanda",1123
-74.05806581,4.75436224999999,2544,1133,1877,AK 58 X CL 170,SUBA,NO,TRIPLE,NO,2006/10/12 00:00:00+00,NORMAL,BT-TA,DEFINITIVA,EXCLUSIVA PEATONAL,2,19,2,4A,N/A,24A (Exc),N/A,NO,0,N/A,1123
-74.05976684,4.70773783700002,2545,190,1878,KR 51A X AC 127,SUBA,C900,SENCILLA,SI,2002/02/15 00:00:00+00,NORMAL,BT-TF,DEFINITIVA,"VEHICULAR, PEATONAL",6,6,4,"1,3,4",N/A,"21,23,24",N/A,NO,0,N/A,1127
-74.10018161,4.74882964300002,2546,673,1879,KR 111 X AC 145,SUBA,C900,SENCILLA,SI,2007/10/25 00:00:00+00,NORMAL,CA-TA,DEFINITIVA,EXCLUSIVA PEATONAL,6,6,2,"3,4",N/A,"23,24 (Exc)",724,NO,0,Fases por demanda peatonal sonoro,1101
-74.09366621,4.744591668,2547,639,1880,KR 102B BIS X AC 145,SUBA,C900,SENCILLA,SI,2006/04/28 00:00:00+00,NORMAL,CA-TA,DEFINITIVA,"VEHICULAR, PEATONAL",10,10,2,"3,4A,5",94B,"23,25,34","723, 725, 734",NO,0,"Brechas, Cola - Siguiente Intersección, Activación de sonoro",1101
-74.09497114,4.74895264899999,2548,640,1881,AK 104 X ENTRADA PORTAL SUBA,SUBA,C900,SENCILLA,SI,2006/04/28 00:00:00+00,NORMAL,RP-TA,DEFINITIVA,"VEHICULAR, PEATONAL",7,7,3,"1,2,5","4,94","24,35",N/A,NO,0,"Brechas, Fases por demanda, Cola - Siguiente Intersección",1101
-74.04451754,4.74669210399998,2549,57,1606,KR 21 X CL 166,USAQUEN,C900,SENCILLA,SI,2006/09/05 00:00:00+00,NORMAL,BT-TF,DEFINITIVA,"VEHICULAR, PEATONAL",6,6,3,"1,3,4",N/A,"21,23,31",N/A,NO,0,N/A,1207
-74.06147185,4.75006824000002,2550,211,1607,KR 62 X CL 167,SUBA,C900,SENCILLA,SI,2004/03/04 00:00:00+00,NORMAL,BT-TF,DEFINITIVA,"VEHICULAR, PEATONAL",6,6,4,"1,2,3,4",N/A,"22,23",N/A,NO,0,N/A,1121
-74.07734176,4.75900320900001,2551,508,1608,KR 92 X AC 170,SUBA,ACTROS,DOBLE,SI,2004/03/17 00:00:00+00,NORMAL,CA-TA,DEFINITIVA,"VEHICULAR, PEATONAL",5,10,3,"1,4,12",N/A,"21,24",N/A,NO,0,"Brechas, Fases por demanda",1130
-74.07750994,4.75855140599998,2552,1308,1608,KR 92 X CL 169B,SUBA,NO,DOBLE,NO,2012/12/19 00:00:00+00,NORMAL,CA-TA,DEFINITIVA,"VEHICULAR, PEATONAL",5,10,3,"2,5,11",N/A,"22,35",N/A,NO,0,"Brechas, Fases por demanda",1130
-74.04980731,4.68088756700001,2553,98,1609,AK 15 X CL 95,CHAPINERO,C900,SENCILLA,SI,1980/10/29 00:00:00+00,NORMAL,CA-TA,DEFINITIVA,"VEHICULAR, PEATONAL",4,4,2,"2,4",N/A,"22,24",N/A,NO,0,"Conteo, Brechas, Cola - Siguiente Intersección",1904
-74.04116093,4.729349754,2554,36,1610,AK 15 X AC 147,USAQUEN,C900,SENCILLA,SI,1998/06/09 00:00:00+00,NORMAL,BT-TA,DEFINITIVA,"VEHICULAR, PEATONAL",12,12,4,"1,2,3,4,13,14",N/A,"22,23,24,31,313,314",N/A,NO,0,"Brechas, Fases por demanda",1216
-74.07455747,4.728040663,2555,1123,1612,TV 76 X CL 136,SUBA,C900,SENCILLA,SI,2007/12/21 00:00:00+00,NORMAL,BT-TA,DEFINITIVA,"VEHICULAR, PEATONAL",4,4,2,"2,94",N/A,"24,294",N/A,NO,0,"Brechas, Fases por demanda",1120
-74.08161032,4.73552305499999,2556,1124,1613,AC 145 X CL 137,SUBA,C900,SENCILLA,SI,2007/12/28 00:00:00+00,NORMAL,BT-TF,DEFINITIVA,EXCLUSIVA VEHICULAR,2,2,2,"1,4",N/A,N/A,N/A,NO,0,N/A,1131
-74.04464723,4.73289166799998,2557,60,1614,AK 19 X CL 151,USAQUEN,ACTROS,SENCILLA,SI,1998/06/09 00:00:00+00,NORMAL,CA-TA,DEFINITIVA,"VEHICULAR, PEATONAL",7,7,3,"1,2,4,5",N/A,"21,24,32",N/A,NO,0,"Conteo, Brechas, Fases por demanda",1201
-74.04532259,4.729681411,2558,61,1615,AK 19 X AC 147,USAQUEN,ACTROS,DOBLE,SI,1989/10/01 00:00:00+00,PMT,CA-TA,DEFINITIVA,"VEHICULAR, PEATONAL, CICLISTA",15,27,3,"1,12,3,4A,8",N/A,"21,212,23,24A,31,312,33,34A",N/A,"41,412",0,"Conteo, Brechas",1201
-74.04553191,4.72843810199998,2559,1622,1615,AK 19 X AC 146,USAQUEN,NO,DOBLE,NO,2019/01/10 00:00:00+00,Desvío - PMT,CA-TA,DEFINITIVA,"VEHICULAR, PEATONAL, CICLISTA",12,27,3,"11,2,3A,4",N/A,"211,22,23A,24,311,32",N/A,"42,411",0,"Conteo, Brechas",1201
-74.04377956,4.73660227800002,2560,54,1616,AK 19 X AC 153,USAQUEN,C900,SENCILLA,SI,2004/08/19 00:00:00+00,PMT,CA-TA,DEFINITIVA,"VEHICULAR, PEATONAL, CICLISTA",24,24,4,"1,2,3,4,8,93",N/A,"21,22,23,24,31,32,33,34","721, 722, 723, 724, 731, 732, 733, 734","41,42",0,"Conteo, Brechas",1201
-74.0400381,4.74004378000001,2561,33,1617,KR 16C X AC 161,USAQUEN,ACTROS,SENCILLA,SI,2000/08/15 00:00:00+00,NORMAL,RP-TA,DEFINITIVA,"VEHICULAR, PEATONAL",8,8,3,"1,2,3,4",N/A,"21,22,24,33",N/A,NO,0,"Brechas, Fases por demanda, Cola - Siguiente Intersección, Fases por demanda peatonal",1201
-74.04568577,4.74134913900002,2562,64,1618,KR 21 X AC 161,USAQUEN,ACTROS,SENCILLA,SI,2001/05/21 00:00:00+00,NORMAL,RP-TA,DEFINITIVA,"VEHICULAR, PEATONAL, CICLISTA",9,9,3,"1,3,4",N/A,"21,22,23,34",N/A,"43,44",0,"Conteo, Brechas, Fases por demanda",1201
-74.04299992,4.75046295700002,2563,44,1619,KR 20 X AC 170,USAQUEN,C900,SENCILLA,SI,2000/07/13 00:00:00+00,NORMAL,CA-TA,DEFINITIVA,"VEHICULAR, PEATONAL, CICLISTA",8,8,2,"2,3,4",N/A,"22,24,33",N/A,"43,44",0,"Conteo, Brechas",1202
-74.0444455,4.73373106600002,2564,58,1620,AK 19 X CL 152,USAQUEN,ACTROS,SENCILLA,SI,2001/07/02 00:00:00+00,NORMAL,CA-TA,DEFINITIVA,"VEHICULAR, PEATONAL, CICLISTA",13,13,4,"1,2,3,6",N/A,"21,22,23,31,32",722,"41,42",0,"Conteo, Brechas, Cola, Cola - Siguiente Intersección, Fases por demanda peatonal sonoro",1201
-74.11515778,4.71321322199998,2565,752,1621,AK 104 X AC 80,ENGATIVA,C900,SENCILLA,SI,1993/12/29 00:00:00+00,NORMAL,CA-TA,DEFINITIVA,"VEHICULAR, PEATONAL",18,18,5,"1,2,3A,4A,91,92, 94","3B,4B","21,22, 24A, 24B, 32,291, 292, 33A, 33B",N/A,NO,0,"Conteo, Brechas, Fases por demanda, Cola - Siguiente Intersección",1136
-74.116732,4.71547743299999,2566,757,1622,KR 107 X AC 80,ENGATIVA,C900,SENCILLA,SI,1994/01/03 00:00:00+00,NORMAL,CA-TA,DEFINITIVA,"VEHICULAR, PEATONAL",12,12,4,"2,3A,3B,4A,4B,8",N/A,"22,24A,24B,33A,33B,38",N/A,NO,0,"Conteo, Brechas, Fases por demanda",1136
-74.05788849,4.73585474399999,2567,1405,1623,KR 55 X CL 152,SUBA,ACTROS,SENCILLA,SI,2015/07/08 00:00:00+00,NORMAL,RP-TF,DEFINITIVA,"VEHICULAR, PEATONAL",8,8,3,"1,2,3,4",N/A,"21,22,23,24",N/A,NO,0,N/A,1137
-74.06889216,4.61582527000002,2568,1333,2020,AK 7 X CL 29,SANTA FE,NO,TRIPLE,NO,2014/05/06 00:00:00+00,NORMAL,RP-TF,DEFINITIVA,EXCLUSIVA PEATONAL,3,14,2,112,N/A,2112 (Exc),72112,NO,0,Activación de sonoro,2807
-74.06499235,4.62048170700001,2569,265,2021,KR 5 X CL 34,SANTA FE,ACTROS,SENCILLA,SI,1997/04/25 00:00:00+00,NORMAL,BT-TA,DEFINITIVA,"VEHICULAR, PEATONAL",4,4,2,"1,3",N/A,"21,23",N/A,NO,0,Brechas,2804
-74.06102793,4.648492809,2570,1342,2022,KR 9 X AC 63,CHAPINERO,C900,SENCILLA,SI,2016/01/21 00:00:00+00,PMT,RP-TA,DEFINITIVA,"VEHICULAR, PEATONAL",8,8,2,"2,3",N/A,"22,23,293","722, 723, 7293",NO,0,Activación de sonoro,1909
-74.0704467,4.60908386099999,2571,379,2023,KR 7 X CL 23,SANTA FE,C900,SENCILLA,SI,1995/05/05 00:00:00+00,NORMAL,RP-TA,DEFINITIVA,"VEHICULAR, PEATONAL, CICLISTA",9,9,2,3,N/A,"22,23,32,33",724,41.42,0,Activación de sonoro,2708
-74.07158712,4.60534318399999,2572,401,2024,KR 7 X AC 19,SANTA FE,C900,SENCILLA,SI,1994/06/01 00:00:00+00,NORMAL,RP-TA,DEFINITIVA,"VEHICULAR, PEATONAL, CICLISTA",14,14,2,"3,4",N/A,"22,23,24,32,33,34","723, 724, 733, 734",41.42,0,Activación de sonoro,2708
-74.07229031,4.60349560499998,2573,421,2025,KR 7 X CL 17,SANTA FE,C900,DOBLE,SI,1997/04/23 00:00:00+00,NORMAL,RP-TA,DEFINITIVA,"VEHICULAR, PEATONAL, CICLISTA",9,13,2,4,N/A,"24,34,212,312",725,41.412,0,Activación de sonoro,2708
-74.07273262,4.60254251800001,2574,433,2025,KR 7 X CL 16,SANTA FE,NO,DOBLE,NO,1997/04/23 00:00:00+00,NORMAL,RP-TA,DEFINITIVA,"PEATONAL, CICLISTA",4,13,2,N/A,N/A,"22,32 (Exc)",N/A,42.411,0,N/A,2708
-74.07148604,4.64027112500003,2575,397,2026,KR 20 X CL 52,TEUSAQUILLO,NO,DOBLE,NO,2004/10/29 00:00:00+00,NORMAL,RP-TF,DEFINITIVA,"VEHICULAR, PEATONAL",5,10,2,"13,2A",N/A,"213,313,22A",N/A,NO,0,N/A,2811
-74.07216121,4.64039515100001,2576,414,2026,KR 21 X CL 52,TEUSAQUILLO,ACTROS,DOBLE,SI,2000/08/11 00:00:00+00,NORMAL,RP-TF,DEFINITIVA,"VEHICULAR, PEATONAL",5,10,2,"1,2,3",N/A,"22,23",N/A,NO,0,N/A,2811
-74.0733628,4.60140769899999,2577,448,2027,KR 7 X CL 13,CANDELARIA,C900,SENCILLA,SI,1997/10/06 00:00:00+00,NORMAL,RP-TA,DEFINITIVA,"VEHICULAR, PEATONAL, CICLISTA",9,9,2,N/A,"3B,4B","22,23,24,32",723,"41,42",0,Activación de sonoro,2708
-74.07429299,4.60000671,2578,469,2028,KR 7 X CL 12B,CANDELARIA,NO,DOBLE,NO,1994/05/30 00:00:00+00,NORMAL,RP-TA,DEFINITIVA,"VEHICULAR, PEATONAL, CICLISTA",9,18,2,4,N/A,"24,34,212,312",725,"41,412",0,Activación de sonoro,2708
-74.07482624,4.59918617300002,2579,480,2028,AK 7 X CL 12,CANDELARIA,C900,DOBLE,SI,1994/05/30 00:00:00+00,NORMAL,RP-TA,DEFINITIVA,"VEHICULAR, PEATONAL, CICLISTA",9,18,2,3,N/A,"22,23,32,33",724,"42,411",0,Activación de sonoro,2708
-74.07155136,4.61078801100001,2580,400,2029,AK 10 X CL 24,SANTA FE,C900,SENCILLA,SI,1993/01/12 00:00:00+00,Desvío - PMT,R-TA,DEFINITIVA,"VEHICULAR, PEATONAL",11,11,3,"1A,2A,3","1B,2B","21,22,23,31,32,33",N/A,NO,0,"Conteo, Brechas",2708
-74.0720611,4.60988819300002,2581,413,2030,AK 10 X CL 23,SANTA FE,C900,SENCILLA,SI,1993/06/12 00:00:00+00,NORMAL,R-TF,DEFINITIVA,EXCLUSIVA PEATONAL,6,6,2,"1A,2A","1B,2B","21,22",N/A,NO,0,N/A,2708
-74.0670064,4.61377780499998,2582,304,2031,KR 5 X CL 27,SANTA FE,ACTROS,DOBLE,SI,1989/10/10 00:00:00+00,NORMAL,BT-TA,DEFINITIVA,"VEHICULAR, PEATONAL",3,6,2,"1,3",N/A,21,N/A,NO,0,Brechas,2804
-74.06722531,4.61293337699999,2583,316,2031,KR 5 X CL 26C,SANTA FE,NO,DOBLE,NO,1989/10/10 00:00:00+00,NORMAL,BT-TA,DEFINITIVA,"VEHICULAR, PEATONAL",3,6,2,"8,11",N/A,211,N/A,NO,0,Brechas,2804
-74.07384931,4.60684758299999,2584,456,2032,AK 10 X AC 19,SANTA FE,C900,SENCILLA,SI,1978/08/16 00:00:00+00,NORMAL,R-TA,DEFINITIVA,"VEHICULAR, PEATONAL",14,14,2,"1A,2A,3,4","1B,2B","21,22,23,24,31,32,33,34",N/A,NO,0,"Conteo, Brechas",2708
-74.08627763,4.61307092700002,2585,576,2033,KR 25 X CL 17,LOS MARTIRES,C900,SENCILLA,SI,1993/12/30 00:00:00+00,NORMAL,RP-TF,DEFINITIVA,"VEHICULAR, PEATONAL",15,15,3,"2,3,4",N/A,"22,23,24,32,33,34","722, 723, 724, 732, 733, 734",NO,0,Activación de sonoro,2709
-74.07484704,4.605191037,2586,479,2034,AK 10 X CL 17,SANTA FE,C900,SENCILLA,SI,1997/02/25 00:00:00+00,NORMAL,R-TF,DEFINITIVA,"VEHICULAR, PEATONAL",9,9,2,"1A,2A,4","1B,2B","21,24,32,34",N/A,NO,0,N/A,2708
-74.07665389,4.60219324799999,2587,507,2035,AK 10 X CL 13,CANDELARIA,C900,SENCILLA,SI,1996/05/28 00:00:00+00,NORMAL,R-TF,DEFINITIVA,"VEHICULAR, PEATONAL",14,14,3,"1A,2A","1B,2B,3B,4B,7B,91B","21,22,23,24,31,32",N/A,NO,0,Conteo,2708
-74.07341653,4.59941312400002,2588,1426,2036,KR 6 X CL 12B,CANDELARIA,C900,SENCILLA,SI,2015/06/14 00:00:00+00,NORMAL,RP-TF,DEFINITIVA,"VEHICULAR, PEATONAL, CICLISTA",7,7,3,"1,4",N/A,"21,24,31,34",N/A,44,0,N/A,2708
-74.07860836,4.59914489699997,2589,525,2037,AK 10 X CL 10,CANDELARIA,C900,DOBLE,SI,1993/11/08 00:00:00+00,NORMAL,R-TF,DEFINITIVA,EXCLUSIVA PEATONAL,6,12,2,"2A,11A","2B,11B","22,211 (Exc)",N/A,NO,0,Conteo,2708
-74.07811596,4.59991985099998,2590,1251,2037,AK 10 X CL 11,CANDELARIA,NO,DOBLE,NO,2012/05/25 00:00:00+00,NORMAL,R-TF,DEFINITIVA,EXCLUSIVA PEATONAL,6,12,2,"1A,12A","1B,12B","21,212 (Exc)",N/A,NO,0,Conteo,2708
-74.10576229,4.66647781299997,2591,1582,2039,AK 70 X CL 51,ENGATIVA,ACTROS,SENCILLA,SI,2020/05/13 00:00:00+00,NORMAL,RP-TA,DEFINITIVA,"VEHICULAR, PEATONAL",10,10,2,"1,2,791,93",N/A,"21,22,23","721, 722, 723",NO,0,Activación de sonoro,2302
-74.06867118,4.63877201499997,2592,336,2040,KR 16 X CL 51,TEUSAQUILLO,ACTROS,SENCILLA,SI,1990/05/12 00:00:00+00,NORMAL,RP-TF,DEFINITIVA,"VEHICULAR, PEATONAL",4,4,2,"2,4",N/A,"22,24",N/A,NO,0,N/A,2811
-74.06804195,4.63662531300002,2593,322,2041,KR 15 X CL 49,TEUSAQUILLO,NO,DOBLE,NO,1994/12/05 00:00:00+00,NORMAL,RP-TA,DEFINITIVA,"VEHICULAR, PEATONAL",4,13,2,"1,4",N/A,"21,24",N/A,NO,0,N/A,2809
-74.06903165,4.63681475300001,2594,342,2041,KR 16 X CL 49,TEUSAQUILLO,C900,DOBLE,SI,1994/12/05 00:00:00+00,NORMAL,RP-TA,DEFINITIVA,"VEHICULAR, PEATONAL",9,13,2,"2,14",N/A,"22,32,214,314","722, 7214, 7314",NO,0,Activación de sonoro,2809
-74.0700095,4.63698771899999,2595,368,2042,KR 17 X CL 49,TEUSAQUILLO,NO,DOBLE,NO,1998/06/29 00:00:00+00,NORMAL,RP-TF,DEFINITIVA,"VEHICULAR, PEATONAL",4,8,2,"2,4",N/A,"22,24",N/A,NO,0,N/A,2811
-74.07068712,4.63710303099998,2596,382,2042,KR 18 X CL 49,TEUSAQUILLO,C900,DOBLE,SI,1998/06/29 00:00:00+00,NORMAL,RP-TF,DEFINITIVA,"VEHICULAR, PEATONAL",4,8,2,"1,14",N/A,"21,214",N/A,NO,0,N/A,2811
-74.07254884,4.60908092,2597,429,2043,AK 10 X CL 22,SANTA FE,C900,DOBLE,SI,1995/04/10 00:00:00+00,NORMAL,R-TF,DEFINITIVA,"VEHICULAR, PEATONAL",11,17,2,"2A,4,1A","2B,1B","24,22A,21,31,32A,34",N/A,NO,0,N/A,2708
-74.10244306,4.74305405199999,2598,686,1882,KR 111BIS X CL 139,SUBA,ACTROS,SENCILLA,SI,2008/01/22 00:00:00+00,NORMAL,BT-TA,DEFINITIVA,"PEATONAL, CICLISTA",6,6,2,"3,4",N/A,23 (Exc),723,43.44,0,Activación de sonoro,1132
-74.10451598,4.75096665299998,2599,1235,1883,KR 115 X AC 145,SUBA,C900,SENCILLA,SI,2011/11/17 00:00:00+00,NORMAL,CA-TA,DEFINITIVA,"VEHICULAR, PEATONAL",8,8,4,"1,2,8,94",N/A,"21,22,24,33",N/A,NO,0,"Conteo, Brechas, Fases por demanda",1101
-74.11206371,4.742508681,2600,1273,1884,TV 127 X CL 132D,SUBA,ACTROS,SENCILLA,SI,2012/09/18 00:00:00+00,NORMAL,BT-TA,DEFINITIVA,"VEHICULAR, PEATONAL",10,10,5,"1,2,3,4,11,12",N/A,"21,22,23,24",N/A,NO,0,"Brechas, Fases por demanda, Fases por demanda peatonal",1132
-74.09320767,4.739774125,2601,1241,1885,KR 100 X CL 139,SUBA,ACTROS,SENCILLA,SI,2011/12/18 00:00:00+00,NORMAL,BT-TF,DEFINITIVA,"VEHICULAR, PEATONAL, CICLISTA",11,11,5,"1,2,3,4,8",N/A,"21,22,23,24",N/A,43.44,0,N/A,1116
-74.09153593,4.739211356,2602,1528,1886,KR 98B X CL 139,SUBA,ACTROS,SENCILLA,SI,2017/05/26 00:00:00+00,NORMAL,BT-TA,DEFINITIVA,"VEHICULAR, PEATONAL, CICLISTA",10,10,4,"1,3,4",N/A,"21,24","721, 724","41,43,44",0,Activación de sonoro,1116
-74.08877373,4.73834470100002,2603,1526,1887,KR 95A X CL 139,SUBA,ACTROS,SENCILLA,SI,2017/05/10 00:00:00+00,NORMAL,BT-TA,DEFINITIVA,"VEHICULAR, PEATONAL, CICLISTA",11,11,4,"2,3,4",N/A,"22,23,24","722, 723, 724","43, 44",0,Activación de sonoro,1116
-74.10657196,4.74472820599999,2604,1529,1888,KR 118_(W) X CL 139,SUBA,NO,TRIPLE,NO,2017/05/30 00:00:00+00,NORMAL,BT-TF,DEFINITIVA,"VEHICULAR, PEATONAL, CICLISTA",8,22,4,"2,3,114",N/A,"22,23,2114",N/A,43.4114,0,N/A,1132
-74.10559298,4.74429321999997,2605,1530,1888,KR 118 X CL 139,SUBA,ACTROS,TRIPLE,SI,2017/05/30 00:00:00+00,NORMAL,BT-TF,DEFINITIVA,"VEHICULAR, PEATONAL, CICLISTA",7,22,3,"1,13,14",N/A,"21,213",N/A,413.414,0,N/A,1132
-74.10526085,4.744108283,2606,1531,1888,KR 118_(E) X CL 139,SUBA,NO,TRIPLE,NO,2017/05/30 00:00:00+00,NORMAL,BT-TF,DEFINITIVA,"VEHICULAR, PEATONAL, CICLISTA",7,22,2,"2A,4,113",N/A,"22A,24",N/A,44.4113,0,N/A,1132
-74.10770035,4.74511154200002,2607,1532,1889,KR 126A X CL 139,SUBA,ACTROS,SENCILLA,SI,2017/05/26 00:00:00+00,NORMAL,BT-TA,DEFINITIVA,"VEHICULAR, PEATONAL, CICLISTA",8,8,3,"3, 4",N/A,"24, 393","724, 7393","43, 44",0,Activación de sonoro,1132
-74.06052401,4.75651341399998,2608,1572,1991,KR 65 X CL 170,SUBA,C900,SENCILLA,SI,2018/10/19 00:00:00+00,NORMAL,BT-TA,DEFINITIVA,EXCLUSIVA PEATONAL,6,6,2,"3,4",N/A,"23,24 (Exc)",724,NO,0,Activación de sonoro,1123
-74.07747255,4.59449041099998,2609,947,2001,KR 7 X CL 7,CANDELARIA,ACTROS,DOBLE,SI,1987/05/05 00:00:00+00,NORMAL,BT-TA,DEFINITIVA,"VEHICULAR, PEATONAL",5,8,3,"12,3,4",N/A,"24,212",N/A,NO,0,N/A,3607
-74.07814572,4.59330456399999,2610,1483,2001,KR 7 X CL 6C,CANDELARIA,NO,DOBLE,NO,2016/07/28 00:00:00+00,NORMAL,BT-TA,DEFINITIVA,EXCLUSIVA PEATONAL,3,8,2,2,N/A,22 (Exc),722,NO,0,Activación de sonoro,3607
-74.15843009,4.68577997300002,2611,889,2002,KR 120 X DG 16,FONTIBON,C900,SENCILLA,SI,1994/12/25 00:00:00+00,NORMAL,CA-TA,DEFINITIVA,"VEHICULAR, PEATONAL",10,10,5,"3,4,4A,7,14,14A",N/A,"23,24,24A,37",N/A,NO,0,"Conteo, Brechas",2402
-74.13647818,4.67207747200001,2612,823,2003,KR 96C X AC 22,FONTIBON,C900,SENCILLA,SI,1993/12/20 00:00:00+00,NORMAL,BT-TA,DEFINITIVA,"VEHICULAR, PEATONAL",10,10,3,"1,2,3,4",N/A,"21,22,23,24,33,34",N/A,NO,0,Brechas,2433
-74.07422159,4.59389754300003,2613,944,2004,KR 4 X CL 7,CANDELARIA,ACTROS,SENCILLA,SI,1998/09/05 00:00:00+00,NORMAL,BT-TF,DEFINITIVA,"VEHICULAR, PEATONAL",7,7,3,"1,3,4,8",N/A,"21,24,33",N/A,NO,0,N/A,3607
-74.07098443,4.60265746900001,2614,390,2005,KR 5 X CL 17,SANTA FE,C900,SENCILLA,SI,1998/06/30 00:00:00+00,NORMAL,RP-TF,DEFINITIVA,"VEHICULAR, PEATONAL",4,4,2,"1,4",N/A,"21,24",N/A,NO,0,N/A,2708
-74.07319537,4.604092487,2615,443,2006,KR 8 X CL 17,SANTA FE,NO,DOBLE,NO,1998/06/30 00:00:00+00,NORMAL,RP-TF,DEFINITIVA,"VEHICULAR, PEATONAL",4,8,2,"1,4",N/A,"21,24",N/A,NO,0,N/A,2708
-74.07405408,4.60467518299998,2616,465,2006,KR 9 X CL 17,SANTA FE,C900,DOBLE,SI,1998/06/30 00:00:00+00,NORMAL,RP-TF,DEFINITIVA,"VEHICULAR, PEATONAL",4,8,2,"2,14",N/A,"22,214",N/A,NO,0,N/A,2708
-74.07530905,4.59411694400001,2617,945,2007,KR 5 X CL 7,CANDELARIA,ACTROS,DOBLE,SI,1998/09/05 00:00:00+00,NORMAL,BT-TF,DEFINITIVA,"VEHICULAR, PEATONAL",8,17,3,"2,4,7,13",N/A,"22,24,34,213",N/A,NO,0,N/A,3607
-74.07630704,4.59443021599998,2618,946,2007,KR 6 X CL 7,CANDELARIA,NO,DOBLE,NO,1998/09/05 00:00:00+00,NORMAL,BT-TF,DEFINITIVA,"VEHICULAR, PEATONAL",9,17,4,"1,3,14",N/A,"21,23,31,33,214,314",N/A,NO,0,N/A,3607
-74.07463057,4.60369608100001,2619,1359,2008,KR 9 X CL 16,SANTA FE,C900,DOBLE,SI,2015/01/06 00:00:00+00,NORMAL,RP-TA,DEFINITIVA,EXCLUSIVA PEATONAL,3,6,2,2,N/A,22 (Exc),722,NO,0,Activación de sonoro,2708
-74.07372885,4.60313689899999,2620,1362,2008,KR 8 X CL 16,SANTA FE,NO,DOBLE,NO,2015/01/06 00:00:00+00,NORMAL,RP-TA,DEFINITIVA,EXCLUSIVA PEATONAL,3,6,2,1,N/A,21 (Exc),721,NO,0,Activación de sonoro,2708
-74.15415924,4.65075174999998,2621,764,2009,AK 89 X CL 8,KENNEDY,C900,SENCILLA,SI,2023/02/22 00:00:00+00,NORMAL,BT-TF,DEFINITIVA,"VEHICULAR, PEATONAL, CICLISTA",8,8,2,"1,2",N/A,"21,22",PROYECTADOS,"41,42",0,Activación de sonoro,2437
-74.07027248,4.59209730100002,2622,942,2010,KR 3 ESTE X CL 9,CANDELARIA,NO,DOBLE,NO,2004/10/07 00:00:00+00,NORMAL,BT-TF,DEFINITIVA,"VEHICULAR, PEATONAL",7,14,3,"1,4,6,12",N/A,"21,24,312",N/A,NO,0,N/A,3607
-74.07042392,4.5917905,2623,943,2010,KR 3 ESTE X CL 7,CANDELARIA,ACTROS,DOBLE,SI,2004/10/07 00:00:00+00,NORMAL,BT-TF,DEFINITIVA,"VEHICULAR, PEATONAL",7,14,3,"2,3,11,911",N/A,"22,23,3911",N/A,NO,0,N/A,3607
-74.0577687,4.64556889900001,2624,1463,2011,KR 3B X CL 62,CHAPINERO,ACTROS,SENCILLA,SI,2017/07/25 00:00:00+00,NORMAL,BT-TF,DEFINITIVA,"VEHICULAR, PEATONAL",4,4,2,"3,5",N/A,"23,25",N/A,NO,0,N/A,2803
-74.05975955,4.64787091400001,2625,188,2012,AK 7 X AC 63,CHAPINERO,C900,SENCILLA,SI,1998/05/14 00:00:00+00,NORMAL,CA-TA,DEFINITIVA,"VEHICULAR, PEATONAL",8,8,3,"1,2,2A,7,93",N/A,"22,23,31",N/A,NO,0,"Conteo, Brechas, Cola - Siguiente Intersección",1909
-74.06126529,4.64536031300003,2626,208,2013,AK 7 X CL 60,CHAPINERO,NO,DOBLE,NO,1986/06/03 00:00:00+00,NORMAL,RP-TF,DEFINITIVA,"VEHICULAR, PEATONAL, CICLISTA",10,19,2,"1,6,12,12A,91",N/A,"21,36,212,291",N/A,412,0,N/A,2810
-74.06160904,4.64430156700001,2627,216,2013,AK 7 X CL 59,CHAPINERO,C900,DOBLE,SI,1986/06/03 00:00:00+00,NORMAL,RP-TF,DEFINITIVA,"VEHICULAR, PEATONAL",9,19,2,"2,2A,4,11,64",N/A,"22,24,34,311",N/A,NO,0,N/A,2810
-74.06289994,4.63948428499998,2628,238,2014,AK 7 X AC 53,CHAPINERO,C900,DOBLE,SI,1980/01/13 00:00:00+00,NORMAL,R-TA,DEFINITIVA,"VEHICULAR, PEATONAL",11,21,3,"1,2,2A,4,7,13",N/A,"22,24,31,34,213",N/A,NO,0,"Conteo, Brechas",2810
-74.06362856,4.63968017600001,2629,249,2014,KR 9 X AC 53,CHAPINERO,NO,DOBLE,NO,1980/01/13 00:00:00+00,NORMAL,R-TA,DEFINITIVA,"VEHICULAR, PEATONAL",10,21,2,"2B,3,14,792B",N/A,"22B,33,214","722B,733,7214",NO,0,"Conteo, Brechas, Cola, Activación de sonoro",2810
-74.06390166,4.63261798899998,2630,251,2015,AK 7 X CL 46,CHAPINERO,C900,SENCILLA,SI,1980/10/13 00:00:00+00,NORMAL,RP-TF,DEFINITIVA,"VEHICULAR, PEATONAL",6,6,2,"1,2,2A,4",N/A,"21,24",N/A,NO,0,N/A,2810
-74.0642189,4.63142987999998,2631,256,2016,AK 7 X AC 45,CHAPINERO,C900,SENCILLA,SI,1998/02/17 00:00:00+00,NORMAL,CA-TA,DEFINITIVA,"VEHICULAR, PEATONAL",8,8,2,"1,2,2A,3",N/A,"22,23,33,391",N/A,NO,0,"Conteo, Brechas, Cola",2810
-74.06579894,4.62580627199998,2632,280,2017,AK 7 X DG 40A,SANTA FE,C900,SENCILLA,SI,1998/04/01 00:00:00+00,NORMAL,CA-TA,DEFINITIVA,"VEHICULAR, PEATONAL",14,14,3,"1,2,2A,3,4,11,12,12A",N/A,"21,22,23,24,311,312",N/A,NO,0,N/A,2807
-74.06638806,4.62331337699999,2633,292,2018,AK 7 X CL 36,SANTA FE,C900,SENCILLA,SI,1993/08/30 00:00:00+00,NORMAL,RP-TF,DEFINITIVA,"VEHICULAR, PEATONAL, CICLISTA",8,8,2,"1,2,3",N/A,"22,23,31,33",N/A,41,0,N/A,2807
-74.06708444,4.62140516300002,2634,307,2019,AK 7 X CL 34,SANTA FE,C900,DOBLE,SI,1998/06/12 00:00:00+00,NORMAL,CA-TA,DEFINITIVA,"VEHICULAR, PEATONAL",7,12,3,"1,3,12,94",N/A,"31,212,294",N/A,NO,0,"Conteo, Brechas, Fases por demanda vehicular",2807
-74.0678172,4.61975428800002,2635,1295,2019,AK 7 X CL 33,SANTA FE,NO,DOBLE,NO,2013/02/07 00:00:00+00,NORMAL,CA-TA,DEFINITIVA,"VEHICULAR, PEATONAL, CICLISTA",5,12,3,"2,11",N/A,22 (Exc),N/A,42.411,0,Brechas,2807
-74.06912782,4.61516764200002,2636,352,2020,AK 7 X CL 28,SANTA FE,C900,TRIPLE,SI,1993/08/30 00:00:00+00,NORMAL,RP-TF,DEFINITIVA,"VEHICULAR, PEATONAL",7,14,3,"12,94,912",N/A,"212,294","7212, 7294",NO,0,Activación de sonoro,2807
-74.06948415,4.613983942,2637,357,2020,AK 10 Y KR 7 X CL 27,SANTA FE,NO,TRIPLE,NO,1993/08/30 00:00:00+00,NORMAL,RP-TF,DEFINITIVA,EXCLUSIVA PEATONAL,4,14,2,"2,2A",N/A,"22,22A (Exc)",N/A,NO,0,N/A,2807
-74.06761128,4.62509890000001,2638,317,2060,KR 13 X CL 37,SANTA FE,C900,SENCILLA,SI,1993/09/09 00:00:00+00,NORMAL,RP-TF,DEFINITIVA,"VEHICULAR, PEATONAL",4,4,2,"1,4",N/A,"21,24",N/A,NO,0,N/A,2807
-74.06814181,4.62197057700001,2639,325,2061,KR 13 X CL 34,SANTA FE,NO,DOBLE,NO,1998/01/05 00:00:00+00,NORMAL,CA-TA,DEFINITIVA,"VEHICULAR, PEATONAL",6,12,2,"1,3",N/A,"21,23",722,NO,0,"Conteo, Brechas, Activación de sonoro",2807
-74.06842752,4.62028189900002,2640,332,2061,KR 13 X CL 33,SANTA FE,C900,DOBLE,SI,1998/01/05 00:00:00+00,NORMAL,CA-TA,DEFINITIVA,"VEHICULAR, PEATONAL",6,12,2,"4,11,61",N/A,"24,34,211",N/A,NO,0,Brechas,2807
-74.0684832,4.61735485000003,2641,339,2062,AK 7 X CL 31,SANTA FE,C900,DOBLE,SI,1993/09/09 00:00:00+00,NORMAL,RP-TF,DEFINITIVA,EXCLUSIVA PEATONAL,2,12,2,2,N/A,22,N/A,NO,0,N/A,2807
-74.06877551,4.61769222100003,2642,344,2062,AK 7 Y KR 13 X CL 32,SANTA FE,NO,DOBLE,NO,1993/09/09 00:00:00+00,NORMAL,RP-TF,DEFINITIVA,"VEHICULAR, PEATONAL",10,12,2,"1,1A,4,93",N/A,"21,21A,24,293,31,34",N/A,NO,0,N/A,2807
-74.149234,4.65438499999999,2643,838,2063,AK 89 X CL 11,KENNEDY,C900,SENCILLA,SI,2023/08/14 00:00:00+00,NORMAL,BT-TF,DEFINITIVA,"VEHICULAR, PEATONAL, CICLISTA",8,8,2,"1,2",N/A,"21,22","721, 722 ( Desconectados)","41, 42",0,N/A,2437
-74.07257892,4.611327684,2644,427,2064,KR 13 X CL 24,SANTA FE,NO,DOBLE,NO,1993/12/06 00:00:00+00,NORMAL,RP-TF,DEFINITIVA,"VEHICULAR, PEATONAL",5,9,3,"1,3",N/A,"21,23,31",N/A,NO,0,N/A,2708
-74.07324797,4.610495974,2645,442,2064,KR 13 X CL 23,SANTA FE,C900,DOBLE,SI,1993/12/06 00:00:00+00,NORMAL,RP-TF,DEFINITIVA,"VEHICULAR, PEATONAL",4,9,2,"3A,11",N/A,"23A,211",N/A,NO,0,N/A,2708
-74.07379939,4.60981773100002,2646,455,2065,KR 13 X CL 22,SANTA FE,C900,DOBLE,SI,1995/04/10 00:00:00+00,PMT,RP-TF,DEFINITIVA,"VEHICULAR, PEATONAL",6,10,3,"1,4A,8",N/A,"21,24A,31",N/A,NO,0,N/A,2708
-74.07467371,4.60878898599998,2647,478,2065,KR 13 X CL 20,SANTA FE,NO,DOBLE,NO,1995/04/10 00:00:00+00,PMT,RP-TF,DEFINITIVA,"VEHICULAR, PEATONAL",3,10,3,"4,11,93",N/A,211,N/A,NO,0,N/A,2708
-74.147244,4.655821,2648,877,2066,AK 89 X CL 12,KENNEDY,C900,SENCILLA,SI,2024/04/10 00:00:00+00,NORMAL,BT-TF,DEFINITIVA,"VEHICULAR, PEATONAL",11,11,4,"1,5,8,92,93",N/A,"28,292,31,392","728, 7392 (Desconectados)",NO,0,N/A,2437
-74.07531171,4.60799497300002,2649,485,2067,KR 13 X AC 19,SANTA FE,C900,SENCILLA,SI,1997/03/02 00:00:00+00,NORMAL,RP-TF,DEFINITIVA,"VEHICULAR, PEATONAL",7,7,2,"1,3,4",N/A,"21,23,31,34",N/A,NO,0,N/A,2708
-74.07654146,4.60632585299999,2650,506,2068,KR 13 X CL 17,SANTA FE,C900,SENCILLA,SI,1994/12/05 00:00:00+00,NORMAL,RP-TF,DEFINITIVA,"VEHICULAR, PEATONAL",4,4,2,"1,4",N/A,"21,24",N/A,NO,0,N/A,2708
-74.12767213,4.63809601200001,2651,1762,2069,CL 11 X TV 71 B,KENNEDY,C900,SENCILLA,SI,2022/09/12 00:00:00+00,NORMAL,BT-TF,DEFINITIVA,"VEHICULAR, PEATONAL, CICLISTA",17,17,4,"2, 3, 4, 93",N/A,"22, 23, 24, 33, 34","722, 723, 724, 733, 734  Desconectados","43, 44",0,N/A,2418
-74.07830303,4.60243311699998,2652,521,2070,KR 12 X AV JIMÉNEZ (CL 13),SANTA FE,NO,DOBLE,NO,1993/03/09 00:00:00+00,NORMAL,RP-TF,DEFINITIVA,EXCLUSIVA PEATONAL,5,8,2,7,"3B,4B","23,24 (Exc)",N/A,NO,0,N/A,2708
-74.07894893,4.60316339000002,2653,530,2070,KR 13 X AV JIMÉNEZ (CL 13),SANTA FE,C900,DOBLE,SI,1993/03/09 00:00:00+00,NORMAL,RP-TF,DEFINITIVA,EXCLUSIVA PEATONAL,3,8,2,"5,91",N/A,21 (Exc),N/A,NO,0,N/A,2708
-74.12353763,4.63572096600001,2654,1275,2071,KR 68D X CL 11,KENNEDY,C900,SENCILLA,SI,2022/09/12 00:00:00+00,NORMAL,BT-TF,DEFINITIVA,"VEHICULAR, PEATONAL",23,23,4,"1,2,2A,3,4,7,91,792,793",N/A," 21, 22, 23, 24, 22A, 32, 34","721,722,723,724,722A,732,734 DESCONECTADOS",NO,0,Activación de sonoro,2418
-74.1229282,4.63745115400002,2655,1370,2072,KR 68D X CL 12A,KENNEDY,C900,SENCILLA,SI,2022/09/12 00:00:00+00,NORMAL,BT-TA,DEFINITIVA,"VEHICULAR, PEATONAL, CICLISTA",8,8,2,"1, 2",N/A,"21, 22","721, 722","41, 42",0,Activación de sonoro,2418
-74.06463748,4.649588838,2656,261,2074,AK 14 X AC 63,BARRIOS UNIDOS,C900,SENCILLA,SI,1997/04/09 00:00:00+00,PMT,BT-TF,DEFINITIVA,"VEHICULAR, PEATONAL",6,6,2,3,"1B,2B","22,23,31",N/A,NO,0,"Conteo, Brechas",1913
-74.06508037,4.64711706000003,2657,270,2075,AK 14 X CL 60,TEUSAQUILLO,C900,SENCILLA,SI,1986/05/12 00:00:00+00,PMT,BT-TF,DEFINITIVA,"VEHICULAR, PEATONAL",6,6,2,4,"1B,2B","21,24,32",N/A,NO,0,"Conteo, Brechas",2809
-74.07749264,4.60698562099998,2658,518,2090,AK 14 X CL 17,SANTA FE,ACTROS,SENCILLA,SI,1995/03/23 00:00:00+00,PMT,R-TF,DEFINITIVA,"VEHICULAR, PEATONAL",8,8,2,"1A,2A,4","1B,2B","21,24,32",N/A,NO,0,N/A,2708
-74.07870389,4.60525109600002,2659,526,2091,AK 14 X CL 15,SANTA FE,ACTROS,SENCILLA,SI,1995/01/31 00:00:00+00,PMT,R-TF,DEFINITIVA,"VEHICULAR, PEATONAL",11,11,2,"1A,2A,3","1B,2B","21,22,23,31,32,33",N/A,NO,0,N/A,2708
-74.07985932,4.60365922699998,2660,535,2092,AK 14 X AC 13,SANTA FE,ACTROS,SENCILLA,SI,2001/01/15 00:00:00+00,PMT,R-TA,DEFINITIVA,"VEHICULAR, PEATONAL",22,22,4,"1A,2A,3A,4A,61A,64A","1B,2B,3B,4B,5B,7B,91B,,94B","21,22,23,24,31,32,33,34",N/A,NO,0,"Conteo, Brechas, Fases por demanda, Cola - Siguiente Intersección",2708
-74.08103012,4.60201377999999,2661,543,2093,AK 14 X CL 11,SANTA FE,ACTROS,SENCILLA,SI,1995/04/05 00:00:00+00,PMT,R-TF,DEFINITIVA,"VEHICULAR, PEATONAL",8,8,2,"1A,2A,94","1B,2B","21,22,294",N/A,NO,0,N/A,2708
-74.08165622,4.60112280099997,2662,544,2094,AK 14 X CL 10,SANTA FE,ACTROS,SENCILLA,SI,2001/01/15 00:00:00+00,PMT,R-TF,DEFINITIVA,"VEHICULAR, PEATONAL",12,12,2,"1A,2A,3,4","1B,2B","21,22,23,24,31,32",N/A,NO,0,N/A,2708
-74.11285904,4.63688357699999,2663,1623,2095,KR 65 X CL 17,PUENTE ARANDA,C900,SENCILLA,SI,2023/03/16 00:00:00+00,PMT,BT-TF,PROVISIONAL_PMT,"VEHICULAR, PEATONAL",8,8,3,"1,2,3,4",N/A,"21,22,23,34",N/A,NO,0,N/A,2408
-74.08467629,4.59703361599998,2664,563,2096,AK 14 X AC 6,SANTA FE,ACTROS,SENCILLA,SI,2000/12/19 00:00:00+00,PMT,BT-TF,DEFINITIVA,"VEHICULAR, PEATONAL",25,25,4,"1A,2A,3A,4A,11A,93A","1B,2B,3B,4B,6B,7B,11B,91B,93B","21,22,23,24,31,32,33,34,293",N/A,NO,0,N/A,2743
-74.12936635,4.65824785900003,2665,1702,2097,AK 80 X CL 19A,FONTIBON,C900,SENCILLA,SI,2020/12/11 00:00:00+00,NORMAL,BT-TA,DEFINITIVA,"VEHICULAR, PEATONAL",16,16,2,"1,2,3,4",N/A,"21,22,23,24,33,34","721, 722, 723, 724, 733, 734",NO,0,Fases por demanda peatonal sonoro,2434
-74.118813,4.62410999999997,2666,1763,2099,KR 60 X CL 4D,PUENTE ARANDA,C900,SENCILLA,SI,2024/11/01 00:00:00+00,NORMAL,BT-TF,DEFINITIVA,"VEHICULAR, PEATONAL",6,6,3,"2,4",N/A,"22,24,32,34",N/A,NO,0,N/A,3508
-74.0688905,4.60352343400001,2667,340,2100,KR 4 X AC 19,SANTA FE,C900,SENCILLA,SI,1997/02/26 00:00:00+00,NORMAL,RP-TA,DEFINITIVA,"VEHICULAR, PEATONAL",15,15,3,"1,3,4",N/A,"21,23,24,31,33,34","721, 723, 724, 731, 733, 734",NO,0,Activación de sonoro,2708
-74.07020446,4.60444600599999,2668,375,2101,KR 5 X AC 19,SANTA FE,C900,SENCILLA,SI,1997/01/03 00:00:00+00,NORMAL,RP-TF,DEFINITIVA,"VEHICULAR, PEATONAL",8,8,4,"1,3,4,8",N/A,"21,23,31,34",N/A,NO,0,N/A,2708
-74.07226647,4.605773,2669,419,2102,KR 8 X AC 19,SANTA FE,C900,DOBLE,SI,1995/04/10 00:00:00+00,NORMAL,RP-TA,DEFINITIVA,"VEHICULAR, PEATONAL",5,13,2,"1,4,13",N/A,"34,213",N/A,NO,0,N/A,2708
-74.07310837,4.60634321800001,2670,440,2102,KR 9 X AC 19,SANTA FE,NO,DOBLE,NO,1995/04/10 00:00:00+00,NORMAL,RP-TA,DEFINITIVA,"VEHICULAR, PEATONAL",8,13,3,"2,3,7,14",N/A,"22,32,33,214",N/A,NO,0,"Brechas, Fases por demanda",2708
-74.08582301,4.616155107,2671,570,2103,AK 27 X AC 19,LOS MARTIRES,C900,SENCILLA,SI,1993/09/16 00:00:00+00,NORMAL,CA-TA,DEFINITIVA,"VEHICULAR, PEATONAL",11,11,3,"1,2,3,4,6",N/A,"21,22,23,31,32,34",N/A,NO,0,"Conteo, Brechas, Cola, Fases por demanda",2701
-74.07907646,4.61064158300002,2672,532,2104,KR 17 X AC 19,LOS MARTIRES,C900,SENCILLA,SI,2005/06/20 00:00:00+00,NORMAL,RP-TF,DEFINITIVA,"VEHICULAR, PEATONAL",12,12,4,"1,2,3,4,7,8",N/A,"21,22,23,24,33,34 (Reg)",N/A,NO,0,N/A,2708
-74.08366624,4.61436403300002,2673,558,2105,KR 22 X AC 19,LOS MARTIRES,C900,SENCILLA,SI,1996/03/15 00:00:00+00,NORMAL,CA-TA,DEFINITIVA,"VEHICULAR, PEATONAL",12,12,4,"1,2,3,4,7,8",N/A,"21,22,24,31,32,33",N/A,NO,0,"Conteo, Brechas, Fases por demanda",2701
-74.0648119,4.59794003399998,2674,1462,2106,KR 5A Este X Instituto Roosevelt / U Distrital,SANTA FE,ACTROS,SENCILLA,SI,2016/08/20 00:00:00+00,NORMAL,BT-TA,DEFINITIVA,EXCLUSIVA PEATONAL,3,3,2,1,N/A,21 (Exc),721,NO,0,Fases por demanda peatonal,2704
-74.0649896,4.61276829000002,2675,1396,2107,KR 3 X CL 26C,SANTA FE,ACTROS,SENCILLA,SI,2014/08/02 00:00:00+00,NORMAL,BT-TF,DEFINITIVA,EXCLUSIVA PEATONAL,3,3,2,2,N/A,22,722,NO,0,Fases por demanda peatonal sonoro,2805
-74.06685723,4.60550776000002,2676,302,2108,KR 3 X CL 22,SANTA FE,C900,SENCILLA,SI,1996/04/24 00:00:00+00,NORMAL,RP-TF,DEFINITIVA,"VEHICULAR, PEATONAL",13,13,3,"1A,2A,4,64","1B,2B","21,22,24,31,32,34,54",N/A,NO,0,N/A,2708
-74.06564877,4.644044173,2677,275,2076,AK 14 X AC 57,TEUSAQUILLO,C900,SENCILLA,SI,1997/06/12 00:00:00+00,PMT,BT-TF,DEFINITIVA,"VEHICULAR, PEATONAL",13,13,2,"2A,3,4,791A","1B,2B","22,23,24,31","722, 723, 731",NO,0,"Conteo, Brechas, Fases por demanda peatonal sonoro",2809
-74.06602275,4.64187045,2678,284,2077,AK 14 X CL 54A,TEUSAQUILLO,NO,TRIPLE,NO,2000/12/28 00:00:00+00,PMT,R-TA,DEFINITIVA,EXCLUSIVA PEATONAL,5,22,2,1A,"1B,12B","21,212",N/A,NO,0,N/A,2809
-74.06628875,4.64036914399998,2679,290,2077,AK 14 X AC 53,TEUSAQUILLO,C900,TRIPLE,SI,2000/12/28 00:00:00+00,PMT,R-TA,DEFINITIVA,"VEHICULAR, PEATONAL",10,22,2,"2A,13,4","2B,11B","24,211,213,32,313",N/A,NO,0,"Conteo, Brechas, Cola - Siguiente Intersección, Activación de sonoro",2809
-74.067336,4.640512,2680,1835,2077,KR 15 X AC 53,TEUSAQUILLO,NO,TRIPLE,NO,2024/07/04 00:00:00+00,PMT,R-TA,PROVISIONAL_PMT,"VEHICULAR, PEATONAL",7,22,2,"1C,3,14",N/A,"21C,23,31C,314",N/A,NO,0,N/A,2809
-74.06697745,4.63642762000001,2681,305,2078,AK 14 X CL 49,TEUSAQUILLO,C900,SENCILLA,SI,1987/04/24 00:00:00+00,PMT,R-TF,DEFINITIVA,"VEHICULAR, PEATONAL",7,7,2,4,"1B,2B","21,24,32,34",N/A,NO,0,N/A,2809
-74.06768514,4.63250875699998,2682,321,2079,AK 14 X AC 45,TEUSAQUILLO,C900,DOBLE,SI,1997/04/10 00:00:00+00,PMT,R-TF,DEFINITIVA,"VEHICULAR, PEATONAL",11,18,2,"4,13,92","1B,2B","22,24,213,31,313,34",N/A,NO,0,"Conteo, Brechas, Cola - Siguiente Intersección",2809
-74.068728,4.63266199999998,2683,1837,2079,KR 15 X CL 45,TEUSAQUILLO,NO,DOBLE,NO,2024/07/05 00:00:00+00,PMT,R-TF,PROVISIONAL_PMT,"VEHICULAR, PEATONAL",7,18,2,"1C,3,14",N/A,"21C,23,31C,314",N/A,NO,0,N/A,2809
-74.06851211,4.627916336,2684,334,2080,AK 14 X DG 40A,SANTA FE,C900,SENCILLA,SI,1997/05/01 00:00:00+00,PMT,R-TA,DEFINITIVA,"VEHICULAR, PEATONAL, CICLISTA",18,18,2,"1A,2A,3,4","1B,2B","21,22,23,24,31,32,33,34","722,731","43, 44",0," Brechas, Activación de sonoro, fases por demanda peatonal sonoro",2807
-74.06944049,4.62274040800003,2685,356,2081,AK 14 X AC 34,SANTA FE,C900,SENCILLA,SI,1998/01/06 00:00:00+00,PMT,BT-TF,DEFINITIVA,"VEHICULAR, PEATONAL",8,8,2,"2A,3","1B,2B","22,23,31,33",N/A,NO,0,"Conteo, Brechas, Cola - Siguiente Intersección",2813
-74.0702386,4.62031452899998,2686,374,2082,AK 14 X AC 32,SANTA FE,C900,DOBLE,SI,2005/06/06 00:00:00+00,PMT,BT-TA,DEFINITIVA,"VEHICULAR, PEATONAL",10,23,2,"3,14","1B,2B","21,23,214,32",N/A,"43,414",0,Activación de sonoro,2813
-74.06958742,4.619665473,2687,1180,2082,KR 13A X CL 32,SANTA FE,NO,DOBLE,NO,2010/03/01 00:00:00+00,PMT,BT-TA,DEFINITIVA,"VEHICULAR, PEATONAL",13,23,3,"1C,4,13",N/A,"21C,24,31C,213","721C,724,731C,7213","44,413",0,"Activación de sonoro, Fases por demanda peatonal sonoro",2813
-74.0717033,4.61757736700002,2688,405,2083,AK 14 X DG 30,SANTA FE,C900,SENCILLA,SI,2001/01/15 00:00:00+00,PMT,R-TA,DEFINITIVA,"VEHICULAR, PEATONAL",11,11,2,"1A,2A,4","1B,2B","21,24,32,34","724, 734 Desconectados",NO,0,Brechas,2807
-74.07425928,4.61258797599999,2689,468,2084,AK 14 X CL 24,SANTA FE,ACTROS,SENCILLA,SI,2001/01/15 00:00:00+00,PMT,R-TF,DEFINITIVA,"VEHICULAR, PEATONAL",6,6,2,"2A,3","1B,2B","22,31",N/A,NO,0,N/A,2708
-74.06887674,4.62585268999999,2690,343,2085,AK 14 X CL 37,SANTA FE,C900,SENCILLA,SI,2000/12/15 00:00:00+00,PMT,BT-TF,DEFINITIVA,"VEHICULAR, PEATONAL",5,5,2,"1A,2A","1B,2B","21,22",N/A,NO,0,N/A,2813
-74.07522595,4.61064725599999,2691,487,2086,AK 14 X CL 22,SANTA FE,ACTROS,SENCILLA,SI,1993/12/01 00:00:00+00,NORMAL,R-TF,DEFINITIVA,"VEHICULAR, PEATONAL",9,9,2,"1A,2A,4","1B,2B","21,24,32,34",N/A,NO,0,N/A,2708
-74.07627105,4.60870436200003,2692,501,2088,AK 14 X AC 19,SANTA FE,ACTROS,SENCILLA,SI,1978/08/29 00:00:00+00,PMT,R-TF,DEFINITIVA,"VEHICULAR, PEATONAL",12,12,2,"1A,2A,3,4","1B,2B","21,22,23,31,32,34",N/A,NO,0,"Conteo, Brechas, Cola - Siguiente Intersección",2708
-74.06133416,4.60282014400002,2693,210,2089,CL 22 X FUNICULAR,CANDELARIA,NO,DOBLE,NO,1989/05/16 00:00:00+00,NORMAL,BT-TA,DEFINITIVA,"VEHICULAR, PEATONAL",9,15,3,"4,5,13,91",N/A,"25,34,213",N/A,NO,0,Fases por demanda peatonal sonoro,2704
-74.06233801,4.60329467899999,2694,225,2089,KR 1 ESTE X CL 22,CANDELARIA,ACTROS,DOBLE,SI,1989/05/16 00:00:00+00,NORMAL,BT-TA,DEFINITIVA,"VEHICULAR, PEATONAL",6,15,2,"3,3A,8,14",N/A,"23A,214","734, 7213",NO,0,N/A,2704
-74.0729743,4.60933257599999,2695,438,2043,KR 12 X CL 22,SANTA FE,NO,DOBLE,NO,1995/04/10 00:00:00+00,NORMAL,R-TF,DEFINITIVA,"VEHICULAR, PEATONAL",6,17,3,"2,14",N/A,"22,214,32,314",N/A,NO,0,N/A,2708
-74.07446222,4.60731868699997,2696,475,2044,KR 12 X AC 19,SANTA FE,C900,SENCILLA,SI,1997/05/23 00:00:00+00,NORMAL,RP-TF,DEFINITIVA,"VEHICULAR, PEATONAL",7,7,3,"2,3,4",N/A,"22,23,32,34",N/A,NO,0,N/A,2708
-74.07949567,4.595386099,2697,949,2045,KR 9 X CL 7,CANDELARIA,ACTROS,SENCILLA,SI,1995/04/10 00:00:00+00,NORMAL,BT-TA,DEFINITIVA,"VEHICULAR, PEATONAL",9,9,3,"1,3,4",N/A,"21,23,24,31,33,34",N/A,NO,0,Fases por demanda vehicular,3607
-74.151134,4.652963,2698,769,2046,AK 89 X CL 10,KENNEDY,C900,SENCILLA,SI,2023/08/15 00:00:00+00,NORMAL,BT-TF,DEFINITIVA,"VEHICULAR, PEATONAL, CICLISTA",18,18,2,"1,2,3,4",N/A,"21,22,23,24,31,32","721, 722, 723, 724, 731, 732","41, 42",0,Activación de sonoro,2437
-74.06784141,4.606169034,2699,1521,2047,KR 4 X CL 22,SANTA FE,C900,SENCILLA,SI,2017/05/11 00:00:00+00,NORMAL,RP-TF,DEFINITIVA,"VEHICULAR, PEATONAL",9,9,3,"1,4",N/A,"21,24,31,34","721, 724, 734",NO,0,Activación de sonoro,2708
-74.07274932,4.63743660799997,2700,431,2048,KR 21 X CL 49,TEUSAQUILLO,C900,SENCILLA,SI,1998/06/28 00:00:00+00,NORMAL,RP-TF,DEFINITIVA,"VEHICULAR, PEATONAL",7,7,2,"1,2,4",N/A,"21,24,24A,32",N/A,NO,0,N/A,2811
-74.06234689,4.63560194299998,2701,224,2049,TV 3 X CL 49,CHAPINERO,ACTROS,DOBLE,SI,2003/12/12 00:00:00+00,NORMAL,RP-TF,DEFINITIVA,"VEHICULAR, PEATONAL",3,3,3,"1,4",N/A,31,N/A,NO,0,N/A,2810
-74.06200576,4.63645288599997,2702,1508,2049,TV 3 X CL 51,CHAPINERO,NO,DOBLE,NO,2021/06/17 00:00:00+00,NORMAL,RP-TF,DEFINITIVA,"VEHICULAR, PEATONAL",7,12,4,"1,3,4A",N/A,"21, 23, 24A, 31",N/A,NO,0,N/A,2810
-74.06542555,4.63814953500003,2703,1279,2050,KR 13 X CL 51,CHAPINERO,ACTROS,SENCILLA,SI,2012/10/31 00:00:00+00,NORMAL,RP-TA,DEFINITIVA,"VEHICULAR, PEATONAL",9,9,3,"1,4,91",N/A,"21,24,34","721, 724, 734",NO,0,"Conteo, Brechas, Activación de sonoro",2809
-74.06353364,4.649431596,2704,244,2051,KR 13 X AC 63,CHAPINERO,ACTROS,SENCILLA,SI,1997/04/05 00:00:00+00,PMT,BT-TF,DEFINITIVA,"VEHICULAR, PEATONAL",6,6,3,"1,3,5",N/A,"21,23,33",N/A,NO,0,N/A,1913
-74.06398025,4.64679215899997,2705,252,2052,KR 13 X CL 60,CHAPINERO,ACTROS,SENCILLA,SI,1993/07/03 00:00:00+00,NORMAL,RP-TF,DEFINITIVA,"VEHICULAR, PEATONAL",4,4,2,"1,4",N/A,"21,24",N/A,NO,0,N/A,2809
-74.06223761,4.64593823799999,2706,222,2053,KR 9 X CL 60,CHAPINERO,C900,SENCILLA,SI,2004/10/22 00:00:00+00,NORMAL,RP-TF,DEFINITIVA,"VEHICULAR, PEATONAL",4,4,2,"2,4",N/A,"22,24",N/A,NO,0,N/A,2810
-74.0644631,4.64389470499998,2707,260,2054,KR 13 X CL 57,CHAPINERO,ACTROS,SENCILLA,SI,1993/07/02 00:00:00+00,NORMAL,RP-TF,DEFINITIVA,"VEHICULAR, PEATONAL",6,6,3,"1,3,4",N/A,"21,23,24",N/A,NO,0,N/A,2809
-74.06508574,4.64017506900001,2708,267,2055,KR 13 X AC 53,CHAPINERO,ACTROS,SENCILLA,SI,1983/11/13 00:00:00+00,NORMAL,R-TA,DEFINITIVA,"VEHICULAR, PEATONAL",10,10,3,"1,3,4,91",N/A,"21,23,24,33",722,NO,0,"Conteo, Brechas, Activación de sonoro",2809
-74.06558198,4.63719399199999,2709,274,2056,KR 13 X CL 50,CHAPINERO,NO,DOBLE,NO,1993/03/08 00:00:00+00,NORMAL,RP-TF,DEFINITIVA,"VEHICULAR, PEATONAL",4,8,2,"1,3",N/A,"21,23",N/A,NO,0,N/A,2809
-74.06572995,4.63623186500001,2710,279,2056,KR 13 X CL 49,CHAPINERO,ACTROS,DOBLE,SI,1993/03/08 00:00:00+00,NORMAL,RP-TF,DEFINITIVA,"VEHICULAR, PEATONAL",4,8,2,"4,11",N/A,"24,211",N/A,NO,0,N/A,2809
-74.06607418,4.634205447,2711,286,2057,KR 13 X CL 47,CHAPINERO,ACTROS,DOBLE,SI,1987/09/09 00:00:00+00,NORMAL,RP-TA,DEFINITIVA,"VEHICULAR, PEATONAL",4,10,2,"1,4A",N/A,"21,24A",N/A,NO,0,"Brechas, Fases por demanda",2809
-74.06626715,4.63311596900002,2712,291,2057,KR 13 X CL 46,CHAPINERO,NO,DOBLE,NO,1987/09/09 00:00:00+00,NORMAL,RP-TA,DEFINITIVA,"VEHICULAR, PEATONAL",6,10,3,"4,11,93",N/A,"24,211,293",N/A,NO,0,"Brechas, Fases por demanda",2809
-74.06643042,4.632179624,2713,293,2058,KR 13 X AC 45,CHAPINERO,C900,SENCILLA,SI,1988/06/30 00:00:00+00,NORMAL,BT-TA,DEFINITIVA,"VEHICULAR, PEATONAL",15,15,3,"1,3,4",N/A,"21,23,24,31,33,34","721, 723, 724, 731, 733, 734",NO,0,"Conteo, Brechas, Cola - Siguiente Intersección, Activación de sonoro",2809
-74.06724845,4.62721647199999,2714,310,2059,KR 13 X DG 40A,SANTA FE,C900,SENCILLA,SI,1979/07/16 00:00:00+00,NORMAL,CA-TA,DEFINITIVA,"VEHICULAR, PEATONAL, CICLISTA",12,12,4,"1,3,4,8",N/A,"21,23,24,31,33,34",N/A,"43, 44",0,Brechas,2807
-74.07265557,4.63342753699999,2715,430,2137,KR 20 X AC 45,TEUSAQUILLO,NO,DOBLE,NO,1996/06/26 00:00:00+00,NORMAL,CA-TF,DEFINITIVA,"VEHICULAR, PEATONAL",7,17,2,"2,3,14",N/A,"22,32,33,214",N/A,NO,0,"Conteo, Brechas",2811
-74.07231206,4.63121065299998,2716,418,2138,AK 19 X DG 42A,TEUSAQUILLO,C900,DOBLE,SI,1989/10/11 00:00:00+00,NORMAL,RP-TF,DEFINITIVA,"VEHICULAR, PEATONAL, CICLISTA",14,21,2,"1,3,4A,11,12,112",N/A,"21,23,24A,33,34A,212",N/A,"43, 44",0,Cola - Siguiente Intersección,2811
-74.07253343,4.63000148100002,2717,423,2138,AK 19 X CL 40,TEUSAQUILLO,NO,DOBLE,NO,2004/09/24 00:00:00+00,NORMAL,RP-TF,DEFINITIVA,"VEHICULAR, PEATONAL",7,21,3,"2,3A,4,111",N/A,"22,24,23A",N/A,NO,0,N/A,2811
-74.07293877,4.62741162700001,2718,436,2139,AK 19 X CL 39,TEUSAQUILLO,C900,DOBLE,SI,1981/07/14 00:00:00+00,NORMAL,RP-TF,DEFINITIVA,"VEHICULAR, PEATONAL",6,13,2,"1,2A,4,13",N/A,"21,32A",N/A,NO,0,N/A,2808
-74.0737366,4.62753180599998,2719,452,2139,KR 20 X CL 39,TEUSAQUILLO,NO,DOBLE,NO,1981/07/14 00:00:00+00,NORMAL,RP-TF,DEFINITIVA,"VEHICULAR, PEATONAL",7,13,3,"2,3,14",N/A,"22,23,32,214 (Reg)",N/A,NO,0,N/A,2808
-74.07369558,4.62369952699999,2720,451,2140,AK 19 X AC 34,TEUSAQUILLO,ACTROS,SENCILLA,SI,1993/07/01 00:00:00+00,NORMAL,CA-TA,DEFINITIVA,"VEHICULAR, PEATONAL",6,6,2,"1,3,4",N/A,"21,23,31",N/A,NO,0,"Conteo, Brechas",2808
-74.07428039,4.62034124199999,2721,470,2141,AK 19 X AC 32,TEUSAQUILLO,C900,SENCILLA,SI,1993/07/01 00:00:00+00,PMT,RP-TA,DEFINITIVA,"VEHICULAR, PEATONAL, CICLISTA",11,11,4,"4,5,91,92",N/A,"21,24,292,392",N/A,"41,43,44",0,N/A,2806
-74.07493208,4.61843486999999,2722,483,2142,AK 19 X AC 26,TEUSAQUILLO,C900,SENCILLA,SI,1993/01/07 00:00:00+00,PMT,R-TA,DEFINITIVA,"VEHICULAR, PEATONAL",12,12,2,"2,3A,4A,94","3B,4B, 93B","22,24,32,33,294",N/A,NO,0,"Conteo, Brechas",2806
-74.074937,4.62019792299998,2723,481,2143,KR 19B X AC 28,TEUSAQUILLO,C900,SENCILLA,SI,1993/01/01 00:00:00+00,PMT,RP-TF,DEFINITIVA,"VEHICULAR, PEATONAL, CICLISTA",10,10,2,"1,2,4,64",N/A,"22,24,31,34",N/A,"43, 44",0,N/A,2806
-74.07578291,4.61969818599999,2724,497,2144,KR 19B X AC 26,TEUSAQUILLO,C900,SENCILLA,SI,1997/04/13 00:00:00+00,PMT,CA-TA,DEFINITIVA,"VEHICULAR, PEATONAL, CICLISTA",11,11,2,"1,3A,4A","3B,4B","21,23,31,34",N/A,"41, 42",0,"Conteo, Brechas",2806
-74.07155155,4.64383212199999,2725,398,2145,KR 21 X DG 54,TEUSAQUILLO,C900,SENCILLA,SI,1998/06/30 00:00:00+00,NORMAL,RP-TF,DEFINITIVA,"VEHICULAR, PEATONAL",9,9,4,"1,2,3,4",N/A,"21,22,23,24,31",N/A,NO,0,N/A,2812
-74.07707689,4.64373999600002,2726,511,2146,KR 28 X CL 53B,TEUSAQUILLO,NO,DOBLE,NO,1994/11/11 00:00:00+00,NORMAL,R-TA,DEFINITIVA,"VEHICULAR, PEATONAL, CICLISTA",12,20,3,"3A,11",N/A,"23A,33A,211,311","723A,733A,7211,7311","43A,44",0,Activación de sonoro,2812
-74.07689922,4.64456637299998,2727,509,2146,TV 28 X CL 53B BIS,TEUSAQUILLO,C900,DOBLE,SI,1994/11/11 00:00:00+00,NORMAL,R-TA,DEFINITIVA,"VEHICULAR, PEATONAL, CICLISTA",8,20,3,"1,3",N/A,"21,23,31,33",N/A,"41, 43",0,Conteo,2812
-74.08301094,4.63005296400001,2728,555,2147,KR 33 X AC 26,TEUSAQUILLO,C900,SENCILLA,SI,1997/04/11 00:00:00+00,NORMAL,CA-TA,DEFINITIVA,"VEHICULAR, PEATONAL",20,20,3,"1,2,3A,4A,92","3B,4B,7B,91B","21,22,23A,24A,24B,31,32,33A,34A,34B,292",N/A,NO,0,"Conteo, Brechas, Fases por demanda",2301
-74.08202355,4.63069449,2729,1325,2148,KR 33 X CL 27A,TEUSAQUILLO,NO,TRIPLE,NO,2014/01/09 00:00:00+00,NORMAL,R-TA,DEFINITIVA,"VEHICULAR, PEATONAL",6,21,2,"1C,3",14,"21C,23,314",N/A,NO,0,"Conteo, Brechas",2301
-74.08165654,4.63095113499998,2730,1326,2148,KR 33 X CL 28,TEUSAQUILLO,C900,TRIPLE,SI,2014/01/09 00:00:00+00,NORMAL,R-TA,DEFINITIVA,"VEHICULAR, PEATONAL",7,21,2,"2,13",4,"22,24,32,313",N/A,NO,0,"Conteo, Brechas",2301
-74.07985732,4.631953184,2731,1327,2148,KR 33 X AK 30,TEUSAQUILLO,NO,TRIPLE,NO,2014/01/09 00:00:00+00,NORMAL,R-TA,DEFINITIVA,"VEHICULAR, PEATONAL",8,21,3,"1,1A,11A","1B,6B,93B","36B,293B",N/A,NO,0,"Conteo, Brechas, Fases por demanda, Cola - Siguiente Intersección",2301
-74.067985,4.62288999999998,2732,1794,2149,KR 13 X CL 35,SANTA FE,C900,SENCILLA,SI,2024/08/14 00:00:00+00,NORMAL,CA-TA,DEFINITIVA,"VEHICULAR, PEATONAL",6,6,2,"1,8",N/A,"21,28","721,728",NO,0,N/A,2807
-74.08514567,4.62865753300002,2733,1583,2151,KR 33 X CL 25B,TEUSAQUILLO,C900,SENCILLA,SI,2020/07/24 00:00:00+00,NORMAL,R-TA,DEFINITIVA,"VEHICULAR, PEATONAL",16,16,4,"1,2,4,6",N/A,"21,22,24,31,32,34","721, 722, 724, 731, 732, 734",NO,0,"Conteo, Brechas, Fases por demanda, Activación de sonoro",2301
-74.07246595,4.65099990499999,2734,424,2152,AK 24 X AC 63,BARRIOS UNIDOS,ACTROS,SENCILLA,SI,1993/09/30 00:00:00+00,NORMAL,CA-TA,DEFINITIVA,"VEHICULAR, PEATONAL",17,17,3,"1,2,3,4,91,794",N/A,"21,22,23,24,31,32,34","721, 723, 732, 734",NO,0,"Conteo, Brechas, Fases por demanda peatonal sonoro",1906
-74.07316228,4.64760421,2735,439,2153,TV 24 X DG 61B,TEUSAQUILLO,NO,DOBLE,NO,1993/08/26 00:00:00+00,NORMAL,R-TA,DEFINITIVA,"VEHICULAR, PEATONAL",7,22,3,"1,2A,4",N/A,"21,22A,24,32A",N/A,NO,0,"Conteo, Brechas, Activación de sonoro",2812
-74.07349595,4.64802401200001,2736,449,2153,AK 24 X DG 61D,TEUSAQUILLO,C900,DOBLE,SI,1993/08/26 00:00:00+00,NORMAL,R-TA,DEFINITIVA,"VEHICULAR, PEATONAL",15,22,3,"1A,2,14",N/A,"21A,22,31A,32,214,314","721A,722,731A,732,7214,7314",NO,0,"Conteo, Activación de sonoro",2812
-74.07404566,4.64731023500002,2737,463,2154,AK 24 X DG 61C,TEUSAQUILLO,NO,DOBLE,NO,1987/09/25 00:00:00+00,PMT,R-TA,DEFINITIVA,"VEHICULAR, PEATONAL",10,15,3,"1,2,3,5",N/A,"22,23,31","722, 723, 731",NO,0,"Conteo, Brechas, Activación de sonoro",2812
-74.07386125,4.64708331000003,2738,1323,2154,TV 25 X DG 61B,TEUSAQUILLO,C900,DOBLE,SI,1987/09/25 00:00:00+00,NORMAL,R-TA,DEFINITIVA,"VEHICULAR, PEATONAL",5,15,2,"2A,13",N/A,"22A,213",722A,NO,0,"Brechas, Activación de sonoro",2812
-74.07551631,4.64581266099998,2739,491,2155,TV 28 X AC 57,TEUSAQUILLO,C900,DOBLE,SI,1997/08/03 00:00:00+00,NORMAL,R-TA,DEFINITIVA,"VEHICULAR, PEATONAL, CICLISTA",10,21,4,"1,2,5,14",N/A,"22,214,31,35",N/A,"42, 414",0,"Conteo, Brechas",2812
-74.07414,4.64549299999999,2740,1761,2155,TV 27 X AC 57,TEUSAQUILLO,NO,DOBLE,NO,2024/08/10 00:00:00+00,NORMAL,R-TA,DEFINITIVA,"VEHICULAR, PEATONAL, CICLISTA",11,21,3,"2A,3,4",N/A,"22A,23,24,32A,33,34",N/A,"43,44",0,Brechas,2812
-74.10397068,4.64343545600002,2741,1586,2156,AK 60 X CL 22B,TEUSAQUILLO,C900,SENCILLA,SI,2020/06/02 00:00:00+00,NORMAL,RP-TA,DEFINITIVA,"VEHICULAR, PEATONAL",30,30,2,"1,2,3,4,11,12,13,14,791,792",N/A,"21,22,23,24,211,212,311,312,313,314","721, 7314,722, 7313, 723, 7211, 7311, 724, 7212, 7312",NO,0,Activación de sonoro,2435
-74.06849829,4.63975318199999,2742,1599,2158,KR 16 X CL 52,TEUSAQUILLO,ACTROS,SENCILLA,SI,2020/08/19 00:00:00+00,NORMAL,RP-TA,DEFINITIVA,"VEHICULAR, PEATONAL",9,9,3,"2,3",N/A,"22,23,32,33","722, 723, 733",NO,0,Activación de sonoro,2811
-74.07011739,4.60082789099999,2743,370,2109,KR 4 X CL 13,CANDELARIA,NO,DOBLE,NO,1994/06/14 00:00:00+00,NORMAL,RP-TF,DEFINITIVA,"VEHICULAR, PEATONAL",4,7,3,N/A,"3B,4B","23,31",N/A,NO,0,N/A,2708
-74.07004696,4.60097036299999,2744,1134,2109,KR 4 X CL 16,CANDELARIA,C900,DOBLE,SI,1994/06/14 00:00:00+00,PMT,RP-TF,DEFINITIVA,"VEHICULAR, PEATONAL",3,7,3,"1,3A",N/A,23A,N/A,NO,0,N/A,2708
-74.07197757,4.60076265399999,2745,399,2110,KR 5 X CL 13,CANDELARIA,C900,SENCILLA,SI,1997/05/24 00:00:00+00,NORMAL,RP-TF,DEFINITIVA,"VEHICULAR, PEATONAL",5,5,2,1,"3B,4B","21,23",N/A,NO,0,N/A,2708
-74.07430202,4.60201603399997,2746,474,2111,KR 8 X CL 13,CANDELARIA,C900,SENCILLA,SI,1993/07/06 00:00:00+00,PMT,RP-TF,DEFINITIVA,"VEHICULAR, PEATONAL",6,6,2,1,"3B,4B","21,23,31",N/A,NO,0,N/A,2708
-74.07541903,4.60231526400003,2747,494,2112,KR 9 X CL 13,CANDELARIA,C900,SENCILLA,SI,1993/08/02 00:00:00+00,NORMAL,RP-TF,DEFINITIVA,"VEHICULAR, PEATONAL",5,5,2,2,"3B,4B","24,32",N/A,NO,0,N/A,2708
-74.07565729,4.59971453899999,2748,1417,2113,KR 8 X CL 12,CANDELARIA,C900,DOBLE,SI,2015/03/01 00:00:00+00,NORMAL,RP-TA,DEFINITIVA,"VEHICULAR, PEATONAL, CICLISTA",10,19,3,"3,11",N/A,"23,33,211,311","723, 7211, 7311",411,0,Activación de sonoro,2708
-74.0751707,4.60058646599998,2749,1428,2113,KR 8 X CL 12B,CANDELARIA,NO,DOBLE,NO,2015/06/13 00:00:00+00,NORMAL,RP-TA,DEFINITIVA,"VEHICULAR, PEATONAL",9,19,3,"1,4",N/A,"21,24,31,34","721, 724, 731",NO,0,Activación de sonoro,2708
-74.08247005,4.60593128800002,2750,549,2114,KR 17 X AC 13,LOS MARTIRES,C900,DOBLE,SI,1993/09/16 00:00:00+00,NORMAL,R-TA,DEFINITIVA,"VEHICULAR, PEATONAL",8,16,2,"2,3A,14A","3B,14B","22,33,214",N/A,NO,0,"Conteo, Brechas",2709
-74.08150441,4.605121414,2751,545,2114,KR 16 X AC 13,LOS MARTIRES,NO,DOBLE,NO,2003/08/28 00:00:00+00,NORMAL,R-TA,DEFINITIVA,EXCLUSIVA PEATONAL,8,16,2,"4A,13A","4B,13B","24,213 (Exc)","724, 7213",NO,0,N/A,2709
-74.08336689,4.60670734899998,2752,557,2115,AK 18 X AC 13,LOS MARTIRES,C900,SENCILLA,SI,1993/09/16 00:00:00+00,NORMAL,R-TF,DEFINITIVA,"VEHICULAR, PEATONAL",11,11,4,"1,3A,4A,91,93A","3B,4B","21,23,31,34",N/A,NO,0,N/A,2709
-74.08736279,4.61022729199999,2753,583,2116,KR 23 X AC 13,LOS MARTIRES,C900,DOBLE,SI,2003/09/17 00:00:00+00,NORMAL,R-TF,DEFINITIVA,EXCLUSIVA PEATONAL,6,12,2,"4A,13A","4B,13B","24,213 (Exc)",N/A,NO,0,N/A,2709
-74.08791828,4.61072705200002,2754,586,2116,KR 24 X AC 13,LOS MARTIRES,NO,DOBLE,NO,1987/06/03 00:00:00+00,NORMAL,R-TF,DEFINITIVA,"VEHICULAR, PEATONAL",6,12,2,"2,14A,3A","14B,3B",22,N/A,NO,0,Conteo,2709
-74.08932655,4.61195819400001,2755,596,2117,AK 27 X AC 13,LOS MARTIRES,C900,SENCILLA,SI,1993/09/08 00:00:00+00,NORMAL,R-TA,DEFINITIVA,"VEHICULAR, PEATONAL",12,12,3,"1,3A,4A,93,94","3B,4B","21,23,31,34,394",N/A,NO,0,"Conteo, Brechas",2709
-74.09342505,4.61564973700001,2756,625,2118,KR 32 X AC 13,PUENTE ARANDA,C900,SENCILLA,SI,1995/04/25 00:00:00+00,NORMAL,BT-TA,DEFINITIVA,"VEHICULAR, PEATONAL",20,20,2,"2,3A,4A,62,64,792,794A","3B,4B","22,23,24,32,33,52 (Reg)",validar,NO,0,Activación de sonoro,2705
-74.08438813,4.60764080500002,2757,1261,2119,KR 19 X AC 13,LOS MARTIRES,C900,SENCILLA,SI,2012/07/11 00:00:00+00,NORMAL,R-TF,DEFINITIVA,"VEHICULAR, PEATONAL",9,9,2,"2,3A,4A","3B,4B","22,24,32,33",N/A,NO,0,N/A,2709
-74.06603246,4.61758234299998,2758,287,2120,KR 5 X CL 32,SANTA FE,ACTROS,SENCILLA,SI,1993/12/07 00:00:00+00,NORMAL,BT-TA,DEFINITIVA,"VEHICULAR, PEATONAL",3,3,2,"1,4",N/A,21,N/A,NO,0,Brechas,2804
-74.06827823,4.60880814900003,2759,327,2121,KR 5 X CL 24,SANTA FE,C900,DOBLE,SI,1997/04/25 00:00:00+00,NORMAL,RP-TF,DEFINITIVA,"VEHICULAR, PEATONAL",6,11,4,"1,1A,3",N/A,"21,23,31",N/A,NO,0,N/A,2708
-74.06867744,4.60802928999999,2760,338,2121,KR 5 X CL 23,SANTA FE,NO,DOBLE,NO,1993/09/28 00:00:00+00,NORMAL,RP-TF,DEFINITIVA,"VEHICULAR, PEATONAL",5,11,3,"3A,11",N/A,"211,23A,311",N/A,NO,0,N/A,2708
-74.06914018,4.60704395900001,2761,348,2122,KR 5 X CL 22,SANTA FE,C900,SENCILLA,SI,1993/09/28 00:00:00+00,NORMAL,BT-TF,DEFINITIVA,"VEHICULAR, PEATONAL",6,6,3,"1,4",N/A,"21,24,31,34",N/A,NO,0,N/A,2708
-74.07087421,4.61041077300001,2762,388,2123,KR 9 X CL 24,SANTA FE,C900,SENCILLA,SI,1993/08/30 00:00:00+00,NORMAL,RP-TF,DEFINITIVA,"VEHICULAR, PEATONAL",5,5,3,"2,3",N/A,"22,23,32",N/A,NO,0,N/A,2708
-74.07187205,4.608680779,2763,408,2124,KR 9 X CL 22,SANTA FE,C900,DOBLE,SI,1993/09/28 00:00:00+00,NORMAL,RP-TF,DEFINITIVA,"VEHICULAR, PEATONAL",5,10,2,"2,4",N/A,"22,24,32",N/A,NO,0,N/A,2708
-74.07137588,4.609538181,2764,1243,2124,KR 9 X CL 23,SANTA FE,NO,DOBLE,NO,2011/08/02 00:00:00+00,NORMAL,RP-TF,DEFINITIVA,"VEHICULAR, PEATONAL",5,10,2,"3,12",N/A,"23,33,212",N/A,NO,0,N/A,2708
-74.06948704,4.63992151899998,2765,355,2125,KR 17 X CL 52,TEUSAQUILLO,NO,DOBLE,NO,2004/04/30 00:00:00+00,NORMAL,RP-TF,DEFINITIVA,"VEHICULAR, PEATONAL",4,8,2,"2,13",N/A,"22,213",N/A,NO,0,N/A,2811
-74.07010416,4.640031163,2766,369,2125,KR 18 X CL 52,TEUSAQUILLO,ACTROS,DOBLE,SI,2000/07/16 00:00:00+00,NORMAL,RP-TF,DEFINITIVA,"VEHICULAR, PEATONAL",4,8,2,"1,3",N/A,"21,23",N/A,NO,0,N/A,2811
-74.0712998,4.64126732699998,2767,394,2126,KR 20 X AC 53,TEUSAQUILLO,C900,SENCILLA,SI,1990/03/21 00:00:00+00,NORMAL,R-TF,DEFINITIVA,"VEHICULAR, PEATONAL",9,9,3,"2,3,4",N/A,"22,23,24,32,33,34",N/A,NO,0,N/A,2811
-74.06696496,4.628982409,2768,303,2127,KR 13 X CL 41,CHAPINERO,C900,SENCILLA,SI,1987/01/06 00:00:00+00,NORMAL,RP-TA,DEFINITIVA,"VEHICULAR, PEATONAL",9,9,2,"1,4,791",N/A,"21,24,34","721, 724, 734",NO,0,Activación de sonoro,2807
-74.06749466,4.595393409,2769,1544,2128,KR 5 ESTE X CL 12,CANDELARIA,ACTROS,SENCILLA,SI,2018/02/16 00:00:00+00,NORMAL,BT-TA,DEFINITIVA,"VEHICULAR, PEATONAL",3,3,2,2,N/A,22 (Exc),722,NO,0,Fases por demanda peatonal,2704
-74.06967972,4.61238384299998,2770,1580,2129,KR 7 X CL 26B,SANTA FE,C900,SENCILLA,SI,2021/05/04 00:00:00+00,NORMAL,RP-TA,DEFINITIVA,"VEHICULAR, PEATONAL, CICLISTA",8,8,2,"2,4",N/A,"22,24","722,724","41,42",0,Activación de sonoro,2807
-74.091407,4.67717199999998,2771,1770,2130,KR 69 X CL 68,ENGATIVA,C900,SENCILLA,SI,2024/12/10 00:00:00+00,NORMAL,BT-TA,DEFINITIVA,"VEHICULAR, PEATONAL",9,9,3,"1,2,3",N/A,"21,22,23","721,722,723",NO,0,Activación de sonoro,2307
-74.06985491,4.64100130999998,2772,364,2131,KR 18 X AC 53,TEUSAQUILLO,C900,SENCILLA,SI,1982/12/14 00:00:00+00,NORMAL,R-TF,DEFINITIVA,"VEHICULAR, PEATONAL",8,8,3,"1,3,4",N/A,"21,23,24,33,34",N/A,NO,0,N/A,2811
-74.06671598,4.64997654400003,2773,298,2132,KR 16 X AC 63,BARRIOS UNIDOS,NO,DOBLE,NO,1980/07/14 00:00:00+00,NORMAL,CA-TA,DEFINITIVA,"VEHICULAR, PEATONAL",5,10,2,"2A,4,13",N/A,"22A,24",N/A,NO,0,Conteo,1906
-74.06761267,4.65014039499999,2774,318,2132,KR 17 X AC 63,BARRIOS UNIDOS,ACTROS,DOBLE,SI,1980/07/14 00:00:00+00,NORMAL,CA-TA,DEFINITIVA,"VEHICULAR, PEATONAL",5,10,3,"2,3,3A,14",N/A,22,N/A,NO,0,"Conteo, Brechas",1906
-74.06767225,4.64439899899997,2775,319,2133,KR 16 X AC 57,TEUSAQUILLO,NO,DOBLE,NO,1983/10/31 00:00:00+00,NORMAL,RP-TA,DEFINITIVA,"VEHICULAR, PEATONAL, CICLISTA",7,14,3,"2A,4,13",N/A,"22A,24,32A",N/A,42,0,Brechas,2812
-74.06865154,4.64456012699998,2776,335,2133,KR 17 X AC 57,TEUSAQUILLO,C900,DOBLE,SI,1983/10/31 00:00:00+00,NORMAL,RP-TA,DEFINITIVA,"VEHICULAR, PEATONAL",7,14,2,"2,3,14",N/A,"22,23,32,314",N/A,NO,0,Brechas,2812
-74.06832943,4.640736038,2777,326,2134,KR 16 X AC 53,TEUSAQUILLO,NO,DOBLE,NO,1982/12/14 00:00:00+00,NORMAL,R-TA,DEFINITIVA,"VEHICULAR, PEATONAL, CICLISTA",10,18,3,"2A,4,13",N/A,"22A,24,32A,34,213,313",N/A,42A,0,"Conteo, Brechas",2811
-74.06931041,4.64089393699999,2778,353,2134,KR 17 X AC 53,TEUSAQUILLO,C900,DOBLE,SI,1982/12/14 00:00:00+00,NORMAL,R-TA,DEFINITIVA,"VEHICULAR, PEATONAL",8,18,3,"2,3,14",N/A,"22,23,32,214,314",N/A,NO,0,"Conteo, Brechas",2811
-74.11984582,4.66605864000002,2779,774,2135,KR 75 X AC 24,FONTIBON,C900,SENCILLA,SI,1989/10/11 00:00:00+00,NORMAL,BT-TF,DEFINITIVA,"VEHICULAR, PEATONAL",9,9,2,"2,3,4,62,64",N/A,"22,23,32,34",N/A,NO,0,N/A,2413
-74.07163654,4.63448517799998,2780,402,2136,KR 19 X DG 45D,TEUSAQUILLO,C900,SENCILLA,SI,1993/03/28 00:00:00+00,NORMAL,RP-TF,DEFINITIVA,"VEHICULAR, PEATONAL, CICLISTA",9,9,3,"2,3,4",N/A,"22,24,31,32,33 (Reg)",N/A,43,0,Cola - Siguiente Intersección,2811
-74.07191771,4.63327940800002,2781,407,2137,KR 19 X AC 45,TEUSAQUILLO,C900,DOBLE,SI,1996/06/26 00:00:00+00,NORMAL,CA-TF,DEFINITIVA,"VEHICULAR, PEATONAL",10,17,2,"1,2A,13,4",N/A,"21,22A,213,31,32A,34","721,722A,7213,731,732A,734",NO,0,"Conteo, Brechas",2811
-74.066586,4.60161699999998,2782,1901,2183,KR 18 X CL 8,LOS MARTIRES,sX,SENCILLA,SI,2025/02/17 00:00:00+00,NORMAL,R-TF,PROVISIONAL_PMT,"VEHICULAR, PEATONAL",5,5,3,"1,3",N/A,"21, 23, 33",N/A,NO,0,N/A,2709
-74.07881351,4.62397583199999,2783,529,2195,AC 34 X AC 26,TEUSAQUILLO,ACTROS,SENCILLA,SI,2012/03/02 00:00:00+00,NORMAL,CA-TA,DEFINITIVA,"VEHICULAR, PEATONAL",9,9,3,"2,3,4,92",N/A,"22,23,24,32,292",N/A,NO,0,"Conteo, Brechas",2808
-74.08040148,4.62414889600001,2784,1146,2196,AC 25 X DG 24BIS,TEUSAQUILLO,ACTROS,SENCILLA,SI,2009/03/13 00:00:00+00,NORMAL,CA-TA,DEFINITIVA,"VEHICULAR, PEATONAL",5,5,2,"3,4,92",N/A,"23,34",N/A,NO,0,Conteo,2808
-74.07192345,4.60438992000002,2785,411,2198,KR 7 X CL 18,SANTA FE,C900,SENCILLA,SI,1997/03/01 00:00:00+00,NORMAL,RP-TA,DEFINITIVA,"VEHICULAR, PEATONAL, CICLISTA",9,9,2,3,N/A,"22,23,32,33",724,41.42,0,Activación de sonoro,2708
-74.09094614,4.66959060300002,2786,606,2201,AK 68 X AC 64C,ENGATIVA,C900,SENCILLA,SI,1994/05/25 00:00:00+00,PMT,BT-TF,DEFINITIVA,"VEHICULAR, PEATONAL",7,7,2,"1,2,93",N/A,"21,22,293,293A",N/A,NO,0,"Fases por demanda peatonal, Fases por demanda vehicular",2303
-74.08902008,4.63404934200003,2787,593,2204,AK 40 X AC 26,TEUSAQUILLO,C900,SENCILLA,SI,1994/08/25 00:00:00+00,NORMAL,CA-TA,DEFINITIVA,"VEHICULAR, PEATONAL",12,12,2,"2,3A,4A,62","3B,4B","22,23,24,33,52,393",N/A,NO,0,Conteo,2301
-74.09636646,4.67022333,2788,644,2206,KR 69 X CL 63C,ENGATIVA,ACTROS,SENCILLA,SI,2004/07/30 00:00:00+00,NORMAL,BT-TA,DEFINITIVA,"VEHICULAR, PEATONAL",7,7,4,"1,2,3,4",N/A,"22,23,24",N/A,NO,0,"Brechas, Fases por demanda",2307
-74.09506608,4.67206948,2789,635,2207,KR 69 X AC 64C,ENGATIVA,ACTROS,SENCILLA,SI,1990/07/05 00:00:00+00,NORMAL,BT-TA,DEFINITIVA,"VEHICULAR, PEATONAL, CICLISTA",18,18,4,"1,2,3,4,7,8",N/A,"21,22,23,24,33,34","721, 722, 724, 733","43, 44",0,Activación de sonoro,2307
-74.09823481,4.674322668,2790,657,2208,AK 70 X AC 64C,ENGATIVA,ACTROS,SENCILLA,SI,1990/07/05 00:00:00+00,NORMAL,BT-TF,DEFINITIVA,"VEHICULAR, PEATONAL",7,7,3,"1,2,4",N/A,"21,22,24,392 (Reg)",N/A,NO,0,N/A,2307
-74.09955433,4.67245799800003,2791,1363,2210,AK 70 X CL 63C,ENGATIVA,ACTROS,SENCILLA,SI,2015/12/01 00:00:00+00,NORMAL,BT-TF,DEFINITIVA,"VEHICULAR, PEATONAL",7,7,3,"1,2,4",N/A,"21,22,24,34",N/A,NO,0,N/A,2307
-74.06807141,4.64764926800001,2792,323,2216,KR 17 X CL 60,TEUSAQUILLO,ACTROS,SENCILLA,SI,1990/04/11 00:00:00+00,NORMAL,RP-TA,DEFINITIVA,"VEHICULAR, PEATONAL",4,4,2,"2,4",N/A,"24,32",N/A,NO,0,Brechas,2812
-74.07360856,4.64340423900001,2793,450,2217,TV 24 X DG 53C,TEUSAQUILLO,NO,DOBLE,NO,1990/07/01 00:00:00+00,NORMAL,CA-TA,DEFINITIVA,"VEHICULAR, PEATONAL",4,12,2,3,N/A,"23,32,33",N/A,NO,0,"Conteo, Brechas",2811
-74.07374014,4.64308483299999,2794,453,2217,TV 24 X CL 53B,TEUSAQUILLO,C900,DOBLE,SI,1990/07/01 00:00:00+00,NORMAL,CA-TA,DEFINITIVA,"VEHICULAR, PEATONAL, CICLISTA",8,12,3,"2,3A,93A",N/A,"22,23A,52",N/A,"43A,44A",0,"Conteo, Brechas",2811
-74.06726063,4.64751887699998,2795,311,2218,KR 16 X CL 60,TEUSAQUILLO,ACTROS,SENCILLA,SI,1990/09/18 00:00:00+00,NORMAL,RP-TA,DEFINITIVA,"VEHICULAR, PEATONAL",9,9,3,"2,4",N/A,"22,24,32,34","722, 732, 734",NO,0,"Brechas, Activación de sonoro",2812
-74.11348125,4.67679435999997,2796,746,2221,TV 85 X CL 52A,ENGATIVA,C900,SENCILLA,SI,2004/08/27 00:00:00+00,NORMAL,R-TA,DEFINITIVA,"VEHICULAR, PEATONAL",8,8,4,"1,2,3,4,5",N/A,"22,23,31",N/A,NO,0,"Conteo, Brechas",2302
-74.11048036,4.67735986299999,2797,730,2222,KR 77A X AC 53,ENGATIVA,C900,SENCILLA,SI,1993/08/30 00:00:00+00,NORMAL,CA-TA,DEFINITIVA,"VEHICULAR, PEATONAL",9,9,4,"1,3,4,7",N/A,"21,23,24,33,34",N/A,NO,0,"Conteo, Brechas, Fases por demanda",2302
-74.1038188,4.668252327,2798,696,2223,AK 70 X AC 53,ENGATIVA,ACTROS,SENCILLA,SI,1995/07/25 00:00:00+00,NORMAL,CA-TA,DEFINITIVA,"VEHICULAR, PEATONAL",10,10,3,"1,2,3,4,13,91",N/A,"22,23,31,34",N/A,NO,0,"Conteo, Brechas",2302
-74.10092416,4.67071786499997,2799,679,2224,AK 70 X AC 63,ENGATIVA,C900,SENCILLA,SI,1997/12/07 00:00:00+00,NORMAL,BT-TA,DEFINITIVA,"VEHICULAR, PEATONAL",28,28,4,"1,2,3,4,6,92,93,94",N/A,"21,22,23,24,31,32,33,34,292,293","721, 722, 723, 724, 731, 732, 733, 734, 7292, 7293",NO,0,N/A,2307
-74.10231747,4.68788543599999,2800,685,2225,KR 77A X CL 69A,ENGATIVA,C900,SENCILLA,SI,1988/02/25 00:00:00+00,NORMAL,BT-TF,DEFINITIVA,"VEHICULAR, PEATONAL",5,5,3,"1,2,3",N/A,"22,23",N/A,NO,0,N/A,1308
-74.06870192,4.64775566499998,2801,337,2227,KR 18 X CL 60,TEUSAQUILLO,ACTROS,SENCILLA,SI,2000/06/28 00:00:00+00,NORMAL,RP-TA,DEFINITIVA,"VEHICULAR, PEATONAL",5,5,3,"1,4",N/A,"20,21,24",N/A,NO,0,Brechas,2812
-74.0898704,4.60784589399998,2802,597,2316,KR 24 X CL 11,LOS MARTIRES,C900,DOBLE,SI,1983/07/19 00:00:00+00,NORMAL,RP-TF,DEFINITIVA,"VEHICULAR, PEATONAL",4,8,2,"2,4",N/A,"22,24",N/A,NO,0,N/A,2709
-74.09053367,4.60692182299999,2803,604,2317,KR 24 X CL 10,LOS MARTIRES,C900,DOBLE,SI,1983/08/19 00:00:00+00,NORMAL,RP-TF,DEFINITIVA,"VEHICULAR, PEATONAL",4,8,2,"3,12",N/A,"23,212",N/A,NO,0,N/A,2709
-74.09116367,4.60600918900002,2804,609,2317,KR 24 X CL 9,LOS MARTIRES,NO,DOBLE,NO,1983/08/19 00:00:00+00,NORMAL,RP-TF,DEFINITIVA,"VEHICULAR, PEATONAL",4,8,2,"2,4",N/A,"22,24",N/A,NO,0,N/A,2709
-74.13228537,4.68339404800003,2805,1579,2318,KR 100 X CL 24F,FONTIBON,C900,SENCILLA,SI,2020/07/25 00:00:00+00,NORMAL,BT-TA,DEFINITIVA,"VEHICULAR, PEATONAL",11,11,4,"1,2,3,4",N/A,"21,22,23,24","721, 722, 723",NO,0,"Brechas, Fases por demanda, Fases por demanda peatonal sonoro",2415
-74.09314668,4.60288889100002,2806,622,2319,AK 24 X AC 6,LOS MARTIRES,C900,SENCILLA,SI,1983/07/15 00:00:00+00,NORMAL,RP-TF,DEFINITIVA,"VEHICULAR, PEATONAL",11,11,2,"2,3A,4A","3B,4B","22,23,24,32,33,332",N/A,NO,0,Conteo,2703
-74.08763015,4.61401381600001,2807,585,2320,AK 27 X CL 17,LOS MARTIRES,C900,SENCILLA,SI,1983/07/08 00:00:00+00,NORMAL,RP-TF,DEFINITIVA,"VEHICULAR, PEATONAL",13,13,4,"1,2,3,4,7",N/A,"21,22,23,24,31,32,33,34 (Reg)",N/A,NO,0,N/A,2709
-74.10439226,4.68517760100002,2808,700,2321,KR 77A X CL 66A,ENGATIVA,C900,SENCILLA,SI,1993/12/07 00:00:00+00,NORMAL,BT-TF,DEFINITIVA,"VEHICULAR, PEATONAL",5,5,4,"1,2,3",N/A,"21,23",N/A,NO,0,N/A,1308
-74.09083402,4.61023722099998,2809,605,2322,AK 27 X CL 12,LOS MARTIRES,C900,DOBLE,SI,1983/07/07 00:00:00+00,NORMAL,RP-TF,DEFINITIVA,"VEHICULAR, PEATONAL",4,8,2,"1,3",N/A,"21,23",N/A,NO,0,N/A,2709
-74.09162433,4.60924464700003,2810,612,2322,AK 27 X CL 11,LOS MARTIRES,NO,DOBLE,NO,1983/07/07 00:00:00+00,NORMAL,RP-TF,DEFINITIVA,"VEHICULAR, PEATONAL",4,8,2,"4,11",N/A,"24,211",N/A,NO,0,N/A,2709
-74.09242176,4.60824537899998,2811,615,2323,AK 27 X CL 10,LOS MARTIRES,NO,DOBLE,NO,1983/07/12 00:00:00+00,NORMAL,RP-TF,DEFINITIVA,"VEHICULAR, PEATONAL",4,8,2,"1,3",N/A,"21,23",N/A,NO,0,N/A,2709
-74.09301607,4.60750488600002,2812,619,2323,AK 27 X CL 9,LOS MARTIRES,C900,DOBLE,SI,1983/07/12 00:00:00+00,NORMAL,RP-TF,DEFINITIVA,"VEHICULAR, PEATONAL",4,8,2,"4,11",N/A,"24,211",N/A,NO,0,N/A,2709
-74.10912128,4.68976308800001,2813,723,2324,AK 86 X CL 66A,ENGATIVA,ACTROS,DOBLE,SI,2000/03/03 00:00:00+00,NORMAL,R-TF,DEFINITIVA,"VEHICULAR, PEATONAL",8,15,3,"1,2,3,5,14",N/A,"22,33,214",N/A,NO,0,"Conteo, Brechas, Fases por demanda peatonal",2305
-74.10775753,4.68885666599999,2814,1214,2324,KR 83 X CL 66A,ENGATIVA,NO,DOBLE,NO,2011/11/24 00:00:00+00,NORMAL,R-TF,DEFINITIVA,"VEHICULAR, PEATONAL",7,15,3,"2A,4,8,13",N/A,"22A,24,313",N/A,NO,0,"Conteo, Brechas, Cola - Siguiente Intersección",2305
-74.09538979,4.604528571,2815,637,2325,AK 27 X AC 6,LOS MARTIRES,C900,SENCILLA,SI,1983/07/15 00:00:00+00,NORMAL,RP-TF,DEFINITIVA,"VEHICULAR, PEATONAL",11,11,2,"1,3,4","3B,4B","21,23,24,31,34,331",N/A,NO,0,Conteo,2703
-74.09796831,4.60656349800001,2816,1294,2326,AK 30 X AC 6,PUENTE ARANDA,C900,SENCILLA,SI,2013/01/24 00:00:00+00,NORMAL,RP-TA,DEFINITIVA,"VEHICULAR, PEATONAL",14,14,5,"1,2,3,4,11,12,13,14,111,112",N/A,"21,22,2111,2112",N/A,NO,0,"Conteo, Brechas, Cola - Siguiente Intersección, Fases por demanda peatonal",2703
-74.09391957,4.60823589699999,2817,1388,2327,KR 28 X CL 9,LOS MARTIRES,NO,DOBLE,NO,2014/07/23 00:00:00+00,NORMAL,RP-TA,DEFINITIVA,"VEHICULAR, PEATONAL",8,16,3,"2,4",N/A,"22,24,32","722, 724, 732",NO,0,Activación de sonoro,2709
-74.0948266,4.60896430899999,2818,1389,2327,KR 29 X CL 9,LOS MARTIRES,C900,DOBLE,SI,2014/07/23 00:00:00+00,NORMAL,RP-TA,DEFINITIVA,"VEHICULAR, PEATONAL",8,16,3,"1,14",N/A,"21,214,314","721, 7214, 7314",NO,0,Activación de sonoro,2709
-74.09938082,4.68107967499998,2819,666,2339,AK 72 X CL 66A,ENGATIVA,C900,SENCILLA,SI,1983/08/02 00:00:00+00,PMT,BT-TF,DEFINITIVA,"VEHICULAR, PEATONAL",7,7,2,"1,2,3,4",N/A,"23,24,33",N/A,NO,0,N/A,2318
-74.10681615,4.67130898900001,2820,711,2340,AK 72 X AC 53,ENGATIVA,C900,SENCILLA,SI,1983/07/26 00:00:00+00,NORMAL,CA-TA,DEFINITIVA,"VEHICULAR, PEATONAL",8,8,2,"1,2,3,4",N/A,"23,24,33,34",N/A,NO,0,"Conteo, Brechas",2302
-74.07232698,4.639414907,2821,420,2244,KR 21 X CL 51,TEUSAQUILLO,ACTROS,DOBLE,SI,1998/06/10 00:00:00+00,NORMAL,RP-TF,DEFINITIVA,"VEHICULAR, PEATONAL",7,14,3,"1,4,12",N/A,"21,24,34,212",N/A,NO,0,N/A,2811
-74.07249593,4.63843285799999,2822,425,2244,KR 21 X CL 50,TEUSAQUILLO,NO,DOBLE,NO,1998/06/10 00:00:00+00,NORMAL,RP-TF,DEFINITIVA,"VEHICULAR, PEATONAL",7,14,3,"2,3,11",N/A,"22,23,33,211",N/A,NO,0,N/A,2811
-74.06384177,4.63371813600003,2823,250,2260,AK 7 X CL 47,CHAPINERO,C900,SENCILLA,SI,1996/04/11 00:00:00+00,NORMAL,RP-TF,DEFINITIVA,"VEHICULAR, PEATONAL, CICLISTA",9,9,2,"1,2,2A,4",N/A,"21,24,32,34",N/A,42,0,N/A,2810
-74.06369052,4.63609101700001,2824,248,2261,AK 7 X CL 49,CHAPINERO,C900,SENCILLA,SI,1998/09/05 00:00:00+00,NORMAL,RP-TF,DEFINITIVA,"VEHICULAR, PEATONAL",6,6,2,"1,2,2A,4",N/A,"21,22",N/A,NO,0,N/A,2810
-74.07025129,4.62932548200001,2825,372,2298,KR 16 X DG 40A,TEUSAQUILLO,C900,SENCILLA,SI,1983/06/30 00:00:00+00,NORMAL,RP-TF,DEFINITIVA,"VEHICULAR, PEATONAL, CICLISTA",9,9,2,"2,3,4",N/A,"22,24,33,32",N/A,"43, 44",0,N/A,2807
-74.07534372,4.61387705200002,2826,490,2300,KR 17 X CL 24,LOS MARTIRES,NO,DOBLE,NO,1994/10/11 00:00:00+00,NORMAL,R-TF,DEFINITIVA,"VEHICULAR, PEATONAL",6,12,4,"1,3,7,12",N/A,"21,33",N/A,NO,0,N/A,2708
-74.07638803,4.61326947800001,2827,504,2300,KR 17 X CL 23,LOS MARTIRES,ACTROS,DOBLE,SI,1994/10/11 00:00:00+00,PMT,R-TF,DEFINITIVA,"VEHICULAR, PEATONAL",6,12,2,"2,4,11",N/A,"24,211",N/A,NO,0,N/A,2708
-74.07764985,4.61255093,2828,519,2301,KR 17 X CL 22,LOS MARTIRES,ACTROS,DOBLE,SI,1984/01/10 00:00:00+00,NORMAL,RP-TF,DEFINITIVA,EXCLUSIVA VEHICULAR,3,7,2,"1,2,14",N/A,N/A,N/A,NO,0,N/A,2708
-74.07634859,4.61149641100002,2829,1202,2301,KR 16 X CL 22,LOS MARTIRES,NO,DOBLE,NO,2010/09/08 00:00:00+00,NORMAL,RP-TF,DEFINITIVA,"VEHICULAR, PEATONAL",4,7,2,"2A,4",N/A,"22A,24",N/A,NO,0,N/A,2708
-74.07442807,4.62383894599998,2830,471,2307,KR 20 X AC 34,TEUSAQUILLO,ACTROS,SENCILLA,SI,1993/09/29 00:00:00+00,NORMAL,CA-TA,DEFINITIVA,"VEHICULAR, PEATONAL",7,7,2,"2,3,4",N/A,"22,24,32,33",N/A,NO,0,"Conteo, Brechas",2808
-74.07519593,4.62916675600002,2831,486,2308,AK 24 X CL 39A,TEUSAQUILLO,NO,DOBLE,NO,1995/03/11 00:00:00+00,NORMAL,RP-TF,DEFINITIVA,"VEHICULAR, PEATONAL",7,15,2,"1,3,12,13",N/A,"23,31,212",N/A,NO,0,N/A,2808
-74.075296,4.62777180099999,2832,488,2308,AK 24 X CL 39,TEUSAQUILLO,C900,DOBLE,SI,2004/09/27 00:00:00+00,NORMAL,RP-TF,DEFINITIVA,"VEHICULAR, PEATONAL",8,15,2,"2,4,11,14",N/A,"22,24,211,214",N/A,NO,0,N/A,2808
-74.07198337,4.64141150199998,2833,409,2309,KR 21 X AC 53,TEUSAQUILLO,C900,SENCILLA,SI,1983/06/22 00:00:00+00,NORMAL,R-TF,DEFINITIVA,"VEHICULAR, PEATONAL",9,9,3,"1,2,3,4",N/A,"21,22,23,24,33",N/A,NO,0,N/A,2811
-74.073408,4.62536836300001,2834,445,2310,AK 19 X CL 36,TEUSAQUILLO,NO,TRIPLE,NO,1983/07/26 00:00:00+00,PMT,RP-TF,DEFINITIVA,"VEHICULAR, PEATONAL, CICLISTA",8,22,3,"1,4,8",N/A,"21,24,31",N/A,"44,413",0,N/A,2808
-74.07414806,4.62541776099999,2835,462,2310,KR 20 X DG 35BIS Y CL 36,TEUSAQUILLO,C900,TRIPLE,SI,1983/07/26 00:00:00+00,NORMAL,RP-TF,DEFINITIVA,"VEHICULAR, PEATONAL, CICLISTA",10,22,3,"2,3,14",N/A,"22,23,32,33,214",N/A,"43,414",0,N/A,2808
-74.07352124,4.62471304100001,2836,464,2310,AK 19 X DG 35BIS,TEUSAQUILLO,NO,TRIPLE,NO,2009/03/13 00:00:00+00,NORMAL,RP-TF,DEFINITIVA,"VEHICULAR, PEATONAL",4,22,2,"11,13",N/A,"211,213",N/A,NO,0,Cola - Siguiente Intersección,2808
-74.07545749,4.63392959100003,2837,489,2311,AK 24 X AC 45,TEUSAQUILLO,C900,SENCILLA,SI,1983/06/16 00:00:00+00,NORMAL,CA-TA,DEFINITIVA,"VEHICULAR, PEATONAL",13,13,3,"1,2,3,4",N/A,"21,22,23,24,31,31A,32,33,34",N/A,NO,0,"Conteo, Brechas",2811
-74.07502385,4.63147041799999,2838,482,2312,AK 24 X CL 41,TEUSAQUILLO,C900,SENCILLA,SI,1983/07/27 00:00:00+00,NORMAL,RP-TF,DEFINITIVA,"VEHICULAR, PEATONAL, CICLISTA",13,13,4,"1,2,3,13",N/A,"21,23,31,22,32,213,313 (Reg)",N/A,"41, 42",0,N/A,2811
-74.07397667,4.64177464300002,2839,459,2314,AK 24 X AC 53,TEUSAQUILLO,C900,SENCILLA,SI,1983/08/02 00:00:00+00,NORMAL,CA-TA,DEFINITIVA,"VEHICULAR, PEATONAL",8,8,3,"1,2,3,4",N/A,"21,22,23,24",N/A,NO,0,"Conteo, Brechas",2811
-74.08927915,4.60868183600002,2840,594,2316,KR 24 X CL 12,LOS MARTIRES,NO,DOBLE,NO,1983/07/19 00:00:00+00,NORMAL,RP-TF,DEFINITIVA,"VEHICULAR, PEATONAL",4,8,2,"3,12",N/A,"23,212",N/A,NO,0,N/A,2709
-74.08126092,4.64598015000001,2841,1600,2159,KR 36A X CL 56,TEUSAQUILLO,C900,SENCILLA,SI,2020/12/13 00:00:00+00,NORMAL,BT-TA,DEFINITIVA,"VEHICULAR, PEATONAL",12,12,4,"1,2,3,4",N/A,"21,22,23,24","721, 722, 723, 724",NO,0,"Brechas, Fases por demanda, Fases por demanda peatonal sonoro",2316
-74.07556976,4.62216304499998,2842,1510,2160,KR 23 X AC 28,TEUSAQUILLO,C900,SENCILLA,SI,2018/06/19 00:00:00+00,NORMAL,RP-TA,DEFINITIVA,"VEHICULAR, PEATONAL",13,13,4,"1,2,3,4,5,792",N/A,"22,23,24,31","722, 724, 731",NO,0,Activación de sonoro,2806
-74.0772286,4.62681887700001,2843,512,2161,AK 28 X CL 37,TEUSAQUILLO,NO,TRIPLE,NO,1994/05/04 00:00:00+00,NORMAL,RP-TF,DEFINITIVA,"VEHICULAR, PEATONAL, CICLISTA",7,19,3,"2,3A,111",N/A,"23A,32,2111",N/A,43A,0,N/A,2808
-74.07753104,4.62762939999999,2844,517,2161,AK 28 X CL 39,TEUSAQUILLO,C900,TRIPLE,SI,1994/05/04 00:00:00+00,NORMAL,RP-TF,DEFINITIVA,"VEHICULAR, PEATONAL",6,19,2,"4,11,12",N/A,"24,211,312",N/A,NO,0,N/A,2808
-74.07802229,4.62903369499998,2845,520,2161,AK 28 X CL 39A,TEUSAQUILLO,NO,TRIPLE,NO,1994/05/04 00:00:00+00,NORMAL,RP-TF,DEFINITIVA,"VEHICULAR, PEATONAL",6,19,2,"1,3,112",N/A,"23,31,2112",N/A,NO,0,N/A,2808
-74.07629998,4.624182765,2846,500,2162,AK 28 X AC 34,TEUSAQUILLO,ACTROS,SENCILLA,SI,1994/04/14 00:00:00+00,NORMAL,CA-TA,DEFINITIVA,"VEHICULAR, PEATONAL",8,8,2,"1,2,3,4",N/A,"21,22,24,32",N/A,NO,0,Brechas,2808
-74.0713018,4.623285904,2847,396,2163,KR 16 X AC 34,TEUSAQUILLO,NO,DOBLE,NO,1984/05/05 00:00:00+00,NORMAL,CA-TA,DEFINITIVA,"VEHICULAR, PEATONAL",9,17,3,"13,4,2A",N/A,"24,22A,32A","724,722A,732A",NO,0,"Conteo, Brechas, Cola - Siguiente Intersección, Activación de sonoro",2808
-74.07221001,4.62343898,2848,417,2163,KR 17 X AC 34,TEUSAQUILLO,ACTROS,DOBLE,SI,1984/05/05 00:00:00+00,NORMAL,CA-TA,DEFINITIVA,"VEHICULAR, PEATONAL",8,17,3,"2,3,14,91",N/A,"22,32,214,291",N/A,NO,0,"Conteo, Brechas",2808
-74.07050349,4.63302452099998,2849,378,2164,AC 45 X DG 45D,TEUSAQUILLO,C900,SENCILLA,SI,1983/06/23 00:00:00+00,NORMAL,CA-TA,DEFINITIVA,"VEHICULAR, PEATONAL, CICLISTA",17,17,3,"1,2,3,4",N/A,"21,22,24,31,32,33","721, 722, 724, 731, 732, 733",42,0,"Conteo, Brechas, Activación de sonoro",2811
-74.1415282,4.66700321100001,2850,1605,2165,KR 96B X CL 17,FONTIBON,ACTROS,SENCILLA,SI,2020/08/25 00:00:00+00,NORMAL,BT-TA,DEFINITIVA,"VEHICULAR, PEATONAL",12,12,4,"1,2,3,4",N/A,"21,22,23,24","721, 722, 723, 724",NO,0,"Brechas, Fases por demanda, Activación de sonoro",2414
-74.10561045,4.61674999399997,2851,1614,2166,KR 41A X AC 6,PUENTE ARANDA,C900,SENCILLA,SI,2020/05/16 00:00:00+00,NORMAL,BT-TA,DEFINITIVA,"VEHICULAR, PEATONAL, CICLISTA",26,26,3,"1,2,3,4,104,13,14,7913,7914",N/A,"21,22,23,24,313,314","721, 722, 723, 724, 7313, 7314","43,44,413,414",0,Activación de sonoro,2707
-74.11352744,4.66003344000001,2852,1615,2167,AK 70 X AC 24,FONTIBON,C900,SENCILLA,SI,2020/05/19 00:00:00+00,NORMAL,BT-TA,DEFINITIVA,"VEHICULAR, PEATONAL",18,18,2,"1,3,5,3A,8,91",N/A,"21,23,25,23A,28,291","721,723,725,723A,728,7291",NO,0,Activación de sonoro,2412
-74.10589407,4.67038527,2853,1571,2168,KR 71B X AC 53,ENGATIVA,C900,SENCILLA,SI,2018/11/09 00:00:00+00,NORMAL,CA-TA,DEFINITIVA,"VEHICULAR, PEATONAL",8,8,4,"3,4,91,92",N/A,"23,24,291,292",N/A,NO,0,N/A,2302
-74.13964,4.65133700000001,2854,1812,2175,KR 81B X AC 12,KENNEDY,C900,SENCILLA,SI,2024/04/10 00:00:00+00,NORMAL,BT-TA,DEFINITIVA,"VEHICULAR, PEATONAL, CICLISTA",11,11,2,"3,4,91",N/A,"23,24,291","723,724,7291","43,44",0,Activación de sonoro,2438
-74.138018,4.65048899999999,2855,1813,2176,KR 80A X AC 12,KENNEDY,C900,SENCILLA,SI,2024/04/10 00:00:00+00,NORMAL,BT-TA,DEFINITIVA,"VEHICULAR, PEATONAL, CICLISTA",11,11,2,"1,3,4",N/A,"21,23,34","721,723,734","43,44",0,Activación de sonoro,2438
-74.136123,4.649069,2856,1814,2177,KR 79A X AC 12,KENNEDY,C900,SENCILLA,SI,2024/04/10 00:00:00+00,NORMAL,BT-TA,DEFINITIVA,"VEHICULAR, PEATONAL, CICLISTA",18,18,2,"1,2,3,4",N/A,"21,22,23,24,33,34","721,722,723,724,733,734","43,44",0,Activación de sonoro,2438
-74.134608,4.64817599999998,2857,1815,2178,KR 78 X AC 12,KENNEDY,C900,SENCILLA,SI,2024/04/10 00:00:00+00,NORMAL,BT-TA,DEFINITIVA,"VEHICULAR, PEATONAL, CICLISTA",8,8,2,"3,4",N/A,24,"723, 724","43,44",0,Activación de sonoro,2438
-74.128309,4.63935400000003,2858,1816,2179,KR 71B X AC 12,KENNEDY,C900,SENCILLA,SI,2024/04/10 00:00:00+00,NORMAL,BT-TA,DEFINITIVA,"VEHICULAR, PEATONAL, CICLISTA",9,9,2,"3,4,10.3",N/A,"24,33","724, 733","43,44",0,Activación de sonoro,2418
-74.081283,4.59492799999998,2859,1890,2181,AK 10 X CL 6,SANTA FE,sX,SENCILLA,SI,2025/02/18 00:00:00+00,NORMAL,R-TF,PROVISIONAL_PMT,EXCLUSIVA VEHICULAR,8,8,4,"1,2,3,4,11,12,13,14",N/A,N/A,N/A,NO,0,N/A,2708
-74.13689298,4.63666050099999,2860,827,2396,AK 72 X AC 8,KENNEDY,C900,SENCILLA,SI,1998/01/27 00:00:00+00,NORMAL,CA-TA,DEFINITIVA,"VEHICULAR, PEATONAL",8,8,2,"1,2,6,93",N/A,"21,22,36,293",N/A,NO,0,"Conteo, Brechas, Fases por demanda, Fases por demanda peatonal",2403
-74.14306934,4.63627992200003,2861,844,2397,KR 78 X CL 7ABISC,KENNEDY,C900,SENCILLA,SI,2006/09/18 00:00:00+00,NORMAL,BT-TF,DEFINITIVA,"VEHICULAR, PEATONAL",6,6,3,"1,2,3,6",N/A,"22,23",N/A,NO,0,N/A,2405
-74.11558193,4.63051218599998,2862,1485,2398,KR 62 X CL 11,PUENTE ARANDA,C900,SENCILLA,SI,2016/09/16 00:00:00+00,NORMAL,BT-TA,DEFINITIVA,"VEHICULAR, PEATONAL",7,7,2,2,N/A,"22,32,36","722, 732, 736",NO,0,Activación de sonoro,2429
-74.08929741,4.67179247199999,2863,595,2399,AK 68 X AC 66,ENGATIVA,C900,SENCILLA,SI,1984/03/27 00:00:00+00,PMT,BT-TF,DEFINITIVA,"VEHICULAR, PEATONAL",4,4,2,"1,2",N/A,"21,22",N/A,NO,0,N/A,2303
-74.1129898,4.64257416100003,2864,743,2401,AK 68 X CL 19,PUENTE ARANDA,ACTROS,SENCILLA,SI,1993/08/30 00:00:00+00,PMT,BT-TF,DEFINITIVA,"VEHICULAR, PEATONAL, CICLISTA",8,8,3,"1,2,3,94",N/A,"22,23,294",N/A,"41, 42",0,N/A,2406
-74.11160943,4.64392658100002,2865,735,2402,AK 68 X CL 20,PUENTE ARANDA,ACTROS,SENCILLA,SI,1994/12/07 00:00:00+00,PMT,BT-TF,DEFINITIVA,"VEHICULAR, PEATONAL, CICLISTA",8,8,3,"1,2,6",N/A,"21,32,291",N/A,"41, 42",0,N/A,2406
-74.13866207,4.63718457099998,2866,1625,2403,KR 72C X AC 8,KENNEDY,C900,SENCILLA,SI,2019/07/16 00:00:00+00,NORMAL,RP-TA,DEFINITIVA,"VEHICULAR, PEATONAL",12,12,4,"1,2,3,4,7,8",N/A,"21,22,23,24,33,34",N/A,NO,0,"Conteo, Brechas, Fases por demanda",2403
-74.09450136,4.61659410999999,2867,629,2410,KR 33 X AC 13,PUENTE ARANDA,C900,SENCILLA,SI,2003/09/16 00:00:00+00,NORMAL,BT-TA,DEFINITIVA,"VEHICULAR, PEATONAL",8,8,3,"3A,4A,91","3B,4B","23,34,291 (Reg)",N/A,NO,0,N/A,2705
-74.09681167,4.618662089,2868,646,2411,AK 36 X AC 13,PUENTE ARANDA,C900,SENCILLA,SI,1997/04/29 00:00:00+00,NORMAL,BT-TF,DEFINITIVA,"VEHICULAR, PEATONAL",9,9,2,"1,3A,4A","3B,4B","21,23,31,34 (Reg)",N/A,NO,0,N/A,2705
-74.09071481,4.62062912099998,2869,1357,2412,KR 33 X AC 19,PUENTE ARANDA,C900,SENCILLA,SI,2014/08/14 00:00:00+00,NORMAL,BT-TA,DEFINITIVA,"VEHICULAR, PEATONAL",11,11,2,"3,4,92",N/A,"23,32,34,292","723, 732, 734, 7292",NO,0,"Brechas, Activación de sonoro",2705
-74.09300716,4.62280907000002,2870,620,2413,AK 36 X AC 19,PUENTE ARANDA,C900,SENCILLA,SI,1997/10/15 00:00:00+00,NORMAL,BT-TF,DEFINITIVA,"VEHICULAR, PEATONAL",10,10,3,"1,3,4,8,63",N/A,"21,23,31,32,34",N/A,NO,0,N/A,2705
-74.05994199,4.635685663,2871,191,2420,AK 3 X CL 51,CHAPINERO,ACTROS,SENCILLA,SI,2006/09/30 00:00:00+00,NORMAL,BT-TA,DEFINITIVA,"VEHICULAR, PEATONAL",7,7,3,"1,2,3,4",N/A,"22,24,31",N/A,NO,0,"Brechas, Fases por demanda, Fases por demanda peatonal",2902
-74.05702933,4.642882429,2872,164,2421,TV 1 X CL 60BIS,CHAPINERO,ACTROS,SENCILLA,SI,1991/04/16 00:00:00+00,NORMAL,BT-TA,DEFINITIVA,"VEHICULAR, PEATONAL",7,7,3,"1,2,4,62",N/A,"22,24,292",N/A,NO,0,"Brechas, Fases por demanda, Fases por demanda peatonal",2902
-74.09153129,4.65066568700001,2873,599,2423,KR 58 X AC 53,TEUSAQUILLO,ACTROS,SENCILLA,SI,2006/10/12 00:00:00+00,NORMAL,BT-TA,DEFINITIVA,"VEHICULAR, PEATONAL",8,8,3,"1,3,4,92",N/A,"21,23,24,292",N/A,NO,0,"Brechas, Fases por demanda",2317
-74.08870592,4.648688988,2874,582,2424,KR 54 X AC 53,TEUSAQUILLO,ACTROS,SENCILLA,SI,2006/10/12 00:00:00+00,NORMAL,BT-TA,DEFINITIVA,"VEHICULAR, PEATONAL",8,8,3,"1,3,4,92",N/A,"21,23,24,292",N/A,NO,0,"Brechas, Fases por demanda",2317
-74.09317446,4.651869331,2875,621,2425,AK 60 X AC 53,TEUSAQUILLO,ACTROS,SENCILLA,SI,1986/12/11 00:00:00+00,NORMAL,BT-TF,DEFINITIVA,"VEHICULAR, PEATONAL, CICLISTA",20,20,4,"1,2,3,4,11,12,13,14,94",N/A,"21,23,24,294,312,313,314 (Reg)",N/A,"41,42,43,44",0,N/A,2317
-74.06966205,4.63894799100001,2876,360,2435,KR 17 X CL 51,TEUSAQUILLO,ACTROS,SENCILLA,SI,1997/03/30 00:00:00+00,NORMAL,RP-TF,DEFINITIVA,"VEHICULAR, PEATONAL",4,4,2,"2,4",N/A,"22,24",N/A,NO,0,N/A,2811
-74.07196538,4.63491680999999,2877,410,2438,TV 19BIS X DG 45D,TEUSAQUILLO,NO,DOBLE,NO,1994/05/11 00:00:00+00,NORMAL,RP-TF,DEFINITIVA,"VEHICULAR, PEATONAL",6,12,3,"1,4,13",N/A,"21,34,213",N/A,NO,0,N/A,2811
-74.07247213,4.635573669,2878,422,2438,TV 20 X DG 45D,TEUSAQUILLO,C900,DOBLE,SI,1994/05/11 00:00:00+00,NORMAL,RP-TF,DEFINITIVA,"VEHICULAR, PEATONAL",6,12,3,"2,3,14",N/A,"22,33,214",N/A,NO,0,N/A,2811
-74.11086367,4.68434041199998,2879,1144,2482,TV 85 X CL 64BBIS,ENGATIVA,C900,SENCILLA,SI,2009/03/03 00:00:00+00,NORMAL,R-TF,DEFINITIVA,"VEHICULAR, PEATONAL",4,4,3,"1,2,6",N/A,21,N/A,NO,0,N/A,2302
-74.11790935,4.69487748099999,2880,762,2483,AK 96 X CL 66A,ENGATIVA,C900,SENCILLA,SI,1998/02/25 00:00:00+00,NORMAL,BT-TF,DEFINITIVA,"VEHICULAR, PEATONAL, CICLISTA",17,17,4,"1,3,4,5,11,92",N/A,"21,23,34,311,292",N/A,"41,42,43,44,412,44A",0,N/A,2312
-74.11321482,4.68537986000001,2881,744,2530,AK 86 X CL 64BBIS,ENGATIVA,ACTROS,DOBLE,SI,2000/04/13 00:00:00+00,NORMAL,CA-TA,DEFINITIVA,"VEHICULAR, PEATONAL",6,12,2,"1,4,12",N/A,"21,24,34",N/A,NO,0,"Conteo, Brechas, Fases por demanda peatonal",2305
-74.11369537,4.68488260800001,2882,747,2530,AK 86 X DG 63F,ENGATIVA,NO,DOBLE,NO,2000/04/13 00:00:00+00,NORMAL,CA-TA,DEFINITIVA,"VEHICULAR, PEATONAL",6,12,3,"2,3,11",N/A,"22,23,311",N/A,NO,0,"Conteo, Brechas",2305
-74.11677092,4.68164683399999,2883,1627,2534,AK 86 X CL 52A,ENGATIVA,ACTROS,SENCILLA,SI,2019/03/12 00:00:00+00,NORMAL,CA-TA,DEFINITIVA,"VEHICULAR, PEATONAL",15,15,4,"1,2,93",N/A,"21,21BL,22,22BL,291,291BL,293,293BL","721, 722, 7291, 7293",NO,0,"Conteo, Brechas",2305
-74.11076387,4.68794646999999,2884,731,2550,AK 86 X CL 65BIS,ENGATIVA,ACTROS,SENCILLA,SI,2000/05/26 00:00:00+00,NORMAL,CA-TA,DEFINITIVA,"VEHICULAR, PEATONAL",9,9,2,"1,2,93,94",N/A,"21,22,23,292,294",N/A,NO,0,Brechas,2305
-74.10758477,4.69282772499997,2885,714,2560,AK 86 X CL 69B,ENGATIVA,ACTROS,SENCILLA,SI,2000/05/10 00:00:00+00,NORMAL,CA-TA,DEFINITIVA,EXCLUSIVA PEATONAL,3,3,2,"1,2",N/A,22 (Exc),N/A,NO,0,"Cola - Siguiente Intersección, Fases por demanda peatonal",2305
-74.10073442,4.63549899999998,2886,678,2670,AK 50 X AC 22,PUENTE ARANDA,C900,SENCILLA,SI,2004/09/15 00:00:00+00,NORMAL,CA-TA,DEFINITIVA,"VEHICULAR, PEATONAL, CICLISTA",8,8,3,"1,2,3,4",N/A,"21,32",N/A,"41, 42",0,"Brechas, Fases por demanda peatonal sonoro",2435
-74.09759971,4.655093255,2887,651,2346,KR 66A X AC 53,TEUSAQUILLO,NO,DOBLE,NO,2006/10/10 00:00:00+00,NORMAL,BT-TF,DEFINITIVA,"VEHICULAR, PEATONAL, CICLISTA",10,19,4,"3,4,8,16,912",N/A,"23,34,38,2912",N/A,41,0,N/A,2321
-74.09896601,4.65315777400002,2888,1142,2346,KR 66A X CL 44,TEUSAQUILLO,ACTROS,DOBLE,SI,2006/10/10 00:00:00+00,NORMAL,BT-TF,DEFINITIVA,"VEHICULAR, PEATONAL, CICLISTA",9,19,3,"1,2,3A,6",N/A,"22,23A,31,36",N/A,42,0,N/A,2321
-74.11236037,4.658373837,2889,1617,2347,KR 69D X CL 24A,FONTIBON,C900,DOBLE,SI,2020/11/19 00:00:00+00,NORMAL,BT-TA,DEFINITIVA,"VEHICULAR, PEATONAL",16,25,3,"4,4A,6,91",N/A,"24,24A,26,34,34A,291","724,724A,726,734,734A,7291",NO,0,Activación de sonoro,2412
-74.113557,4.657578,2890,1767,2347,KR 69D X AC 24,FONTIBON,NO,DOBLE,NO,2024/08/04 00:00:00+00,NORMAL,BT-TA,DEFINITIVA,"VEHICULAR, PEATONAL",9,25,3,"3,3A,5",N/A,"23,23A,25","723,723A,725",NO,0,"Activación de sonoro, Brechas",2412
-74.10057569,4.65718666700002,2891,675,2348,AK 68 X AC 53,ENGATIVA,C900,SENCILLA,SI,1995/05/19 00:00:00+00,PMT,BT-TF,DEFINITIVA,"VEHICULAR, PEATONAL",8,8,3,"1,2,4,64",N/A,"21,24,32,33",N/A,NO,0,N/A,2321
-74.1157619,4.63980349100001,2892,754,2349,AK 68 X AC 17,PUENTE ARANDA,ACTROS,DOBLE,SI,1993/12/28 00:00:00+00,PMT,BT-TF,DEFINITIVA,"VEHICULAR, PEATONAL, CICLISTA",13,18,3,"1,2,13,4,62,613,94",N/A,"22,213,24,313",N/A,"41, 42",0,N/A,2406
-74.117695,4.64129800000001,2893,1865,2349,KR 68B X AC 17,PUENTE ARANDA,NO,DOBLE,NO,2024/10/01 00:00:00+00,PMT,BT-TF,PROVISIONAL_PMT,"VEHICULAR, PEATONAL",5,18,2,"3,14",N/A,"214,33,38",N/A,NO,0,N/A,2406
-74.11796252,4.63767066700001,2894,763,2350,AK 68 X CL 13,PUENTE ARANDA,ACTROS,SENCILLA,SI,2007/09/11 00:00:00+00,PMT,BT-TF,DEFINITIVA,"VEHICULAR, PEATONAL, CICLISTA",7,7,2,"1,1A,2",N/A,"21,22",N/A,"41, 42",0,N/A,2406
-74.09570208,4.67792987899998,2895,641,2355,AK 70 X AC 66 Y CL 66B,ENGATIVA,ACTROS,SENCILLA,SI,1990/09/28 00:00:00+00,NORMAL,BT-TF,DEFINITIVA,"VEHICULAR, PEATONAL",9,9,4,"1,12,2,4,11",N/A,"21,291,22,24 (Reg)",N/A,NO,0,N/A,2307
-74.10600569,4.68691667399997,2896,1587,2357,KR 80 X AC 66 A,ENGATIVA,C900,SENCILLA,SI,2020/11/07 00:00:00+00,NORMAL,BT-TA,DEFINITIVA,"VEHICULAR, PEATONAL",19,19,3,"1,2,3,4,7",N/A,"21,22,23,24,31,32,33,34","722, 723, 724, 731, 733, 734",NO,0,"Brechas, Activación de sonoro",1308
-74.0698317,4.64925294699998,2897,363,2369,KR 20 X DG 61B,TEUSAQUILLO,NO,DOBLE,NO,1984/04/10 00:00:00+00,NORMAL,CA-TA,DEFINITIVA,"VEHICULAR, PEATONAL",6,13,2,"2,3A,4",N/A,"22,24,32",N/A,NO,0,Conteo,1906
-74.07004755,4.65057566899998,2898,365,2369,KR 20 X AC 63,BARRIOS UNIDOS,ACTROS,DOBLE,SI,1984/04/10 00:00:00+00,NORMAL,CA-TA,DEFINITIVA,"VEHICULAR, PEATONAL",7,13,3,"3,4A,7,12",N/A,"33,24A,212",N/A,NO,0,"Conteo, Brechas, Fases por demanda",1906
-74.07438787,4.65135505900002,2899,473,2370,KR 27 X AC 63,BARRIOS UNIDOS,ACTROS,SENCILLA,SI,2004/01/16 00:00:00+00,NORMAL,CA-TA,DEFINITIVA,"VEHICULAR, PEATONAL",9,9,3,"2,3,4",N/A,"22,23,24,32,33,34",N/A,NO,0,"Conteo, Brechas",1906
-74.0718371,4.648353671,2900,406,2373,TV 22A X DG 61B,TEUSAQUILLO,C900,SENCILLA,SI,1983/06/22 00:00:00+00,NORMAL,RP-TF,DEFINITIVA,"VEHICULAR, PEATONAL",11,11,2,"1,2,3,4",N/A,"21,22,23,24,32,33,34 (Reg)",N/A,NO,0,N/A,2812
-74.07132196,4.64502828100001,2901,395,2374,KR 21 X AC 57,TEUSAQUILLO,C900,SENCILLA,SI,1983/06/26 00:00:00+00,NORMAL,RP-TF,DEFINITIVA,"VEHICULAR, PEATONAL, CICLISTA",13,13,2,"1,2,3,4",N/A,"21,22,23,24,32,33,34",N/A,43.44,0,N/A,2812
-74.0724883,4.645225358,2902,426,2375,TV 24 X AC 57,TEUSAQUILLO,NO,DOBLE,NO,1993/06/17 00:00:00+00,NORMAL,RP-TF,DEFINITIVA,"VEHICULAR, PEATONAL",6,12,2,"2,4,13",N/A,"22,24,313",N/A,NO,0,N/A,2812
-74.07336681,4.64537503499997,2903,444,2375,TV 25 X AC 57,TEUSAQUILLO,C900,DOBLE,SI,1993/06/17 00:00:00+00,NORMAL,RP-TF,DEFINITIVA,"VEHICULAR, PEATONAL",6,12,2,"1,3,14",N/A,"21,23,314",N/A,NO,0,N/A,2812
-74.11256223,4.67922790099999,2904,741,2376,TV 85 X AC 53,ENGATIVA,sX,SENCILLA,SI,1989/11/23 00:00:00+00,NORMAL,CA-TA,DEFINITIVA,"VEHICULAR, PEATONAL",10,10,3,"1,2,3,4,5",N/A,"21,22,23,24,33",N/A,NO,0,"Conteo, Brechas",2302
-74.07393893,4.63367244699998,2905,458,2377,KR 22 X AC 45,TEUSAQUILLO,C900,SENCILLA,SI,1983/07/03 00:00:00+00,NORMAL,CA-TA,DEFINITIVA,"VEHICULAR, PEATONAL",7,7,3,"1,3,4",N/A,"21,23,34,31",N/A,NO,0,"Conteo, Brechas, Cola - Siguiente Intersección",2811
-74.09103837,4.62563218899999,2906,608,2378,AK 36 X AC 20,PUENTE ARANDA,C900,SENCILLA,SI,1983/06/24 00:00:00+00,NORMAL,CA-TA,DEFINITIVA,"VEHICULAR, PEATONAL",23,23,3,"1,2,3,3A,4,4A,5,64A,11,12,111,112",N/A,"21,22,23,24A,211,212,33A,311,312,3111,3112",N/A,NO,0,"Conteo, Brechas",2407
-74.0937804,4.62587313,2907,627,2379,TV 39BISA X AC 20,PUENTE ARANDA,C900,SENCILLA,SI,1983/10/05 00:00:00+00,NORMAL,R-TF,DEFINITIVA,"VEHICULAR, PEATONAL",9,9,3,"2,3,3A,4,4A,12,93,112",N/A,22,N/A,NO,0,"Conteo, Brechas, Fases por demanda peatonal",2407
-74.09589501,4.62610586099998,2908,642,2380,AK 40 X AC 20,PUENTE ARANDA,C900,SENCILLA,SI,1983/09/27 00:00:00+00,NORMAL,R-TF,DEFINITIVA,"VEHICULAR, PEATONAL",16,16,2,"1,3,3A,4,4A,94,11",N/A,"21,23,24,23A,24A,34,34A,211,294A",N/A,NO,0,"Conteo, Brechas",2407
-74.09966204,4.62660616400001,2909,668,2381,AK 43A X AC 20,PUENTE ARANDA,C900,SENCILLA,SI,2005/06/20 00:00:00+00,NORMAL,CA-TA,DEFINITIVA,"VEHICULAR, PEATONAL",14,14,3,"2,3,3A,4,4A,12",N/A,"22,23A,32,33,33A,24,24A,312",N/A,NO,0,"Conteo, Brechas",2407
-74.09812855,4.619818388,2910,656,2382,KR 38 X AC 13,PUENTE ARANDA,C900,SENCILLA,SI,1993/08/31 00:00:00+00,PMT,BT-TA,DEFINITIVA,"VEHICULAR, PEATONAL",12,12,2,"3A,4A,91,94A","3B,4B","23,24,291","723, 724, 7291",NO,0,"Fases por demanda, Activación de sonoro",2705
-74.10209204,4.623363036,2911,684,2383,KR 43 X AC 13,PUENTE ARANDA,C900,SENCILLA,SI,1993/09/24 00:00:00+00,Desvío - PMT,BT-TF,DEFINITIVA,"VEHICULAR, PEATONAL",12,12,2,"1,2,3A,4A","3B,4B","21,22,24,31,32,33 ",N/A,NO,0,N/A,2705
-74.11229151,4.63235275900001,2912,738,2384,KR 60 X AC 13,PUENTE ARANDA,C900,SENCILLA,SI,1984/01/17 00:00:00+00,NORMAL,CA-TA,DEFINITIVA,"VEHICULAR, PEATONAL",14,14,3,"1,3,4,91",N/A,"21,23,31,34,291","721, 723, 731, 734, 7291",NO,0,"Conteo, Brechas, Activación de sonoro",2409
-74.1147942,4.63454738600001,2913,750,2385,KR 65 X AC 13,PUENTE ARANDA,C900,SENCILLA,SI,1998/01/16 00:00:00+00,Desvío - PMT,CA-TA,DEFINITIVA,"VEHICULAR, PEATONAL",18,18,4,"2,3,4,7,8,92,93,794",N/A,"22,24,32,33,38","722, 724, 732, 733, 738",NO,0,"Conteo, Brechas, Cola, Activación de sonoro",2409
-74.09953197,4.62105706199998,2914,667,2386,AK 39 X AC 13,PUENTE ARANDA,C900,SENCILLA,SI,2003/09/09 00:00:00+00,NORMAL,BT-TA,DEFINITIVA,"VEHICULAR, PEATONAL",9,9,4,"2,3A,4A,91,92","3B,4B","24,33 (Reg)",N/A,NO,0,Fases por demanda,2705
-74.10095918,4.62233902999998,2915,680,2387,KR 42ABIS X AC 13,PUENTE ARANDA,C900,SENCILLA,SI,2003/09/15 00:00:00+00,Desvío - PMT,BT-TA,DEFINITIVA,"VEHICULAR, PEATONAL",8,8,2,"3A,4A","3B,4B","23,24 (Exc) (Reg)",N/A,NO,0,N/A,2705
-74.07066102,4.64490404999998,2916,381,2388,KR 20 X AC 57,TEUSAQUILLO,C900,SENCILLA,SI,1994/11/16 00:00:00+00,NORMAL,RP-TF,DEFINITIVA,"VEHICULAR, PEATONAL",9,9,3,"2,3,4",N/A,"22,23,24,32,33,34 (Reg)",N/A,NO,0,N/A,2812
-74.06927601,4.64467336299998,2917,350,2389,KR 18 X AC 57,TEUSAQUILLO,C900,SENCILLA,SI,1995/04/29 00:00:00+00,NORMAL,RP-TF,DEFINITIVA,"VEHICULAR, PEATONAL",9,9,3,"1,3,4",N/A,"21,23,24,31,33,34",N/A,NO,0,N/A,2812
-74.09559363,4.628487732,2918,628,2390,AK 40 X CL 21,PUENTE ARANDA,C900,SENCILLA,SI,2006/12/01 00:00:00+00,PMT,RP-TF,DEFINITIVA,"VEHICULAR, PEATONAL",8,8,2,"1,2,3,4",N/A,"22,23,24,31",N/A,NO,0,N/A,2407
-74.1082465,4.62804486099998,2919,1284,2391,KR 52 X AC 13,PUENTE ARANDA,C900,SENCILLA,SI,2012/12/15 00:00:00+00,NORMAL,CA-TA,DEFINITIVA,EXCLUSIVA PEATONAL,6,6,3,"4,4A,93",N/A,"24,24A,293 (Exc)",N/A,NO,0,"Conteo, Brechas",2409
-74.11024149,4.63027058799997,2920,1371,2392,KR 56 X AC 13,PUENTE ARANDA,C900,SENCILLA,SI,2014/12/17 00:00:00+00,NORMAL,CA-TA,DEFINITIVA,"VEHICULAR, PEATONAL",19,19,3,"3,3A,4,4A,91,92,93A",N/A,"23,23A,24,24A,291,292","723,723A,724,724A,7291,7292",NO,0,"Conteo, Activación de sonoro",2409
-74.13578082,4.63935795499998,2921,819,2393,AK 72 X CL 9,KENNEDY,C900,SENCILLA,SI,1990/04/18 00:00:00+00,NORMAL,CA-TA,DEFINITIVA,"VEHICULAR, PEATONAL",4,4,2,"1,2,3",N/A,23,N/A,NO,0,"Conteo, Brechas, Cola",2403
-74.14172452,4.638219784,2922,836,2394,KR 78 X AC 8,KENNEDY,C900,SENCILLA,SI,1995/01/06 00:00:00+00,NORMAL,BT-TF,DEFINITIVA,"VEHICULAR, PEATONAL",11,11,4,"1,2,3,4,7,8,63",N/A,"21,22,23,34",N/A,NO,0,N/A,2405
-74.14005621,4.64151730100002,2923,834,2395,KR 78 X CL 9,KENNEDY,C900,SENCILLA,SI,1995/10/04 00:00:00+00,NORMAL,BT-TA,DEFINITIVA,"VEHICULAR, PEATONAL",7,7,4,"1,2,3",N/A,"21,22,23,33",N/A,NO,0,"Brechas, Fases por demanda",2405
-74.083908,4.60394100000002,2924,1896,2708,AK 17 X CL 11,LOS MARTIRES,NO,CUADRUPLE,NO,2025/02/17 00:00:00+00,PMT,R-TF,PROVISIONAL_PMT,"VEHICULAR, PEATONAL",6,17,3,"2,4",N/A,"22,24,32,34",N/A,NO,0,N/A,2709
-74.10273509,4.64497944499999,2925,687,2710,AK 60 X AC 24,TEUSAQUILLO,C900,SENCILLA,SI,2005/10/20 00:00:00+00,NORMAL,CA-TA,DEFINITIVA,"VEHICULAR, PEATONAL",16,16,5,"1,2,3,4,5,6,7,8",N/A,"21,22,23,24,31,32,33,34",N/A,NO,0,N/A,2435
-74.11138615,4.65688245899997,2926,734,2711,KR 69B X CL 24A,FONTIBON,NO,DOBLE,NO,2004/09/07 00:00:00+00,NORMAL,BT-TF,DEFINITIVA,"VEHICULAR, PEATONAL",9,18,3,"1,4,4A,12,64A",N/A,"21,24,24A,212",N/A,NO,0,N/A,2412
-74.11259109,4.65609476600002,2927,740,2711,KR 69B X AC 24,FONTIBON,C900,DOBLE,SI,2004/09/07 00:00:00+00,NORMAL,BT-TF,DEFINITIVA,"VEHICULAR, PEATONAL",9,18,3,"2,3,3A,11",N/A,"22,23,23A,211,311",N/A,NO,0,N/A,2412
-74.10894258,4.65282285500001,2928,722,2712,KR 68B X CL 24A,FONTIBON,NO,DOBLE,NO,1998/05/04 00:00:00+00,Desvío - PMT,BT-TF,DEFINITIVA,"VEHICULAR, PEATONAL",6,12,3,"1,4,12,64",N/A,"21,24",N/A,NO,0,N/A,2412
-74.1095441,4.65214337200001,2929,726,2712,KR 68B X AC 24,FONTIBON,C900,DOBLE,SI,1998/05/04 00:00:00+00,NORMAL,BT-TF,DEFINITIVA,"VEHICULAR, PEATONAL",6,12,3,"2,3,11,63",N/A,"22,23",N/A,NO,0,N/A,2412
-74.11097005,4.65368053899999,2930,732,2713,AK 68D X AC 24,FONTIBON,C900,DOBLE,SI,1990/03/08 00:00:00+00,Desvío - PMT,BT-TA,DEFINITIVA,"VEHICULAR, PEATONAL",9,15,2,"2,3,92",N/A,"22,23,33,292",validar,NO,0,N/A,2412
-74.10990214,4.65467883100001,2931,1500,2713,AK 68D X CL 24A,FONTIBON,NO,DOBLE,NO,2017/03/16 00:00:00+00,Desvío - PMT,BT-TA,DEFINITIVA,"VEHICULAR, PEATONAL",6,15,2,"4,91",N/A,"24,291",validar,NO,0,N/A,2412
-74.10414814,4.62521991300002,2932,698,2714,KR 47 X AC 13,PUENTE ARANDA,C900,SENCILLA,SI,1990/07/11 00:00:00+00,NORMAL,BT-TF,DEFINITIVA,"VEHICULAR, PEATONAL",11,11,2,"2,3A,4A,6","3B,4B","22,23,24,33,52 ",N/A,NO,0,N/A,2705
-74.08824999,4.62992241900002,2933,588,2715,KR 37 X CL 25,TEUSAQUILLO,C900,SENCILLA,SI,1995/02/05 00:00:00+00,NORMAL,RP-TF,DEFINITIVA,"VEHICULAR, PEATONAL",4,4,2,"2,3",N/A,"22,23",N/A,NO,0,N/A,2301
-74.09973826,4.640795481,2934,1220,2716,KR 54 X AC 24,TEUSAQUILLO,C900,SENCILLA,SI,2011/06/30 00:00:00+00,NORMAL,CA-TA,DEFINITIVA,"VEHICULAR, PEATONAL",11,11,4,"1,2,3,4,7",N/A,"21,22,23,24,33,34 ",N/A,NO,0,"Brechas, Fase por demanda vehicular",2435
-74.09019658,4.63251828099999,2935,601,2717,AK 40 X CL 25,TEUSAQUILLO,C900,SENCILLA,SI,1995/03/11 00:00:00+00,NORMAL,RP-TF,DEFINITIVA,"VEHICULAR, PEATONAL",12,12,5,"1,2,3,8,94",N/A,"21,22,23,24,31,32,33",N/A,NO,0,N/A,2301
-74.14408356,4.670665337,2936,1501,2719,AK 97 X CL 17,FONTIBON,ACTROS,SENCILLA,SI,2017/07/26 00:00:00+00,NORMAL,BT-TA,DEFINITIVA,"VEHICULAR, PEATONAL",11,11,3,"1,3,4",N/A,"21,23,24,31","721, 723, 724, 731",NO,0,Activación de sonoro,2414
-74.08305486,4.65062699200001,2937,1471,2725,KR 45 X CL 59,TEUSAQUILLO,ACTROS,SENCILLA,SI,2017/07/07 00:00:00+00,NORMAL,BT-TF,DEFINITIVA,"VEHICULAR, PEATONAL",12,12,5,"1,2,3,4,5,6",N/A,"21,22,23,24,31,32",N/A,NO,0,N/A,2317
-74.08619043,4.64694285500002,2938,574,2726,AK 50 X AC 53,TEUSAQUILLO,ACTROS,SENCILLA,SI,1990/09/28 00:00:00+00,NORMAL,BT-TF,DEFINITIVA,"VEHICULAR, PEATONAL, CICLISTA",18,18,2,"1,2,3,4,11,12",N/A,"21,22,23,24,33,34,311,312",N/A,"41,42,411,412",0,N/A,2317
-74.08451485,4.65121860800002,2939,562,2727,AK 50 X CL 59,TEUSAQUILLO,ACTROS,SENCILLA,SI,1995/10/05 00:00:00+00,NORMAL,BT-TF,DEFINITIVA,"VEHICULAR, PEATONAL, CICLISTA",12,12,2,"1,2,3,4,64",N/A,"21,23,24,32",N/A,"41,42,43",0,N/A,2317
-74.06975507,4.63206188300001,2940,362,2734,KR 16 X DG 44BIS,TEUSAQUILLO,C900,SENCILLA,SI,1994/11/28 00:00:00+00,NORMAL,RP-TF,DEFINITIVA,"VEHICULAR, PEATONAL, CICLISTA",9,9,3,"2,3,4,92",N/A,"22,24,33,294",N/A,42,0,N/A,2811
-74.07335789,4.636697594,2941,447,2735,TV 21 X DG 45D Y CL 45CBIS,TEUSAQUILLO,C900,SENCILLA,SI,1993/12/03 00:00:00+00,NORMAL,RP-TF,DEFINITIVA,EXCLUSIVA VEHICULAR,4,4,3,"1,3,3A,4",N/A,N/A,N/A,NO,0,N/A,2811
-74.08325941,4.59888677499998,2942,553,2743,AK 14 X CL 8,SANTA FE,ACTROS,SENCILLA,SI,1993/12/16 00:00:00+00,PMT,BT-TF,DEFINITIVA,EXCLUSIVA PEATONAL,6,6,2,"1A,2A","1B,2B","21,22 (Exc)",N/A,NO,0,Cola - Siguiente Intersección,2743
-74.07269387,4.61561644400001,2943,437,2744,AK 14 X AC 26,SANTA FE,sX,SENCILLA,SI,2025/04/21 00:00:00+00,NORMAL,BT-TF,PROVISIONAL_PMT,EXCLUSIVA VEHICULAR,3,3,2,N/A,"1B, 10 (2B)",N/A,N/A,NO,0,N/A,2813
-74.15534367,4.66956272800002,2944,1381,2775,KR 104 X DG 15A,FONTIBON,C900,SENCILLA,SI,2015/02/03 00:00:00+00,NORMAL,BT-TF,DEFINITIVA,"VEHICULAR, PEATONAL, CICLISTA",12,12,4,"1,2,3,94",N/A,"22,23,294","722, 723, 7294 (Desconectados)","43, 44",0,Activación de sonoro,2431
-74.10799052,4.65588496999999,2945,720,2777,KR 68D X CL 25,FONTIBON,C900,DOBLE,SI,2006/11/17 00:00:00+00,PMT,BT-TF,DEFINITIVA,"VEHICULAR, PEATONAL, CICLISTA",9,22,4,"1A,3,7,14,18",N/A,"21A,33,214",N/A,43,0,N/A,2412
-74.10699091,4.65440102000002,2946,1266,2777,KR 68B X CL 25,FONTIBON,NO,DOBLE,NO,2012/08/01 00:00:00+00,PMT,BT-TF,DEFINITIVA,"VEHICULAR, PEATONAL, CICLISTA",13,22,4,"1,2,4,8,13,17",N/A,"21,22,24,34,212,313",N/A,44,0,N/A,2412
-74.10942994,4.65814339299999,2947,1240,2778,KR 69B X CL 25,FONTIBON,C900,SENCILLA,SI,2011/12/18 00:00:00+00,PMT,BT-TF,DEFINITIVA,"VEHICULAR, PEATONAL, CICLISTA",14,14,4,"1,2,3,4,7,8",N/A,"21,22,23,24,33,34",N/A,"43, 44",0,N/A,2412
-74.11240695,4.65204790600001,2948,739,2779,AK 68D X CL 23,FONTIBON,C900,SENCILLA,SI,2008/01/05 00:00:00+00,Desvío - PMT,BT-TA,DEFINITIVA,EXCLUSIVA PEATONAL,6,6,2,"1,2",N/A,"21,22","721,722",NO,0,Activación de sonoro,2412
-74.12212691,4.64005835400002,2949,784,2780,AK 68D X AC 13,FONTIBON,C900,SENCILLA,SI,1993/12/07 00:00:00+00,Desvío - PMT,BT-TF,DEFINITIVA,"VEHICULAR, PEATONAL",13,13,3,"1,2,3,4,94",N/A,"21,22,23,24,31,32,33,34",N/A,NO,0,N/A,2411
-74.13950836,4.66326387100003,2950,833,2781,KR 90 X DG 16,FONTIBON,ACTROS,SENCILLA,SI,1994/11/28 00:00:00+00,NORMAL,BT-TF,DEFINITIVA,"VEHICULAR, PEATONAL",6,6,2,"3,4,5",N/A,"23,25,34 (Reg)",N/A,NO,0,N/A,2414
-74.1422181,4.668052773,2951,839,2782,KR 96C X CL 17,FONTIBON,ACTROS,SENCILLA,SI,1994/11/19 00:00:00+00,NORMAL,BT-TF,DEFINITIVA,"VEHICULAR, PEATONAL",7,7,3,"1,3,4,7",N/A,"21,23,37",N/A,NO,0,N/A,2414
-74.14328898,4.673894034,2952,1237,2783,KR 99 X CL 19,FONTIBON,ACTROS,DOBLE,SI,2011/11/17 00:00:00+00,NORMAL,BT-TF,DEFINITIVA,"VEHICULAR, PEATONAL",5,11,2,"2,4",N/A,"22,24,32",N/A,NO,0,N/A,2414
-74.142609,4.67452200000002,2953,1766,2783,KR 99 X CL 20,FONTIBON,NO,DOBLE,NO,2024/08/08 00:00:00+00,NORMAL,BT-TF,DEFINITIVA,"VEHICULAR, PEATONAL",6,11,3,"3,12",N/A,"23,212,33,312",N/A,NO,0,N/A,2414
-74.14869828,4.66685362200002,2954,860,2784,AK 97 X DG 16,FONTIBON,C900,SENCILLA,SI,2004/12/06 00:00:00+00,NORMAL,CA-TA,DEFINITIVA,"VEHICULAR, PEATONAL",6,6,2,"3,4,91",N/A,"23,24,291",N/A,NO,0,"Conteo, Brechas, Cola - Siguiente Intersección, Fases por demanda peatonal",2401
-74.16088961,4.68788662999998,2955,898,2785,KR 124 X AC 17,FONTIBON,C900,SENCILLA,SI,2004/12/03 00:00:00+00,NORMAL,CA-TA,DEFINITIVA,"VEHICULAR, PEATONAL",8,8,2,"3,4,91",N/A,"23,24,291",N/A,"43, 44",0,"Conteo, Brechas, Fases por demanda, Cola - Siguiente Intersección, Fases por demanda peatonal",2402
-74.14317269,4.67524256600001,2956,1238,2786,KR 100 X CL 20,FONTIBON,ACTROS,DOBLE,SI,2011/11/18 00:00:00+00,NORMAL,BT-TF,DEFINITIVA,"VEHICULAR, PEATONAL",6,12,3,"1,3,5",N/A,"21,23,33 (Reg)",N/A,NO,0,N/A,2414
-74.143948,4.67463400000003,2957,1765,2786,KR 100 X CL 19,FONTIBON,NO,DOBLE,NO,2024/08/08 00:00:00+00,NORMAL,BT-TF,DEFINITIVA,"VEHICULAR, PEATONAL",6,12,3,"4,11",N/A,"24,211,34,311",N/A,NO,0,N/A,2414
-74.14524404,4.67221556499999,2958,848,2788,KR 99 X CL 17,FONTIBON,ACTROS,DOBLE,SI,1994/11/25 00:00:00+00,NORMAL,BT-TA,DEFINITIVA,"VEHICULAR, PEATONAL",11,18,3,"2,4,13",N/A,"22,24,32,213","722, 724, 732, 7213",NO,0,Activación de sonoro,2414
-74.14596151,4.67295651699999,2959,853,2788,KR 100 X CL17,FONTIBON,NO,DOBLE,NO,1994/11/25 00:00:00+00,NORMAL,BT-TA,DEFINITIVA,"VEHICULAR, PEATONAL",7,18,3,"1,3,14",N/A,"21,23,31,214",N/A,NO,0,N/A,2414
-74.09281872,4.63075966000002,2960,617,2789,AK 40 X AC 24,TEUSAQUILLO,C900,SENCILLA,SI,1995/01/27 00:00:00+00,NORMAL,BT-TF,DEFINITIVA,"VEHICULAR, PEATONAL",11,11,2,"1,2,3,4,62,63",N/A,"22,23,24,31,33",N/A,NO,0,N/A,2430
-74.08664828,4.62757098700001,2961,577,2790,KR 33 X CL 25,TEUSAQUILLO,C900,SENCILLA,SI,1994/12/02 00:00:00+00,NORMAL,R-TA,DEFINITIVA,"VEHICULAR, PEATONAL",6,6,3,"1,2,3",N/A,"21,23,32",N/A,NO,0,"Conteo, Brechas",2301
-74.09450006,4.62113325500002,2962,630,2791,AK 36 X CL 17A,PUENTE ARANDA,C900,SENCILLA,SI,2003/12/19 00:00:00+00,NORMAL,BT-TF,DEFINITIVA,"VEHICULAR, PEATONAL",4,4,2,"1,3",N/A,"21,23",N/A,NO,0,N/A,2705
-74.0693108,4.64943409,2963,349,2749,KR 19A X DG 61B,TEUSAQUILLO,NO,DOBLE,NO,1994/11/16 00:00:00+00,NORMAL,CA-TA,DEFINITIVA,"VEHICULAR, PEATONAL",6,12,2,"3A,4,11",N/A,"23A,211,311",N/A,NO,0,N/A,1906
-74.06944947,4.65047070100002,2964,354,2749,KR 19A X AC 63,TEUSAQUILLO,ACTROS,DOBLE,SI,1994/11/16 00:00:00+00,NORMAL,CA-TA,DEFINITIVA,"VEHICULAR, PEATONAL",6,12,2,"1,3,4A",N/A,"21,23,31",N/A,NO,0,Conteo,1906
-74.06813862,4.62996913900002,2965,324,2752,AK 14 X CL 41BIS,TEUSAQUILLO,C900,SENCILLA,SI,1993/12/16 00:00:00+00,NORMAL,R-TA,DEFINITIVA,"VEHICULAR, PEATONAL",10,10,2,"1A,2A,3","1B,2B","21,22,23,31,32",N/A,NO,0,"Conteo, Brechas, Cola - Siguiente Intersección",2807
-74.06732116,4.63446809200002,2966,313,2753,AK 14 X CL 47,TEUSAQUILLO,C900,DOBLE,SI,1998/06/26 00:00:00+00,NORMAL,R-TF,DEFINITIVA,"VEHICULAR, PEATONAL",7,11,2,4,"1B,2B","21,24,32,34",N/A,NO,0,Cola - Siguiente Intersección,2809
-74.068365,4.63467400000002,2967,1836,2753,KR 15 X CL 47,TEUSAQUILLO,NO,DOBLE,NO,2024/07/04 00:00:00+00,PMT,R-TF,PROVISIONAL_PMT,"VEHICULAR, PEATONAL",4,11,2,"1C,8",N/A,"21C,28",N/A,NO,0,N/A,2809
-74.07083742,4.62593463299999,2968,386,2755,KR 16 X CL 37,TEUSAQUILLO,C900,SENCILLA,SI,1994/11/28 00:00:00+00,NORMAL,RP-TF,DEFINITIVA,"VEHICULAR, PEATONAL",7,7,3,"2,3,4",N/A,"22,23,24,32 (Reg)",N/A,NO,0,N/A,2808
-74.07101334,4.62496861599999,2969,389,2756,KR 16 X CL 36,TEUSAQUILLO,NO,DOBLE,NO,1994/12/07 00:00:00+00,PMT,RP-TF,DEFINITIVA,"VEHICULAR, PEATONAL, CICLISTA",7,14,3,"2A,4",N/A,"22A,24,32A",N/A,"44,413",0,N/A,2808
-74.07223624,4.62517277799998,2970,415,2756,TV 17ABIS X CL 36,TEUSAQUILLO,C900,DOBLE,SI,1994/12/07 00:00:00+00,NORMAL,RP-TF,DEFINITIVA,"VEHICULAR, PEATONAL, CICLISTA",7,14,3,"2,6,14",N/A,"22,214,314",N/A,43,0,N/A,2808
-74.07325971,4.62618818300001,2971,441,2757,AK 19 X CL 37,TEUSAQUILLO,NO,DOBLE,NO,1994/11/15 00:00:00+00,NORMAL,RP-TF,DEFINITIVA,"VEHICULAR, PEATONAL, CICLISTA",6,11,3,"1,4",N/A,"21,24,34 (Reg)",N/A,41,0,N/A,2808
-74.07396139,4.62631299100002,2972,457,2757,KR 20 X CL 37,TEUSAQUILLO,C900,DOBLE,SI,1994/11/15 00:00:00+00,NORMAL,RP-TF,DEFINITIVA,"VEHICULAR, PEATONAL",5,11,2,"2,14",N/A,"22,32,214 (Reg)",N/A,NO,0,N/A,2808
-74.07832458,4.61836817599999,2973,522,2761,KR 19B X CL 24,LOS MARTIRES,C900,DOBLE,SI,1994/05/04 00:00:00+00,NORMAL,BT-TF,DEFINITIVA,"VEHICULAR, PEATONAL, CICLISTA",6,8,3,"1,3",N/A,"21,23",N/A,"41,44",0,N/A,2706
-74.07871163,4.618102292,2974,527,2761,KR 19B X DG 23BIS,LOS MARTIRES,NO,DOBLE,NO,1994/05/04 00:00:00+00,NORMAL,BT-TF,DEFINITIVA,EXCLUSIVA VEHICULAR,2,8,2,"3A,11",N/A,N/A,N/A,NO,0,N/A,2706
-74.07171714,4.62092083499999,2975,404,2762,KR 16 X AC 32,TEUSAQUILLO,C900,DOBLE,SI,1993/12/06 00:00:00+00,NORMAL,RP-TF,DEFINITIVA,"VEHICULAR, CICLISTA",3,10,4,"2A,4,13",N/A,N/A,N/A,NO,0,N/A,2806
-74.07269636,4.62075066300002,2976,432,2762,KR 17 X AC 32,TEUSAQUILLO,NO,DOBLE,NO,1993/12/06 00:00:00+00,NORMAL,RP-TF,DEFINITIVA,"VEHICULAR, PEATONAL, CICLISTA",7,10,2,"2,3,7,14,914",N/A,"32,214",N/A,NO,0,N/A,2806
-74.08511674,4.61232810400003,2977,565,2764,KR 22 X CL 17,LOS MARTIRES,C900,SENCILLA,SI,1995/02/18 00:00:00+00,NORMAL,RP-TF,DEFINITIVA,"VEHICULAR, PEATONAL",11,11,3,"1,2,3,4",N/A,"21,22,23,24,31,32,34",N/A,NO,0,N/A,2709
-74.08720392,4.61193180399999,2978,580,2765,KR 25 X CL 15,LOS MARTIRES,C900,SENCILLA,SI,1995/02/18 00:00:00+00,NORMAL,RP-TF,DEFINITIVA,"VEHICULAR, PEATONAL",5,5,2,"2,4",N/A,"22,24,32",N/A,NO,0,N/A,2709
-74.08848719,4.612997447,2979,590,2766,AK 27 X CL 15,LOS MARTIRES,C900,SENCILLA,SI,1995/02/18 00:00:00+00,NORMAL,RP-TF,DEFINITIVA,"VEHICULAR, PEATONAL",9,9,3,"1,2,4",N/A,"21,22,24,31,32,34 (Reg)",N/A,NO,0,N/A,2709
-74.07849468,4.61631746299997,2980,524,2771,AK 19 X CL 23,LOS MARTIRES,NO,DOBLE,NO,1993/12/22 00:00:00+00,NORMAL,BT-TF,DEFINITIVA,"VEHICULAR, PEATONAL",4,10,2,94,N/A,"32,294,394 (Reg)",N/A,NO,0,N/A,2706
-74.07830354,4.61631924400001,2981,1174,2771,AK 19 X DG 23BIS,LOS MARTIRES,C900,DOBLE,SI,1993/12/22 00:00:00+00,NORMAL,BT-TF,DEFINITIVA,"VEHICULAR, PEATONAL",6,10,2,"2,3,7",N/A,"22,23,33 (Reg)",N/A,NO,0,N/A,2706
-74.07910737,4.61947816000003,2982,531,2772,KR 24 X CL 24,LOS MARTIRES,C900,SENCILLA,SI,2006/10/25 00:00:00+00,NORMAL,BT-TF,DEFINITIVA,"VEHICULAR, PEATONAL",7,7,3,"2,3,3A,93A",N/A,"22,23,23A",N/A,NO,0,N/A,2706
-74.07416259,4.64073605300001,2983,467,2685,AK 24 X CL 52,TEUSAQUILLO,ACTROS,DOBLE,SI,1990/07/01 00:00:00+00,NORMAL,CA-TA,DEFINITIVA,"VEHICULAR, PEATONAL",10,21,3,"1,3,12",N/A,"21,23,33,212","721, 733, 7212",NO,0,"Conteo, Brechas, Fases por demanda peatonal sonoro",2811
-74.07432139,4.63975309400001,2984,472,2685,AK 24 X CL 51,TEUSAQUILLO,NO,DOBLE,NO,1990/07/01 00:00:00+00,NORMAL,CA-TA,DEFINITIVA,"VEHICULAR, PEATONAL",11,21,3,"2,4,11",N/A,"22,24,34,211","722, 724, 734, 7211",NO,0,"Conteo, Brechas, Fases por demanda peatonal sonoro",2811
-74.07448405,4.63877228500002,2985,476,2686,AK 24 X CL 50,TEUSAQUILLO,ACTROS,SENCILLA,SI,1998/08/02 00:00:00+00,NORMAL,CA-TA,DEFINITIVA,"VEHICULAR, PEATONAL",5,5,3,"1,2,3",N/A,"21,23",N/A,NO,0,"Conteo, Brechas",2811
-74.07482071,4.63688249699999,2986,1620,2687,AK 24 X CL 45C BIS,TEUSAQUILLO,ACTROS,SENCILLA,SI,2019/01/10 00:00:00+00,NORMAL,CA-TA,DEFINITIVA,"VEHICULAR, PEATONAL",8,8,4,"1,2,3,4",N/A,"21,22,23,24",N/A,NO,0,"Conteo, Brechas",2811
-74.09765044,4.63780715000001,2987,650,2688,AK 50 X AC 24,TEUSAQUILLO,C900,SENCILLA,SI,1986/11/13 00:00:00+00,NORMAL,R-TF,DEFINITIVA,"VEHICULAR, PEATONAL, CICLISTA",16,16,2,"1,2,3,4,91,93",N/A,"21,22,23,24,33,34,291,293",N/A,"41, 42",0, Brechas,2435
-74.10263739,4.63306926199999,2988,688,2689,AK 50 X CL 19,PUENTE ARANDA,C900,SENCILLA,SI,1993/07/12 00:00:00+00,NORMAL,CA-TA,DEFINITIVA,"VEHICULAR, PEATONAL, CICLISTA",8,8,2,"1,2,3",N/A,"22, 23, 31",N/A,"41, 42",0, Brechas,2435
-74.10521779,4.62973111700001,2989,705,2690,AK 50 X AC 17,PUENTE ARANDA,C900,SENCILLA,SI,1998/01/26 00:00:00+00,PMT,RP-TF,DEFINITIVA,"VEHICULAR, PEATONAL, CICLISTA",12,12,3,"1,2,7,93",N/A,"22,27,31,293",N/A,"41,42,43,44",0,"Brechas, Fases por demanda vehicular",2435
-74.10790368,4.63196846900001,2990,1171,2691,KR 55 X AC 17,PUENTE ARANDA,C900,DOBLE,SI,2009/12/22 00:00:00+00,PMT,BT-TF,DEFINITIVA,"VEHICULAR, PEATONAL",7,14,3,"2,4,13",N/A,"22,24,32,213",N/A,NO,0,Brechas,2408
-74.10842024,4.63240383999999,2991,1312,2691,KR 56 X AC 17,PUENTE ARANDA,NO,DOBLE,NO,2013/08/17 00:00:00+00,PMT,BT-TF,DEFINITIVA,"VEHICULAR, PEATONAL",7,14,3,"1,3,14",N/A,"21,23,31,214",N/A,NO,0,Brechas,2408
-74.08938806,4.60022384199999,2992,1249,2705,KR 19 X AC 6,LOS MARTIRES,C900,SENCILLA,SI,2012/03/28 00:00:00+00,NORMAL,R-TF,DEFINITIVA,"VEHICULAR, PEATONAL, CICLISTA",13,13,2,"2,3A,4A","3B,4B","22,23,24,32,33,332",N/A,"43, 44",0,Conteo,2703
-74.08618878,4.59778383000003,2993,578,2706,AC 6 X SALIDA PATIO TRANSMILENIO,LOS MARTIRES,C900,TRIPLE,SI,2005/03/01 00:00:00+00,NORMAL,R-TF,DEFINITIVA,"VEHICULAR, PEATONAL",5,25,3,113A,"2B,93B,113B",22B,N/A,NO,0,N/A,2703
-74.08776275,4.59904934500003,2994,584,2706,AC 6 X ENTRADA PATIO TRANSMILENIO,LOS MARTIRES,NO,TRIPLE,NO,2005/03/01 00:00:00+00,NORMAL,R-TF,DEFINITIVA,"VEHICULAR, PEATONAL, CICLISTA",7,25,2,13A,"4B,8B,13B",38B,N/A,"44B,413B",0,N/A,2703
-74.08811025,4.59932164000003,2995,587,2706,AK 18 X AC 6,LOS MARTIRES,NO,TRIPLE,NO,1988/04/13 00:00:00+00,NORMAL,R-TF,DEFINITIVA,"VEHICULAR, PEATONAL, CICLISTA",13,25,2,"1,3A,4A","3B,14B","21,23,24,31,34,331",N/A,"43B,414B",0,Conteo,2703
-74.08596198,4.60524099100002,2996,571,2707,KR 19 X CL 11,LOS MARTIRES,C900,TRIPLE,SI,2005/05/20 00:00:00+00,NORMAL,RP-TF,DEFINITIVA,"VEHICULAR, PEATONAL",5,13,2,"7,12",N/A,"27,212,316",N/A,NO,0,N/A,2709
-74.08542682,4.60602149900001,2997,1263,2707,KR 19 X CL 12,LOS MARTIRES,NO,TRIPLE,NO,2012/07/15 00:00:00+00,NORMAL,RP-TF,DEFINITIVA,"VEHICULAR, PEATONAL",4,13,2,"3,112",N/A,"232,112",N/A,NO,0,N/A,2709
-74.08648796,4.60447623499999,2998,1264,2707,KR 19 X CL 10,LOS MARTIRES,NO,TRIPLE,NO,2012/07/15 00:00:00+00,NORMAL,RP-TF,DEFINITIVA,"VEHICULAR, PEATONAL",4,13,2,"2,7A",N/A,"22,27A",N/A,NO,0,N/A,2709
-74.08435144,4.60535856000001,2999,561,2708,AK 18 X CL 12,LOS MARTIRES,C900,CUADRUPLE,SI,2005/07/13 00:00:00+00,PMT,R-TF,DEFINITIVA,"VEHICULAR, PEATONAL",4,17,2,"1,3",N/A,"21,23",N/A,NO,0,N/A,2709
-74.08484,4.60456599999998,3000,1897,2708,AK 18 X CL 11,LOS MARTIRES,NO,CUADRUPLE,NO,2025/02/17 00:00:00+00,PMT,R-TF,PROVISIONAL_PMT,"VEHICULAR, PEATONAL",4,17,2,"8,11",N/A,"28,211",N/A,NO,0,N/A,2709
-74.0852667,4.603619192,3001,1265,2708,AK 18 X CL 10,LOS MARTIRES,NO,CUADRUPLE,NO,2012/07/22 00:00:00+00,PMT,R-TF,DEFINITIVA,EXCLUSIVA PEATONAL,3,17,2,111,N/A,2111,72111,NO,0,Activación de sonoro,2709
-74.1338891,4.66935026700003,3002,1653,2864,KR 93 X AC 22,FONTIBON,C900,SENCILLA,SI,2019/12/31 00:00:00+00,NORMAL,BT-TA,DEFINITIVA,"VEHICULAR, PEATONAL",8,8,4,"3,4,10.3,10.4,92",N/A,"23,24,292",N/A,NO,0,"Brechas, Fases por demanda",2433
-74.1002004,4.60832628000003,3003,660,2866,KR 32 X AC 6,PUENTE ARANDA,C900,SENCILLA,SI,2008/01/26 00:00:00+00,NORMAL,RP-TF,DEFINITIVA,"VEHICULAR, PEATONAL",11,11,3,"1,3,4,11,91",N/A,"21,23,24,34,211,311",N/A,NO,0,N/A,2703
-74.10474859,4.61400455900002,3004,702,2867,KR 38 X AC 6,PUENTE ARANDA,C900,SENCILLA,SI,2007/09/12 00:00:00+00,PMT,BT-TF,DEFINITIVA,"VEHICULAR, PEATONAL",6,6,3,"1,3,4",N/A,"21,23,24",N/A,NO,0,N/A,2707
-74.10629972,4.620232655,3005,709,2868,TV 43B X AC 6,PUENTE ARANDA,NO,DOBLE,NO,2006/11/20 00:00:00+00,NORMAL,BT-TA,DEFINITIVA,"VEHICULAR, PEATONAL",6,12,3,"2,3,8",N/A,"22,23,28",N/A,NO,0,"Brechas, Fases por demanda",2707
-74.10591215,4.61987275799999,3006,1138,2868,KR 43 X AC 6,PUENTE ARANDA,C900,DOBLE,SI,2006/11/20 00:00:00+00,NORMAL,BT-TA,DEFINITIVA,"VEHICULAR, PEATONAL",6,12,3,"1,4,7",N/A,"21,24,27",N/A,NO,0,"Brechas, Fases por demanda",2707
-74.10326684,4.611355011,3007,690,2869,AK 36 X AC 6,PUENTE ARANDA,C900,SENCILLA,SI,1993/05/12 00:00:00+00,NORMAL,BT-TF,DEFINITIVA,"VEHICULAR, PEATONAL, CICLISTA",12,12,2,"1,3,4,11",N/A,"21,24,34,23,211,311 (Reg)",N/A,NO,0,N/A,2707
-74.11584135,4.66965432400002,3008,755,2870,KR 75 X CL 25G,FONTIBON,C900,SENCILLA,SI,1993/09/29 00:00:00+00,NORMAL,BT-TF,DEFINITIVA,"VEHICULAR, PEATONAL",5,5,2,"2,4",N/A,"22,24,32 (Reg)",N/A,NO,0,N/A,2413
-74.09050579,4.642356721,3009,603,2871,AK 50 X CL 44,TEUSAQUILLO,ACTROS,SENCILLA,SI,1998/06/25 00:00:00+00,NORMAL,BT-TF,DEFINITIVA,"VEHICULAR, PEATONAL, CICLISTA",18,18,2,"1,2,3,4,11,12",N/A,"21,22,23,24,33,34,211,212",N/A,"41,42,411,412",0,N/A,2317
-74.0890039,4.61490539300002,3010,592,2902,KR 28A X CL 17,LOS MARTIRES,C900,SENCILLA,SI,1998/09/05 00:00:00+00,NORMAL,RP-TF,DEFINITIVA,"VEHICULAR, PEATONAL",6,6,2,"1,3,4",N/A,"21,23,34",N/A,NO,0,N/A,2709
-74.11713775,4.64582843699998,3011,761,2903,AK 68D X CL 19,FONTIBON,C900,SENCILLA,SI,1993/08/30 00:00:00+00,NORMAL,BT-TF,DEFINITIVA,"VEHICULAR, PEATONAL",8,8,3,"1,2,3",N/A,"21,23,32,33,291 ",N/A,NO,0,N/A,2411
-74.12123185,4.64414701999999,3012,780,2904,KR 69 X CL 17,FONTIBON,C900,SENCILLA,SI,2006/11/01 00:00:00+00,NORMAL,BT-TF,DEFINITIVA,"VEHICULAR, PEATONAL",10,10,4,"1,2,3,4,7,8",N/A,"21,22,24,33",N/A,NO,0,N/A,2411
-74.11876119,4.64715741800001,3013,775,2906,KR 69 X CL 19,FONTIBON,C900,DOBLE,SI,2006/11/15 00:00:00+00,PMT,BT-TF,DEFINITIVA,"VEHICULAR, PEATONAL",9,18,3,"1,2A,4,8,13",N/A,"21,22A,24,313",N/A,NO,0,N/A,2411
-74.12027478,4.648410415,3014,781,2906,KR 69B X CL 19,FONTIBON,NO,DOBLE,NO,2006/11/15 00:00:00+00,PMT,BT-TF,DEFINITIVA,"VEHICULAR, PEATONAL",9,18,4,"1A,2,3,7,14",N/A,"21A,22,33,214",N/A,NO,0,N/A,2411
-74.07080679,4.616032733,3015,1194,2907,KR 13A X CL 28,SANTA FE,C900,SENCILLA,SI,2010/03/31 00:00:00+00,NORMAL,RP-TF,DEFINITIVA,"VEHICULAR, PEATONAL",12,12,4,"1,2,3,4",N/A,"21,22,23,34,53","721,722,753",NO,0,Activación de sonoro,2807
-74.11972453,4.64294202899998,3016,773,2908,AK 68D X AC 17,FONTIBON,C900,SENCILLA,SI,1998/02/11 00:00:00+00,Desvío - PMT,BT-TF,DEFINITIVA,"VEHICULAR, PEATONAL",11,11,3,"1,2,3,4,6",N/A,"22,23,24,31,33,34",N/A,NO,0,N/A,2411
-74.07009077,4.61539418199999,3017,366,2909,KR 13 X CL 28,SANTA FE,C900,TRIPLE,SI,1993/06/26 00:00:00+00,NORMAL,RP-TF,DEFINITIVA,"VEHICULAR, PEATONAL",6,11,2,"11,93",N/A,"211,293","7211, 7293",NO,0,Activación de sonoro,2807
-74.07096214,4.61424462600002,3018,383,2909,KR 13 X CL 26A,SANTA FE,NO,TRIPLE,NO,1993/06/26 00:00:00+00,NORMAL,RP-TF,DEFINITIVA,EXCLUSIVA PEATONAL,2,11,2,111,N/A,2111 (Exc),N/A,NO,0,N/A,2807
-74.0693717,4.61615672200003,3019,1334,2909,KR 13 X CL 29,SANTA FE,NO,TRIPLE,NO,2014/04/29 00:00:00+00,NORMAL,RP-TF,DEFINITIVA,EXCLUSIVA PEATONAL,3,11,2,1,N/A,21 (Exc),721,NO,0,Activación de sonoro,2807
-74.13860199,4.67847878700002,3020,832,2910,KR 100 X CL 22K,FONTIBON,C900,SENCILLA,SI,2004/12/03 00:00:00+00,NORMAL,BT-TF,DEFINITIVA,"VEHICULAR, PEATONAL",6,6,3,"1,2,3,4",N/A,"21,24",N/A,NO,0,N/A,2415
-74.11160851,4.62064126400003,3021,736,2911,AK 50 X CL 5A,PUENTE ARANDA,C900,SENCILLA,SI,1998/03/24 00:00:00+00,NORMAL,BT-TF,DEFINITIVA,"VEHICULAR, PEATONAL",6,6,2,"1,2,3",N/A,"22,23,31",N/A,NO,0,N/A,2527
-74.10587941,4.61850121800001,3022,708,2912,TV 42 X AC 6,PUENTE ARANDA,C900,SENCILLA,SI,1997/09/15 00:00:00+00,NORMAL,BT-TA,DEFINITIVA,"VEHICULAR, PEATONAL, CICLISTA",22,22,4,"1,2,3,4,11,12,13,14,91",N/A,"21,22,23,24,291,311,312,313,314",N/A,"43,44,413,414",0,Brechas,2707
-74.13405148,4.68145334299999,3023,813,2913,KR 100 X AC 24,FONTIBON,C900,SENCILLA,SI,1997/10/20 00:00:00+00,NORMAL,BT-TF,DEFINITIVA,"VEHICULAR, PEATONAL",8,8,3,"1,2,3,4,5",N/A,"22,23,34 (Reg)",N/A,NO,0,N/A,2415
-74.13313904,4.68228720399998,3024,809,2914,KR 100 X DG 24C,FONTIBON,C900,SENCILLA,SI,1997/10/04 00:00:00+00,NORMAL,BT-TF,DEFINITIVA,"VEHICULAR, PEATONAL",5,5,2,"1,2,8",N/A,"21,28",N/A,NO,0,N/A,2415
-74.163609,4.69001422500003,3025,904,2915,AK 128 X AC 17,FONTIBON,C900,SENCILLA,SI,1997/10/17 00:00:00+00,NORMAL,CA-TA,DEFINITIVA,"VEHICULAR, PEATONAL",12,12,4,"1,2,3,4,7,91",N/A,"21,22,23,24,33,34",N/A,NO,0,"Conteo, Brechas, Cola, Fases por demanda",2402
-74.15287952,4.67400645599997,3026,873,2916,AK 106 X DG 16,FONTIBON,C900,SENCILLA,SI,2002/01/18 00:00:00+00,NORMAL,CA-TA,DEFINITIVA,"VEHICULAR, PEATONAL",11,11,4,"1,3,4,8,93A",N/A,"21,23,31,34,293A",N/A,44,0,"Conteo, Brechas, Fases por demanda",2401
-74.13586753,4.683122631,3027,820,2917,AK 103 X AC 24,FONTIBON,C900,SENCILLA,SI,2002/08/27 00:00:00+00,NORMAL,BT-TA,DEFINITIVA,"VEHICULAR, PEATONAL",5,5,4,"1,2,3,4",N/A,23,N/A,NO,0,"Brechas, Fases por demanda",2415
-74.14709912,4.674244719,3028,857,2918,KR 103A X CL 17,FONTIBON,ACTROS,SENCILLA,SI,2002/08/28 00:00:00+00,NORMAL,BT-TF,DEFINITIVA,"VEHICULAR, PEATONAL",5,5,2,"2,3,4",N/A,"22,24",N/A,NO,0,N/A,2414
-74.16882957,4.694231167,3029,913,2919,KR 135 X AC 17,FONTIBON,C900,SENCILLA,SI,2003/12/30 00:00:00+00,PMT,CA-TA,DEFINITIVA,"VEHICULAR, PEATONAL",5,5,2,"1,3,4",N/A,"21,23",N/A,NO,0,"Conteo, Brechas",2402
-74.13599415,4.67993751400002,3030,822,2920,KR 100 X CL 23G,FONTIBON,C900,DOBLE,SI,2004/12/10 00:00:00+00,NORMAL,BT-TA,DEFINITIVA,"VEHICULAR, PEATONAL",11,19,2,"1,4,12,91,94",N/A,"21,24,34",721.724.734,NO,0,"Brechas, Fases por demanda, Activación de sonoro",2415
-74.09194048,4.62944851999998,3031,1218,2792,KR 38 X AC 24,TEUSAQUILLO,C900,SENCILLA,SI,2011/05/30 00:00:00+00,NORMAL,BT-TA,DEFINITIVA,EXCLUSIVA PEATONAL,6,6,2,"3,4",N/A,"23,24 (Exc)",724,NO,0,Activación de sonoro,2430
-74.0974705,4.668665551,3032,649,2794,KR 69 X AC 63,ENGATIVA,ACTROS,SENCILLA,SI,1998/04/30 00:00:00+00,NORMAL,BT-TA,DEFINITIVA,"VEHICULAR, PEATONAL",8,8,4,"1,3,4,7,94",N/A,"21,23,34",N/A,NO,0,"Brechas, Fases por demanda, Cola - Siguiente Intersección",2307
-74.09270282,4.67539112100002,3033,618,2796,KR 69 X AC 66,ENGATIVA,ACTROS,SENCILLA,SI,1994/12/28 00:00:00+00,NORMAL,BT-TF,DEFINITIVA,"VEHICULAR, PEATONAL",7,7,3,"1,2,4",N/A,"21,22,24, 34",N/A,NO,0,N/A,2307
-74.06065632,4.63864624799999,3034,201,2804,TV 3 X AC 53,CHAPINERO,ACTROS,SENCILLA,SI,1993/12/07 00:00:00+00,NORMAL,R-TF,DEFINITIVA,"VEHICULAR, PEATONAL",5,5,2,"1,3,4",N/A,"21,23",N/A,NO,0,N/A,2810
-74.1177162,4.68273242800001,3035,1718,2805,KR 90 X CL 52A,ENGATIVA,C900,SENCILLA,SI,2021/04/22 00:00:00+00,NORMAL,RP-TA,DEFINITIVA,"VEHICULAR, PEATONAL, CICLISTA",11,11,4,"3,5,91",N/A,"23,25,33","723,725,733","41,44",0,Activación de sonoro,2305
-74.11568216,4.68493155099998,3036,1719,2806,KR 90 X AC 63,ENGATIVA,C900,SENCILLA,SI,2021/04/22 00:00:00+00,NORMAL,BT-TA,DEFINITIVA,"VEHICULAR, PEATONAL",5,5,2,3,N/A,"23,293 (Exc)",7.237.293,NO,0,Activación de sonoro,2312
-74.11657423,4.68617430799998,3037,1721,2808,KR 92 X AC 63,ENGATIVA,C900,SENCILLA,SI,2021/04/14 00:00:00+00,NORMAL,BT-TA,DEFINITIVA,"VEHICULAR, PEATONAL",7,7,2,"3, 4, 104",N/A,"23,24",724,NO,0,Activación de sonoro,2312
-74.10197635,4.61996276100001,3038,1728,2809,TV 42 X CL 12,PUENTE ARANDA,C900,SENCILLA,SI,2021/06/16 00:00:00+00,NORMAL,BT-TA,DEFINITIVA,"VEHICULAR, PEATONAL",6,6,2,"3, 4, 2, 92",N/A,24,validar,NO,0,N/A,2705
-74.10626163,4.67677995000003,3039,1733,2811,KR 74 X AC 63,ENGATIVA,C900,SENCILLA,SI,2021/11/08 00:00:00+00,NORMAL,RP-TA,DEFINITIVA,"VEHICULAR, PEATONAL",6,6,2,"3, 4",N/A,"23, 24","723, 724",NO,0,N/A,2302
-74.09103983,4.62812069500001,3040,607,2813,KR 37 X AC 24,TEUSAQUILLO,C900,SENCILLA,SI,1993/03/11 00:00:00+00,NORMAL,BT-TF,DEFINITIVA,EXCLUSIVA VEHICULAR,2,2,2,"4,7",N/A,N/A,N/A,NO,0,N/A,2430
-74.13924446,4.67496148100003,3041,1621,2814,KR 97 X AC 22,FONTIBON,C900,SENCILLA,SI,2019/01/11 00:00:00+00,NORMAL,BT-TF,DEFINITIVA,"VEHICULAR, PEATONAL",10,10,3,"1,2,3,4",N/A,"21,22,23,24,33,34",N/A,NO,0,N/A,2433
-74.10371415,4.62153984999998,3042,693,2815,KR 43 X CL 12,PUENTE ARANDA,C900,SENCILLA,SI,1997/01/06 00:00:00+00,NORMAL,BT-TF,DEFINITIVA,"VEHICULAR, PEATONAL",7,7,2,"1,2,3,4",N/A,"21,23,32",N/A,NO,0,N/A,2705
-74.10041255,4.618545101,3043,674,2816,KR 38 X CL 12,PUENTE ARANDA,C900,SENCILLA,SI,1997/08/24 00:00:00+00,NORMAL,BT-TA,DEFINITIVA,"VEHICULAR, PEATONAL",8,8,4,"1,3,4,5,8",N/A,"21,23,24",N/A,NO,0,"Brechas, Fases por demanda",2705
-74.0985122,4.61682608500001,3044,659,2817,AK 36 X CL 12,PUENTE ARANDA,C900,SENCILLA,SI,1993/12/20 00:00:00+00,NORMAL,BT-TA,DEFINITIVA,"VEHICULAR, PEATONAL",9,9,4,"1,2,3,4,5",N/A,"21,22,23,24",N/A,NO,0,"Brechas, Fases por demanda",2705
-74.09518764,4.61382514500002,3045,636,2818,KR 32 X CL 12,PUENTE ARANDA,C900,SENCILLA,SI,1995/04/26 00:00:00+00,NORMAL,BT-TF,DEFINITIVA,"VEHICULAR, PEATONAL",6,6,4,"2,3,4",N/A,"22,23,24",N/A,NO,0,N/A,2705
-74.10082905,4.61419568999997,3046,1331,2819,AK 36 X CL 9,PUENTE ARANDA,C900,DOBLE,SI,2014/02/10 00:00:00+00,NORMAL,BT-TA,DEFINITIVA,"VEHICULAR, PEATONAL",7,10,3,"1,2,4,91",N/A,"21,24,34",N/A,NO,0,N/A,2707
-74.10141702,4.61350687999999,3047,1332,2819,AK 36 X CL 8A,PUENTE ARANDA,NO,DOBLE,NO,2014/02/10 00:00:00+00,NORMAL,BT-TA,DEFINITIVA,"VEHICULAR, PEATONAL",3,10,2,"3,11",N/A,23,N/A,NO,0,"Brechas, Fases por demanda",2707
-74.07723799,4.616781597,3048,513,2828,AK 19 X CL 24,LOS MARTIRES,C900,SENCILLA,SI,1993/12/20 00:00:00+00,NORMAL,BT-TF,DEFINITIVA,"VEHICULAR, PEATONAL, CICLISTA",8,8,3,"2,3",N/A,"22,23,32,33",N/A,43.44,0,N/A,2706
-74.12845656,4.66404673,3049,1360,2837,KR 82 X AC 22,FONTIBON,C900,SENCILLA,SI,2014/09/15 00:00:00+00,NORMAL,RP-TA,DEFINITIVA,"VEHICULAR, PEATONAL",9,9,2,"3,5,91",N/A,"21,23,33",721.723.733,NO,0,Activación de sonoro,2410
-74.1260136,4.66626268200002,3050,792,2838,KR 82 X CL 23,FONTIBON,C900,SENCILLA,SI,1993/12/30 00:00:00+00,NORMAL,RP-TF,DEFINITIVA,"VEHICULAR, PEATONAL",7,7,4,"1,4,93",N/A,"21,23,24,31 (Reg)",N/A,NO,0,N/A,2410
-74.07593737,4.64212504300002,3051,496,2839,KR 27 X AC 53,TEUSAQUILLO,C900,DOBLE,SI,1994/11/15 00:00:00+00,NORMAL,R-TA,DEFINITIVA,"VEHICULAR, PEATONAL",10,14,3,"3,4,12",N/A,"23,24,212,312",7.237.247.312,NO,0,"Conteo, Brechas, Activación de sonoro",2811
-74.07614697,4.64107909400002,3052,498,2839,KR 27 X CL 52,TEUSAQUILLO,NO,DOBLE,NO,1994/11/15 00:00:00+00,NORMAL,R-TA,DEFINITIVA,"VEHICULAR, PEATONAL",4,14,2,"2,3A",N/A,"22,23A",N/A,NO,0,N/A,2811
-74.07631651,4.64008879900001,3053,502,2840,KR 27 X CL 51,TEUSAQUILLO,NO,DOBLE,NO,1998/08/05 00:00:00+00,NORMAL,RP-TA,DEFINITIVA,"VEHICULAR, PEATONAL",10,15,3,"2,4,13,792",N/A,"22,24,213",7.227.247.213,NO,0,"Brechas, Activación de sonoro",2811
-74.077366,4.64027215099998,3054,514,2840,KR 28 X CL 51,TEUSAQUILLO,ACTROS,DOBLE,SI,1998/08/05 00:00:00+00,NORMAL,RP-TA,DEFINITIVA,"VEHICULAR, PEATONAL",5,15,2,"1,3,14",N/A,"21,23",N/A,NO,0,Brechas,2811
-74.12268284,4.669249498,3055,785,2841,KR 82 X AC 24,FONTIBON,C900,SENCILLA,SI,1994/02/24 00:00:00+00,NORMAL,RP-TF,DEFINITIVA,"VEHICULAR, PEATONAL",9,9,3,"1,3,4",N/A,"21,23,24,31,33,34 (Reg)",N/A,NO,0,Cola - Siguiente Intersección,2410
-74.12533215,4.67206465599998,3056,791,2842,AK 86 X AC 24,FONTIBON,ACTROS,SENCILLA,SI,2000/01/13 00:00:00+00,NORMAL,CA-TA,DEFINITIVA,"VEHICULAR, PEATONAL",8,8,2,"1,2,3,4",N/A,"22,24,31,33",N/A,NO,0,"Conteo, Brechas",2410
-74.12790886,4.66901209899999,3057,797,2843,AK 86 X CL 23,FONTIBON,ACTROS,SENCILLA,SI,2000/01/13 00:00:00+00,NORMAL,CA-TA,DEFINITIVA,EXCLUSIVA PEATONAL,4,4,2,"1,2",N/A,"21,22 (Exc)",N/A,NO,0,"Cola - Siguiente Intersección, Fases por demanda peatonal",2410
-74.1304967,4.66589997900002,3058,800,2844,AK 86 X AC 22,FONTIBON,ACTROS,SENCILLA,SI,2000/02/01 00:00:00+00,NORMAL,CA-TA,DEFINITIVA,"VEHICULAR, PEATONAL",13,13,3,"1,2,3,4,11,12,91",N/A,"21,22,23,34,311,312",N/A,NO,0,"Conteo, Brechas, Fases por demanda peatonal",2410
-74.1506244,4.64569597799999,3059,865,2845,AK 86 X AC 8,KENNEDY,C900,SENCILLA,SI,2006/09/27 00:00:00+00,NORMAL,CA-TA,DEFINITIVA,"VEHICULAR, PEATONAL",11,11,3,"1,2,4,5,792",N/A,"22,24,31",722.724.731,NO,0,"Conteo, Brechas, Fases por demanda, Cola - Siguiente Intersección, Activación de sonoro",2404
-74.14724769,4.64896844499998,3060,855,2846,AK 86 X CL 10,KENNEDY,C900,SENCILLA,SI,2007/08/11 00:00:00+00,NORMAL,CA-TA,DEFINITIVA,"VEHICULAR, PEATONAL",8,8,2,"1,2,7,93",N/A,"22,27,31,293",N/A,NO,0,"Conteo, Brechas",2404
-74.13329067,4.66239445899998,3061,808,2847,AK 86 X CL 19A,FONTIBON,ACTROS,SENCILLA,SI,2008/04/23 00:00:00+00,NORMAL,CA-TA,DEFINITIVA,"VEHICULAR, PEATONAL",10,10,2,"1,2,3,4",N/A,"22,23,24,31,33,34",N/A,NO,0,"Conteo, Brechas",2410
-74.14066095,4.65519447000003,3062,1307,2849,AK 86 X CL 13D,KENNEDY,C900,SENCILLA,SI,2013/05/08 00:00:00+00,NORMAL,CA-TA,DEFINITIVA,"VEHICULAR, PEATONAL",6,6,3,"1,2,5,6",N/A,"21,22",N/A,NO,0,"Conteo, Brechas, Cola - Siguiente Intersección",2404
-74.12931483,4.67652739599998,3063,1451,2850,TV 95A X AC 24,FONTIBON,C900,SENCILLA,SI,2016/01/16 00:00:00+00,NORMAL,BT-TA,DEFINITIVA,EXCLUSIVA PEATONAL,6,6,3,"3,4",N/A,"23,24 (Exc)",724,NO,0,"Cola - Siguiente Intersección, Activación de sonoro",2415
-74.13872735,4.65668406600003,3064,1464,2851,AK 86 X CL 15A,KENNEDY,C900,SENCILLA,SI,2017/05/10 00:00:00+00,NORMAL,CA-TA,DEFINITIVA,"VEHICULAR, PEATONAL",10,10,4,"1,2,94,792",N/A,"21,22,294",7.217.227.294,NO,0,"Conteo, Activación de sonoro",2404
-74.10845367,4.67378746399999,3065,719,2854,KR 73A X AC 53,ENGATIVA,C900,SENCILLA,SI,1993/05/12 00:00:00+00,NORMAL,CA-TA,DEFINITIVA,"VEHICULAR, PEATONAL",10,10,3,"1,2,3,4",N/A,"21,22,23,24,33,34",N/A,NO,0,"Conteo, Cola - Siguiente Intersección",2302
-74.12605802,4.64508304700001,3066,1648,2860,KR 71D X CL 12D,KENNEDY,C900,SENCILLA,SI,2019/09/30 00:00:00+00,NORMAL,BT-TA,DEFINITIVA,"VEHICULAR, PEATONAL",17,17,3,"1,2,7,91,93",N/A,"21,22,27,31,32,293","721, 722, 727, 731, 732, 7293",NO,0,"Brechas, Activación de sonoro",2418
-74.13032291,4.64628265099998,3067,1649,2862,AK 72 X CL 12B,KENNEDY,C900,SENCILLA,SI,2019/10/01 00:00:00+00,PMT,BT-TA,DEFINITIVA,"VEHICULAR, PEATONAL",7,7,3,"1,2,94",N/A,"21,22,294,33",N/A,NO,0,"Brechas, Fases por demanda",2403
-74.14099143,4.67667168600002,3068,1652,2863,KR 100 X AC 22,FONTIBON,C900,SENCILLA,SI,2019/12/31 00:00:00+00,NORMAL,BT-TA,DEFINITIVA,"VEHICULAR, PEATONAL",9,9,4,"1,3,4,94",N/A,"21,24,31,33,294",N/A,NO,0,"Brechas, Fases por demanda",2433
-74.09375371,4.63218451699998,3069,626,2945,KR 43A X AC 24,TEUSAQUILLO,C900,DOBLE,SI,1997/10/17 00:00:00+00,NORMAL,BT-TF,DEFINITIVA,"VEHICULAR, PEATONAL, CICLISTA",7,14,3,"2,4,13",N/A,"22,24,32",N/A,42,0,N/A,2430
-74.0946618,4.63352020399998,3070,632,2945,KR 44A X AC 24,TEUSAQUILLO,NO,DOBLE,NO,1997/10/17 00:00:00+00,NORMAL,BT-TF,DEFINITIVA,"VEHICULAR, PEATONAL, CICLISTA",7,14,3,"1,3,14",N/A,"21,23,31",N/A,41,0,N/A,2430
-74.13266251,4.68001550499997,3071,807,2946,AK 97 X AC 24,FONTIBON,C900,SENCILLA,SI,2000/05/26 00:00:00+00,NORMAL,BT-TF,DEFINITIVA,"VEHICULAR, PEATONAL",10,10,3,"1,2,3,4,8",N/A,"21,23,24,33,34",N/A,NO,0,N/A,2415
-74.08257458,4.62056330500002,3072,552,2947,AK 27 Y TV 28 X CL 22C,LOS MARTIRES,C900,SENCILLA,SI,2001/01/15 00:00:00+00,NORMAL,BT-TF,DEFINITIVA,"VEHICULAR, PEATONAL",7,7,3,"1,2,3,6",N/A,"22,23,31",N/A,NO,0,N/A,2706
-74.0805995,4.62179610999999,3073,542,2948,AK 27 X CL 24 Y DG 24BIS,LOS MARTIRES,C900,SENCILLA,SI,2004/02/17 00:00:00+00,NORMAL,BT-TF,DEFINITIVA,"VEHICULAR, PEATONAL",7,7,3,"2,3,3A,4",N/A,"23,32,34",N/A,NO,0,N/A,2706
-74.08225468,4.61602078999999,3074,548,2949,KR 22 X AC 22,LOS MARTIRES,C900,SENCILLA,SI,2000/02/16 00:00:00+00,NORMAL,RP-TF,DEFINITIVA,"VEHICULAR, PEATONAL",8,8,4,"1,2,3,4",N/A,"21,22,24,31 (Reg)",N/A,NO,0,N/A,2701
-74.11275385,4.61913900500002,3075,742,2950,AK 50 X CL 4F,PUENTE ARANDA,C900,SENCILLA,SI,2004/06/29 00:00:00+00,NORMAL,BT-TF,DEFINITIVA,"VEHICULAR, PEATONAL",8,8,3,"1,2,4,91",N/A,"21,14,32,34",N/A,NO,0,N/A,2527
-74.10904973,4.67918870300002,3076,721,2951,KR 77A X AC 63,ENGATIVA,C900,SENCILLA,SI,2002/06/03 00:00:00+00,NORMAL,CA-TA,DEFINITIVA,"VEHICULAR, PEATONAL",11,11,5,"1,2,3,4,7,8",N/A,"22,23,24,33,34",N/A,NO,0,"Conteo, Brechas, Fases por demanda",2302
-74.11174902,4.68154199000003,3077,737,2952,TV 85 X AC 63,ENGATIVA,C900,SENCILLA,SI,2002/06/11 00:00:00+00,NORMAL,CA-TA,DEFINITIVA,"VEHICULAR, PEATONAL",10,10,5,"1,2,3,4,7,8",N/A,"21,22,24,33",N/A,NO,0,"Conteo, Brechas, Fases por demanda",2302
-74.13439826,4.70229533600002,3078,814,2953,KR 111C X AC 63,ENGATIVA,C900,DOBLE,SI,2004/05/12 00:00:00+00,NORMAL,BT-TF,DEFINITIVA,"VEHICULAR, PEATONAL",6,12,2,"1,4,13",N/A,"21,34,213",N/A,NO,0,N/A,2312
-74.13495226,4.70272821100002,3079,817,2953,KR 112 X AC 63,ENGATIVA,NO,DOBLE,NO,2004/05/12 00:00:00+00,NORMAL,BT-TF,DEFINITIVA,"VEHICULAR, PEATONAL",6,12,2,"3,7,14",N/A,"33,37,214",N/A,NO,0,N/A,2312
-74.08029091,4.60895118799999,3080,538,2954,KR 17 X CL 17,LOS MARTIRES,ACTROS,SENCILLA,SI,2002/10/09 00:00:00+00,NORMAL,RP-TF,DEFINITIVA,"VEHICULAR, PEATONAL",6,6,3,"1,2,4",N/A,"21,22,24",N/A,NO,0,N/A,2708
-74.11832159,4.68856184399999,3081,765,2955,TV 93 X AC 63,ENGATIVA,C900,SENCILLA,SI,2004/05/10 00:00:00+00,NORMAL,BT-TA,DEFINITIVA,"VEHICULAR, PEATONAL",8,8,3,"2,3,4,7,93",N/A,"22,24,33",N/A,NO,0,"Brechas, Fases por demanda",2312
-74.0860274,4.60909553900001,3082,566,2956,KR 21 X AC 13,LOS MARTIRES,C900,SENCILLA,SI,2003/09/19 00:00:00+00,Desvío - PMT,R-TF,DEFINITIVA,EXCLUSIVA PEATONAL,6,6,2,"3A,4A","3B,4B","23,24 (Exc)",N/A,NO,0,N/A,2709
-74.11779674,4.62832129899999,3083,758,2957,KR 63 X AC 9,PUENTE ARANDA,C900,DOBLE,SI,2003/02/26 00:00:00+00,NORMAL,BT-TF,DEFINITIVA,"VEHICULAR, PEATONAL",6,8,2,"1,3A,4A,7","3B,4B",37,N/A,NO,0,N/A,2428
-74.115418,4.62848400000001,3084,1891,2957,KR 60 X AC 9,PUENTE ARANDA,NO,DOBLE,NO,2025/02/22 00:00:00+00,NORMAL,BT-TF,PROVISIONAL_PMT,EXCLUSIVA VEHICULAR,2,8,2,"8, 4B",N/A,N/A,N/A,NO,0,N/A,2428
-74.12067315,4.692108679,3085,776,2958,AK 96 X AC 63,ENGATIVA,C900,SENCILLA,SI,2004/05/11 00:00:00+00,NORMAL,BT-TA,DEFINITIVA,"VEHICULAR, PEATONAL, CICLISTA",10,10,3,"1,3,4,7",N/A,"21,23,34,37",N/A,41.42,0,Brechas,2312
-74.12639016,4.69624916999999,3086,796,2959,KR 105 X AC 63,ENGATIVA,C900,SENCILLA,SI,2004/06/11 00:00:00+00,NORMAL,BT-TF,DEFINITIVA,"VEHICULAR, PEATONAL",7,7,3,"1,3,4,7",N/A,"21,23,34",N/A,NO,0,N/A,2312
-74.13121123,4.699891605,3087,802,2960,KR 110 X AC 63,ENGATIVA,C900,DOBLE,SI,2004/05/18 00:00:00+00,NORMAL,BT-TF,DEFINITIVA,"VEHICULAR, PEATONAL",6,12,4,"4,7,13",N/A,"24,37,313",N/A,NO,0,N/A,2312
-74.13147224,4.70008125200002,3088,804,2960,KR 110BIS X AC 63,ENGATIVA,NO,DOBLE,NO,2004/05/18 00:00:00+00,NORMAL,BT-TF,DEFINITIVA,"VEHICULAR, PEATONAL",6,12,3,"1,3,14",N/A,"21,23,314",N/A,NO,0,N/A,2312
-74.10758265,4.49759283399999,3089,1210,3009,KR 1 X CL 92B S,USME,NO,DOBLE,NO,2010/12/30 00:00:00+00,NORMAL,R-TF,DEFINITIVA,"VEHICULAR, PEATONAL",7,14,2,"2,3,11,93",N/A,"22,293,311","722, 7293, 7311",NO,0,"Conteo, Activación de sonoro",3626
-74.118944675,4.53181013099999,3090,1854,3100,KR 13 X CL 67A S,USME,C900,SENCILLA,SI,2025/01/18 00:00:00+00,NORMAL,R-TA,DEFINITIVA,"VEHICULAR, PEATONAL",6,6,4,2A,2B,22,722,"41,42",0,Activación de sonoro,3625
-74.120074691,4.53360519900002,3091,1051,3010,AK 14 X CL 65 S,USME,C900,SENCILLA,SI,2025/01/18 00:00:00+00,PMT,R-TF,DEFINITIVA,"VEHICULAR, PEATONAL, CICLISTA",27,27,3,"1A,4,2A,92,92A,94,102","1B,2B","21,24,292,292A,294,32,34,392A","721, 724","41,42",0,"Conteo, Brechas, Fases por demanda peatonal",3625
-74.15691606,4.58731465599999,3092,218,3011,TV 66A X CL 59C SUR,TUNJUELITO,C900,SENCILLA,SI,2022/09/14 00:00:00+00,NORMAL,RP-TF,DEFINITIVA,"VEHICULAR, PEATONAL",10,10,4,"1,2,3,4,5",N/A,"21,22,24,31,32,34",N/A,NO,0,N/A,3510
-74.16158154,4.644445249,3093,454,3012,KR 89 X CL 4,KENNEDY,C900,SENCILLA,SI,2023/02/17 00:00:00+00,NORMAL,BT-TF,DEFINITIVA,"VEHICULAR, PEATONAL, CICLISTA",8,8,2,"1,2,8",N/A,"22,31,28",PROYECTADOS,"41,42",0,Activación de sonoro,3425
-74.1300132,4.56728730999998,3094,1177,3013,KR 18B X CL 53 S Y DG 54 S,TUNJUELITO,ACTROS,SENCILLA,SI,1979/04/04 00:00:00+00,NORMAL,BT-TF,DEFINITIVA,"VEHICULAR, PEATONAL",6,6,3,"1,3,4",N/A,"21,23,24",N/A,NO,0,"Brechas, Fases por demanda",3512
-74.13692256,4.574191058,3095,1593,3014,KR 24 X CL 55 SUR,TUNJUELITO,C900,SENCILLA,SI,2021/05/14 00:00:00+00,NORMAL,BT-TF,DEFINITIVA,"VEHICULAR, PEATONAL",9,15,2,"1,2,3,6",N/A,"21,22,23,31,32","721, 722, 723, 731, 732",NO,0,Activación de sonoro,3524
-74.1522006,4.62053326300003,3096,1595,3015,KR 78B X CL 38C SUR,KENNEDY,C900,SENCILLA,SI,2020/07/28 00:00:00+00,NORMAL,BT-TF,DEFINITIVA,"VEHICULAR, PEATONAL",9,9,3,"1,2,3",N/A,"21,22,23",721.722.723,NO,0,Activación de sonoro,3528
-74.19443341,4.60989974,3097,1604,3016,KR 81 X CL 71A SUR,BOSA,C900,SENCILLA,SI,2020/03/11 00:00:00+00,NORMAL,BT-TF,DEFINITIVA,"VEHICULAR, PEATONAL",9,13,4,"1,2,3,4,92",N/A,"21,22,24,292","721,722,724,7292",NO,0,Activación de sonoro,3421
-74.1606523,4.64530044100002,3098,495,3017,AK 89 X CL 6,KENNEDY,C900,SENCILLA,SI,2023/02/19 00:00:00+00,NORMAL,BT-TF,DEFINITIVA,"VEHICULAR, PEATONAL, CICLISTA",10,10,4,"1,2,4,6",N/A,"21,22,32,34",PROYECTADOS,"41,42",0,Activación de sonoro,3425
-74.15353619,4.63172201999998,3099,1616,3018,DG 2 X KR 79G,KENNEDY,ACTROS,SENCILLA,SI,2020/09/29 00:00:00+00,NORMAL,R-TA,DEFINITIVA,"VEHICULAR, PEATONAL",6,9,2,"3,4,92",N/A,"23,24,292","723, 724, 7292",NO,0,"Conteo, Brechas, Fases por demanda, Activación de sonoro",3509
-74.15887276,4.64709053000001,3100,539,3019,AK 89 X CL 6A,KENNEDY,C900,SENCILLA,SI,2023/02/22 00:00:00+00,NORMAL,BT-TA,DEFINITIVA,"VEHICULAR, PEATONAL, CICLISTA",18,18,2,"1, 2, 3, 4",N/A,"21, 22, 23, 24, 31, 32","721,722,723,724,731,732","41, 42",0,"Activación de sonoro, Fases por demanda peatonal sonoro",2437
-74.08334721,4.57599908999998,3101,1591,3020,KR 2 X AC 11 SUR,SAN CRISTOBAL,ACTROS,SENCILLA,SI,2020/06/09 00:00:00+00,NORMAL,BT-TA,DEFINITIVA,"VEHICULAR, PEATONAL",12,12,4,"1,2,3,4",N/A,"21,22,23,24","721,722,723,724",NO,0,"Brechas, Fases por demanda vehicular, Activación de sonoro",3608
-74.15731466,4.64838425400001,3102,572,3021,AK 89 X CL 6 C,KENNEDY,C900,SENCILLA,SI,2023/02/17 00:00:00+00,NORMAL,BT-TF,DEFINITIVA,"VEHICULAR, PEATONAL, CICLISTA",8,8,2,"1,2",N/A,"21,22",PROYECTADOS,"41,42",0,Activación de sonoro,2437
-74.09069215,4.55328788399999,3103,1597,3022,KR 6 ESTE X CL 37 SUR,SAN CRISTOBAL,C900,SENCILLA,SI,2020/08/01 00:00:00+00,NORMAL,BT-TA,DEFINITIVA,"VEHICULAR, PEATONAL",7,11,3,"2,3,4",N/A,"22,23,24,32","722, 723, 724, 732",NO,0,"Fases por demanda, Activación de sonoro",3611
-74.10856898,4.55286511399999,3104,1598,3023,TV 5A X CL 48P SUR,RAFAEL URIBE,ACTROS,SENCILLA,SI,2020/09/29 00:00:00+00,NORMAL,BT-TA,DEFINITIVA,"VEHICULAR, PEATONAL",6,9,3,"1,3,4",N/A,"21,23,24","721, 723, 724",NO,0,Activación de sonoro,3614
-74.08203008,4.57490538899998,3105,1606,3024,KR 1A ESTE X AC 11 SUR,SAN CRISTOBAL,ACTROS,SENCILLA,SI,2020/06/09 00:00:00+00,NORMAL,BT-TA,DEFINITIVA,"VEHICULAR, PEATONAL",12,12,4,"1,2,3,4",N/A,"21,22,23,24","721, 722, 723, 724",NO,0,"Brechas, Fases por demanda, Activación de sonoro",3608
-74.10517041,4.58889333500002,3106,1609,3025,KR 24G X CL 18 SUR,ANTONIO NARINO,C900,SENCILLA,SI,2020/07/30 00:00:00+00,NORMAL,BT-TA,DEFINITIVA,"VEHICULAR, PEATONAL",7,11,4,"1,2,3",N/A,"21,22,23,33","721, 722, 723, 733",NO,0,Activación de sonoro,3621
-74.156869,4.64880099999999,3107,701,3026,AK 89 X CL 6D,KENNEDY,C900,SENCILLA,SI,2023/08/14 00:00:00+00,NORMAL,BT-TF,DEFINITIVA,"VEHICULAR, PEATONAL, CICLISTA",28,28,3,"2,3,4,11, 1,12",N/A,"22,23,24,32,211,311,21,212","722,723,724,7211,7311,732,721,7212","42,411,41,43,44,412",0,Activación de sonoro,2437
-74.16710004,4.587807591,3108,1611,3027,KR 72 X CL 63 SUR,CIUDAD BOLIVAR,C900,SENCILLA,SI,2020/05/12 00:00:00+00,NORMAL,BT-TA,DEFINITIVA,"VEHICULAR, PEATONAL",5,5,3,"1,2,4",N/A,"21,24",N/A,NO,0,Fases por demanda peatonal,3517
-74.14165409,4.71398909300001,3109,1167,2961,KR 121 X CL 64,ENGATIVA,C900,SENCILLA,SI,2009/11/18 00:00:00+00,NORMAL,BT-TF,DEFINITIVA,"VEHICULAR, PEATONAL",6,6,3,"1,3,4",N/A,"21,23,24",N/A,NO,0,N/A,2311
-74.15667432,4.68297121199998,3110,1690,2962,KR 116A X DG 16,FONTIBON,C900,SENCILLA,SI,2020/11/04 00:00:00+00,NORMAL,CA-TA,DEFINITIVA,"VEHICULAR, PEATONAL",6,6,3,"3,4,92",N/A,"24,33,292",N/A,NO,0,"Conteo, Brechas, Fases por demanda",2402
-74.12652007,4.681982199,3111,1699,2964,KR 96 X CL 25D,FONTIBON,C900,SENCILLA,SI,2020/12/29 00:00:00+00,NORMAL,BT-TA,DEFINITIVA,"VEHICULAR, PEATONAL",9,9,4,"1,2,4,92",N/A,"21,22,24,31",721,NO,0,Activación de sonoro,2415
-74.12065438,4.687015643,3112,1698,2965,TV 93 X KR 52A,ENGATIVA,C900,SENCILLA,SI,2020/10/08 00:00:00+00,NORMAL,BT-TA,DEFINITIVA,"VEHICULAR, PEATONAL, CICLISTA",8,8,3,"2,94",N/A,"22,294","722, 7294",41.42,0,N/A,2312
-74.10981227,4.62777959599998,3113,728,2966,KR 53F X AC 9,PUENTE ARANDA,C900,SENCILLA,SI,2003/02/26 00:00:00+00,PMT,BT-TF,DEFINITIVA,EXCLUSIVA VEHICULAR,4,4,2,"2,4A","3B,4B",N/A,N/A,NO,0,N/A,2428
-74.1157511,4.62417792799999,3114,753,2967,KR 56 X CL 5A,PUENTE ARANDA,C900,SENCILLA,SI,1993/12/09 00:00:00+00,NORMAL,BT-TA,DEFINITIVA,"VEHICULAR, PEATONAL",8,8,3,"1,3",N/A,"21,23,31 ","721, 723, 731",NO,0,Activación de sonoro,2528
-74.10862363,4.647150737,3115,1753,2969,AK 68 X CL 22A ,FONTIBON,C900,SENCILLA,SI,2022/05/27 00:00:00+00,PMT,BT-TF,PROVISIONAL_PMT,"VEHICULAR, PEATONAL",4,4,2,"1,2",N/A,"21,22",N/A,NO,0,N/A,2320
-74.11654498,4.69405376100002,3116,756,2972,KR 95 X CL 66A,ENGATIVA,C900,SENCILLA,SI,1998/02/25 00:00:00+00,NORMAL,BT-TF,DEFINITIVA,"VEHICULAR, PEATONAL, CICLISTA",10,10,4,"2,3,4,12",N/A,"22,23,24,312",N/A,"43,44",0,N/A,2312
-74.11682113,4.631915467,3117,1486,2998,KR 65 X CL 11,PUENTE ARANDA,C900,SENCILLA,SI,2016/09/22 00:00:00+00,PMT,RP-TF,DEFINITIVA,"VEHICULAR, PEATONAL",17,17,3,"1,3,6,12,91,2,8,11,94",N/A,"23,24,32,211","723, 724, 732, 7211",NO,0,"Brechas, Activación de sonoro",2409
-74.14313348,4.62111983400001,3118,1575,3001,KR 73 X CL 26 S,KENNEDY,C900,SENCILLA,SI,2020/12/20 00:00:00+00,NORMAL,BT-TF,DEFINITIVA,"VEHICULAR, PEATONAL, CICLISTA",14,14,4,"3,4,8,92,93",N/A,"23,24,292,34","723,7292,734","43,44",0,Activación de sonoro,3528
-74.09680968,4.602757403,3119,1755,3002,AK 27 X CL 5,LOS MARTIRES,C900,DOBLE,SI,2022/11/18 00:00:00+00,NORMAL,RP-TF,DEFINITIVA,"VEHICULAR, PEATONAL",6,12,3,"3,11",N/A,"23,33,211,311",N/A,NO,0,N/A,3623
-74.09650119,4.60316159199999,3120,1756,3002,AK 27 X CL 5A,LOS MARTIRES,NO,DOBLE,NO,2022/11/18 00:00:00+00,NORMAL,RP-TF,DEFINITIVA,"VEHICULAR, PEATONAL",6,12,3,"1,4",N/A,"21,24,31,34",N/A,NO,0,N/A,3623
-74.16175675,4.61962580800002,3121,1578,3003,KR 79 X CL 42A SUR,KENNEDY,C900,SENCILLA,SI,2019/10/11 00:00:00+00,NORMAL,BT-TA,DEFINITIVA,"VEHICULAR, PEATONAL",10,10,4,"1,2,3,6",N/A,"21,22,23","721,722,727",NO,0,Activación de sonoro,3528
-74.17496879,4.61720211199997,3122,1588,3004,KR 80H X CL 54 SUR,KENNEDY,C900,SENCILLA,SI,2020/09/03 00:00:00+00,NORMAL,BT-TA,DEFINITIVA,"VEHICULAR, PEATONAL",9,14,8,"1,2,3,4",N/A,"21,22,23,24,34",721.722.723.724.734,NO,0,Activación de sonoro,3527
-74.10280372,4.48590517000002,3123,1208,3005,TV 7 ESTE X AC 110 S,USME,C900,DOBLE,SI,2010/12/28 00:00:00+00,NORMAL,BT-TA,DEFINITIVA,"VEHICULAR, PEATONAL",13,19,3,"1,3,8,14,91A,93,94",N/A,"21,23,291A,293,294,314",N/A,NO,0,"Brechas, Fases por demanda",3615
-74.10197538,4.48563641599998,3124,1209,3005,TV 7A ESTE X AC 110 S,USME,NO,DOBLE,NO,2010/12/28 00:00:00+00,NORMAL,BT-TA,DEFINITIVA,"VEHICULAR, PEATONAL",6,19,3,"4,6,13,91",N/A,"24,313",N/A,NO,0,"Brechas, Fases por demanda",3615
-74.10912855,4.50662410699999,3125,1347,3006,KR 8 X CL 84 S,USME,C900,SENCILLA,SI,2014/05/24 00:00:00+00,NORMAL,R-TF,DEFINITIVA,"VEHICULAR, PEATONAL",6,6,2,"3,4,91",N/A,"23,24,291",N/A,NO,0,Cola - Siguiente Intersección,3626
-74.10429335,4.50472401299999,3126,1176,3007,KR 1 X CL 87C S,USME,C900,SENCILLA,SI,2009/09/04 00:00:00+00,NORMAL,R-TA,DEFINITIVA,"VEHICULAR, PEATONAL",9,9,2,"1,2,4,5,102",N/A,"21,22,24,31,32",N/A,NO,0,"Conteo, Brechas",3626
-74.10630967,4.50042913700003,3127,1150,3008,KR 1 X CL 90 S,USME,C900,SENCILLA,SI,2009/07/03 00:00:00+00,NORMAL,R-TF,DEFINITIVA,"VEHICULAR, PEATONAL",6,6,2,"1,2,4",N/A,"21,22,24",N/A,NO,0,N/A,3626
-74.10737351,4.498330635,3128,1020,3009,KR 1 X CL 91 S,USME,C900,DOBLE,SI,2006/10/03 00:00:00+00,NORMAL,R-TF,DEFINITIVA,"VEHICULAR, PEATONAL",4,14,2,"1,4,12",N/A,24,N/A,NO,0,N/A,3626
-74.13663075,4.67948440599997,3129,824,2920,KR 100 X CL 23D,FONTIBON,NO,DOBLE,NO,2004/12/10 00:00:00+00,NORMAL,BT-TA,DEFINITIVA,"VEHICULAR, PEATONAL",8,19,2,"2,3,11,93",N/A,"22,23",723,NO,0,"Brechas, Fases por demanda, Activación de sonoro",2415
-74.13098343,4.68166422199999,3130,803,2921,AK 97 X DG 24C,FONTIBON,C900,SENCILLA,SI,2004/09/13 00:00:00+00,NORMAL,BT-TF,DEFINITIVA,"VEHICULAR, PEATONAL",9,9,4,"1,2,3,4,93",N/A,"21,22,23,293",N/A,NO,0,N/A,2415
-74.14777343,4.67784768299998,3131,862,2922,AK 106 X CL 18,FONTIBON,ACTROS,SENCILLA,SI,2006/11/03 00:00:00+00,NORMAL,BT-TF,DEFINITIVA,"VEHICULAR, PEATONAL",8,8,4,"1,2,3,4",N/A,"20,21,22,23",N/A,NO,0,N/A,2414
-74.15401063,4.67777537699999,3132,883,2923,KR 111A X DG 16,FONTIBON,C900,SENCILLA,SI,2006/05/26 00:00:00+00,NORMAL,CA-TA,DEFINITIVA,"VEHICULAR, PEATONAL, CICLISTA",12,12,3,"3,3A,4,91,93B",N/A,"23,23A,24,291,293B",N/A,"43, 44",0,"Conteo, Brechas, Fases por demanda, Cola - Siguiente Intersección, Fases por demanda peatonal",2401
-74.15236673,4.68012930899999,3133,878,2924,KR 112 X CL 17,FONTIBON,ACTROS,SENCILLA,SI,2007/06/13 00:00:00+00,NORMAL,BT-TF,DEFINITIVA,"VEHICULAR, PEATONAL",6,6,2,"2,3,14",N/A,"22,24,32",N/A,NO,0,N/A,2414
-74.15356018,4.684635308,3134,1255,2925,AK 116 X CL 18,FONTIBON,ACTROS,SENCILLA,SI,2012/06/05 00:00:00+00,NORMAL,BT-TF,DEFINITIVA,"VEHICULAR, PEATONAL",6,6,3,"1, 2, 4",N/A,"21,22,24",N/A,NO,0,N/A,2414
-74.14679181,4.68954392500001,3135,1305,2926,AK 116 X CL 23B,FONTIBON,C900,SENCILLA,SI,2013/04/06 00:00:00+00,NORMAL,BT-TF,DEFINITIVA,"VEHICULAR, PEATONAL",9,9,3,"1,2,3,4,62",N/A,"21,22,23,24",N/A,NO,0,N/A,2416
-74.15960209,4.686904997,3136,1335,2927,KR 123 X AC 17,FONTIBON,C900,SENCILLA,SI,2014/04/27 00:00:00+00,NORMAL,CA-TA,DEFINITIVA,"VEHICULAR, PEATONAL, CICLISTA",10,10,4,"3,4,8,92,93",N/A,"23,24,292",N/A,"43, 44",0,"Conteo, Brechas, Cola, Fases por demanda, Fases por demanda peatonal",2402
-74.15145584,4.66917261700002,3137,1380,2928,KR 100 X DG 16,FONTIBON,C900,SENCILLA,SI,2014/06/14 00:00:00+00,NORMAL,CA-TA,DEFINITIVA,"VEHICULAR, PEATONAL",13,13,3,"3,4,91,94",N/A,"23,24,291,293,294",72.372.472.917.294,NO,0,"Conteo, Brechas, Cola - Siguiente Intersección, Activación de sonoro",2401
-74.1497699,4.677628105,3138,1448,2929,KR 107A X CL 17,FONTIBON,ACTROS,SENCILLA,SI,2016/03/10 00:00:00+00,NORMAL,BT-TA,DEFINITIVA,"VEHICULAR, PEATONAL",9,9,3,"3,4,8",N/A,"23,24,38","723, 724, 738",NO,0,Activación de sonoro,2414
-74.15570918,4.68309065800003,3139,1458,2930,AK 116 X CL 17,FONTIBON,C900,SENCILLA,SI,2016/08/10 00:00:00+00,NORMAL,BT-TF,DEFINITIVA,"VEHICULAR, PEATONAL",8,8,4,"1,3,4,7,94",N/A,"21,23,24",N/A,NO,0,N/A,2414
-74.15202229,4.67102525600001,3140,870,2935,KR 104 X DG 16,FONTIBON,C900,SENCILLA,SI,2005/12/26 00:00:00+00,NORMAL,CA-TA,DEFINITIVA,"VEHICULAR, PEATONAL",7,7,2,"2,3,4",N/A,"22,24,32,33",N/A,NO,0,"Conteo, Brechas, Cola",2401
-74.09320428,4.681499374,3141,1674,2936,AK 70 X DG 70,ENGATIVA,C900,SENCILLA,SI,2021/05/01 00:00:00+00,NORMAL,BT-TA,DEFINITIVA,"VEHICULAR, PEATONAL",14,14,4,"1,2,3,4",N/A,"21,22,23,24,34",721.722.723.724.734,NO,0,"Brechas, Fases por demanda, Fases por demanda peatonal sonoro",1304
-74.07073816,4.608031815,3142,385,2939,KR 7 X CL 22,SANTA FE,C900,SENCILLA,SI,1995/05/05 00:00:00+00,NORMAL,RP-TA,DEFINITIVA,"VEHICULAR, PEATONAL, CICLISTA",9,9,2,4,N/A,"22,24,32,34",725,41.42,0,Activación de sonoro,2708
-74.07019018,4.610016293,3143,373,2940,KR 7 X CL 24,SANTA FE,C900,SENCILLA,SI,1993/08/30 00:00:00+00,NORMAL,RP-TA,DEFINITIVA,"VEHICULAR, PEATONAL, CICLISTA",8,8,2,3,N/A,"22,23,33 (Exc)",724,"41,42 (Exc)",0,Activación de sonoro,2708
-74.12797322,4.68720185699999,3144,1672,2941,KR 98 X AC 26,FONTIBON,C900,SENCILLA,SI,2021/05/12 00:00:00+00,NORMAL,BT-TA,DEFINITIVA,"VEHICULAR, PEATONAL",9,9,4,"3,3A,4,4A,92",N/A,"23,24,24A,292",N/A,NO,0,"Brechas, Fases por demanda peatonal, Fase por demanda vehicular",2310
-74.07919763,4.59821608999999,3145,1671,2942,AK 10 X Cl 9,SANTA FE,C900,SENCILLA,SI,2021/05/11 00:00:00+00,NORMAL,R-TF,DEFINITIVA,"VEHICULAR, PEATONAL",10,10,2,"1,2,93","1B,2B","21,32,291,292,293",N/A,NO,0,N/A,2708
-74.12440366,4.68456887000002,3146,1328,2944,TV 93 X AC 26,FONTIBON,C900,SENCILLA,SI,2012/06/29 00:00:00+00,NORMAL,BT-TA,DEFINITIVA,"VEHICULAR, CICLISTA",3,3,2,N/A,104,N/A,N/A,"43,44 (Exc)",0,"Brechas, Fases por demanda",2310
-74.16899204,4.625024935,3147,915,3452,KR 81G X AC 43 S,KENNEDY,C900,TRIPLE,SI,2007/10/17 00:00:00+00,PMT,BT-TA,DEFINITIVA,"VEHICULAR, PEATONAL",3,10,2,"13,14,91",N/A,"214, 291","723,724",NO,0,"Cola - Siguiente Intersección, Activación sonoro",3405
-74.167599,4.623717,3148,1856,3452,KR 81 X AC 43 S,KENNEDY,NO,TRIPLE,NO,2024/09/02 00:00:00+00,NORMAL,BT-TA,PROVISIONAL_PMT,"VEHICULAR, PEATONAL",5,10,2,"4,113",N/A,2113,N/A,NO,0,N/A,3405
-74.169391,4.62563,3149,1902,3452,KR 81H X CL 43 SUR,KENNEDY,NO,TRIPLE,NO,2025/03/13 00:00:00+00,PMT,BT-TA,PROVISIONAL_PMT,EXCLUSIVA VEHICULAR,2,10,2,"3, 8",N/A,N/A,N/A,NO,0,N/A,3405
-74.15269267,4.62475068200001,3150,871,3453,KR 78K X CL 36 S,KENNEDY,ACTROS,SENCILLA,SI,2006/10/17 00:00:00+00,NORMAL,BT-TF,DEFINITIVA,"VEHICULAR, PEATONAL, CICLISTA",10,10,4,"1,2,6,7,91,93",N/A,"22,27,31",N/A,41,0,N/A,3528
-74.15648867,4.62456293100001,3151,887,3454,KR 79 X CL 38C S,KENNEDY,C900,SENCILLA,SI,1987/12/29 00:00:00+00,NORMAL,BT-TF,DEFINITIVA,"VEHICULAR, PEATONAL",6,6,3,"2,3,4",N/A,"22,23,34",N/A,NO,0,N/A,3528
-74.16601496,4.62102022200003,3152,910,3455,AK 80 X AC 43 S,KENNEDY,ACTROS,SENCILLA,SI,1988/01/29 00:00:00+00,Desvío - PMT,BT-TF,DEFINITIVA,"VEHICULAR, PEATONAL, CICLISTA",17,17,3,"1,2,3,4,5,7,8,93,61,64",N/A,"21,22,23,24,32,33,34",N/A,"41,42",0,N/A,3509
-74.16431742,4.61812144100003,3153,906,3456,KR 79 X AC 43 S,KENNEDY,C900,SENCILLA,SI,1987/12/29 00:00:00+00,PMT,BT-TF,DEFINITIVA,"VEHICULAR, PEATONAL",9,9,3,"1,2,3,4,8",N/A,"21,22,24,33",N/A,NO,0,Cola - Siguiente Intersección,3531
-74.15452949,4.62274134199998,3154,881,3457,KR 78K X CL 38C S,KENNEDY,ACTROS,SENCILLA,SI,1987/12/29 00:00:00+00,NORMAL,BT-TF,DEFINITIVA,"VEHICULAR, PEATONAL, CICLISTA",10,10,3,"1,2,3,91,63",N/A,"22,23,31,391",N/A,41,0,N/A,3528
-74.15334242,4.62404235299999,3155,875,3458,KR 78K X CL 37 S,KENNEDY,ACTROS,SENCILLA,SI,1987/12/29 00:00:00+00,NORMAL,BT-TA,DEFINITIVA,"VEHICULAR, PEATONAL, CICLISTA",10,10,4,"1,2,8,92,94",N/A,"21,28,32","721, 728, 732",42,0,Fases por demanda peatonal sonoro,3528
-74.15097259,4.62186105500001,3156,868,3459,KR 78B X CL 37 S,KENNEDY,C900,SENCILLA,SI,1988/12/28 00:00:00+00,NORMAL,BT-TF,DEFINITIVA,"VEHICULAR, PEATONAL",7,7,3,"1,2,3,6,91",N/A,"22,23",N/A,NO,0,N/A,3528
-74.12270773,4.52063378499997,3157,1057,3682,AK 14V X DG 69F S,USME,C900,SENCILLA,SI,2007/10/11 00:00:00+00,NORMAL,R-TA,DEFINITIVA,"VEHICULAR, PEATONAL",4,4,3,"1,2",N/A,"21,22",N/A,NO,0,Fases por demanda peatonal,3511
-74.13842345,4.58382662000002,3158,1224,3683,KR 33 X CL 52F S Y DG 52B S,TUNJUELITO,ACTROS,SENCILLA,SI,2011/07/21 00:00:00+00,NORMAL,BT-TF,DEFINITIVA,"VEHICULAR, PEATONAL",9,9,3,"1,2,3,4,63",N/A,"21,23,24,33",N/A,NO,0,N/A,3524
-74.1673097,4.58969278699999,3159,1376,3684,KR 72 X CL 62D S,CIUDAD BOLIVAR,C900,SENCILLA,SI,2015/09/07 00:00:00+00,NORMAL,BT-TA,DEFINITIVA,"VEHICULAR, PEATONAL",6,8,4,"1,2,3,6",N/A,"21,23",722,NO,0,Activación de sonoro,3517
-74.13962407,4.58285952099999,3160,1450,3685,KR 33 X CL 53A S,TUNJUELITO,ACTROS,SENCILLA,SI,2016/04/05 00:00:00+00,NORMAL,BT-TA,DEFINITIVA,"VEHICULAR, PEATONAL, CICLISTA",8,12,3,"1,2,3",N/A,"21,22,23,33",721.722.723.733,43,0,Activación de sonoro,3524
-74.1367322,4.55240709399999,3161,1452,3686,TV 17 X CL 66 S,CIUDAD BOLIVAR,C900,SENCILLA,SI,2016/03/03 00:00:00+00,NORMAL,BT-TA,DEFINITIVA,EXCLUSIVA PEATONAL,6,6,3,"1,2",N/A,"21,22 (Exc)",722,NO,0,Fases por demanda peatonal sonoro,3511
-74.14108056,4.58154527400001,3162,1466,3687,KR 33 X CL 55 S,TUNJUELITO,ACTROS,SENCILLA,SI,2017/06/29 00:00:00+00,PMT,BT-TF,DEFINITIVA,"VEHICULAR, PEATONAL",14,14,3,"1,2,3,4",N/A,"21,22,23,24,32A","721,722,723,724,732A",NO,0,Activación de sonoro,3524
-74.13342872,4.54023570700002,3163,1454,3688,KR 15 X AC 71B S,CIUDAD BOLIVAR,C900,SENCILLA,SI,2016/05/14 00:00:00+00,NORMAL,RP-TA,DEFINITIVA,"VEHICULAR, PEATONAL",7,10,2,"2,3,4,6",N/A,"22,24,33",722.724.733,NO,0,N/A,3511
-74.08588834,4.59549181400001,3164,958,3689,AK 14 X CL 4,SANTA FE,C900,SENCILLA,SI,2000/01/01 00:00:00+00,PMT,BT-TF,DEFINITIVA,"VEHICULAR, PEATONAL",8,8,2,"1A,2A,4","1B,2B","22,24,31",N/A,NO,0,"Conteo, Cola - Siguiente Intersección",2743
-74.09073912,4.590234495,3165,969,3690,AK 14 X CL 2 S,ANTONIO NARINO,C900,SENCILLA,SI,1990/07/04 00:00:00+00,NORMAL,R-TF,DEFINITIVA,"VEHICULAR, PEATONAL",7,7,2,"1A,2A,3","1B,2B","21,32",N/A,NO,0,N/A,3605
-74.1458687,4.56858082999997,3166,1494,3691,KR 22G X AC 61 S,CIUDAD BOLIVAR,C900,SENCILLA,SI,2016/12/21 00:00:00+00,NORMAL,CA-TA,DEFINITIVA,"VEHICULAR, PEATONAL",7,7,3,"3,4,91,94",N/A,"23,24,291",N/A,NO,0,"Conteo, Brechas, Fases por demanda, Fases por demanda peatonal",3510
-74.08150783,4.58969496600002,3167,1446,3262,KR 8 X CL 2,SANTA FE,NO,DOBLE,NO,2017/05/30 00:00:00+00,NORMAL,BT-TF,DEFINITIVA,"VEHICULAR, PEATONAL",6,12,3,"1,3",N/A,"21,23,31,33",N/A,NO,0,N/A,3607
-74.0867198,4.57887895699997,3168,960,3263,KR 7 X AC 11 S,SAN CRISTOBAL,ACTROS,SENCILLA,SI,1993/12/29 00:00:00+00,NORMAL,RP-TF,DEFINITIVA,"VEHICULAR, PEATONAL, CICLISTA",10,10,5,"2,3,4,6,7",N/A,"22,23,24,32",N/A,42,0,N/A,3606
-74.08817398,4.580761693,3169,963,3264,KR 8 X AC 11 S,SAN CRISTOBAL,ACTROS,SENCILLA,SI,1993/12/20 00:00:00+00,NORMAL,RP-TA,DEFINITIVA,"VEHICULAR, PEATONAL, CICLISTA",17,17,4,"1,3,4,5",N/A,"21,23,24,31,33,34","721, 723, 724, 731, 733, 734",41,0,Activación de sonoro,3606
-74.09638512,4.57081414200002,3170,988,3265,KR 8 X CL 27 S,SAN CRISTOBAL,C900,SENCILLA,SI,1993/12/30 00:00:00+00,NORMAL,RP-TF,DEFINITIVA,"VEHICULAR, PEATONAL",6,6,2,"1,3",N/A,"21,23,31,33",N/A,NO,0,N/A,3606
-74.09076028,4.577020135,3171,970,3266,KR 8 X CL 17 S,SAN CRISTOBAL,C900,SENCILLA,SI,2004/10/22 00:00:00+00,NORMAL,RP-TA,DEFINITIVA,"VEHICULAR, PEATONAL, CICLISTA",9,12,3,"1,3,4,5",N/A,"21,23,24,31",723.724.731,41,0,Activación de sonoro,3606
-74.08558457,4.569470185,3172,957,3267,KR 3 ESTE X AC 22 S,SAN CRISTOBAL,C900,SENCILLA,SI,1995/03/04 00:00:00+00,Desvío - PMT,BT-TA,DEFINITIVA,"VEHICULAR, PEATONAL",14,14,4,"1,2,3,4,6,8,93",N/A,"21,22,23,24,293,33,34",N/A,NO,0,"Brechas, Fases por demanda",3610
-74.09304307,4.57429442,3173,975,3268,KR 8 X AC 22 S,SAN CRISTOBAL,C900,SENCILLA,SI,1993/12/20 00:00:00+00,Desvío - PMT,CA-TA,DEFINITIVA,"VEHICULAR, PEATONAL",7,7,3,"1,3,4,8",N/A,"21,23,34",N/A,NO,0,"Brechas, Cola - Siguiente Intersección",3606
-74.09543884,4.57176871500002,3174,983,3269,KR 8 X CL 25 S,SAN CRISTOBAL,C900,SENCILLA,SI,1984/08/11 00:00:00+00,NORMAL,RP-TF,DEFINITIVA,"VEHICULAR, PEATONAL",6,6,3,"1,4",N/A,"21,24,31,34 (Reg)",N/A,NO,0,N/A,3606
-74.08988134,4.58215534300001,3175,967,3270,AK 10 X AC 11 S,ANTONIO NARINO,ACTROS,SENCILLA,SI,1983/06/28 00:00:00+00,NORMAL,CA-TA,DEFINITIVA,"VEHICULAR, PEATONAL",16,16,4,"1A,2A,3,4,5,7","1B,2B","21,22,23,24,31,32,33,34",N/A,NO,0,"Conteo, Brechas",3606
-74.09272676,4.57830349300002,3176,974,3271,AK 10 X CL 17 S,ANTONIO NARINO,ACTROS,SENCILLA,SI,1983/07/01 00:00:00+00,NORMAL,CA-TA,DEFINITIVA,"VEHICULAR, PEATONAL",14,14,2,"1A,2A,3,4,4A","1B,2B","21,22,23,24,31,32",N/A,43C,0,"Conteo, Cola - Siguiente Intersección",3606
-74.15014172,4.62754890399998,3177,864,3460,KR 78K X CL 26 S,KENNEDY,ACTROS,SENCILLA,SI,1993/12/29 00:00:00+00,PMT,BT-TF,DEFINITIVA,"VEHICULAR, PEATONAL",14,14,4,"1,2,3,4,5,8",N/A,"21,22,23,24,31,32,33,34",N/A,NO,0,N/A,3528
-74.14778933,4.62538379699998,3178,858,3461,KR 78B X CL 26 S,KENNEDY,C900,SENCILLA,SI,1987/12/29 00:00:00+00,NORMAL,BT-TF,DEFINITIVA,"VEHICULAR, PEATONAL",12,12,4,"1,2,3,4,6,8,63,64",N/A,"21,22,23,34",N/A,NO,0,N/A,3528
-74.13323736,4.61777429300002,3179,811,3462,KR 70B X CL 8 S,KENNEDY,C900,DOBLE,SI,2004/10/21 00:00:00+00,NORMAL,BT-TF,DEFINITIVA,"VEHICULAR, PEATONAL",10,14,3,"1,4,5,6,61,94",N/A,"21,24,34,294",N/A,NO,0,N/A,3523
-74.134591,4.61763999999999,3180,1874,3462,KR 71 X CL 24 S Y 8 SUR,KENNEDY,NO,DOBLE,NO,2024/12/14 00:00:00+00,PMT,BT-TF,PROVISIONAL_PMT,"VEHICULAR, PEATONAL",4,14,3,"6,14",N/A,"26,36,314",N/A,NO,0,N/A,3523
-74.12626536,4.606542897,3181,793,3463,KR 52A X AC 26 S,PUENTE ARANDA,C900,DOBLE,SI,1993/11/23 00:00:00+00,PMT,BT-TA,DEFINITIVA,"VEHICULAR, PEATONAL",8,13,2,"2,3,14",N/A,"22,214,33",N/A,NO,0,"Brechas, Fases por demanda",3522
-74.12561387,4.605871761,3182,794,3463,KR 52 X AC 26 S,PUENTE ARANDA,NO,DOBLE,NO,1993/11/23 00:00:00+00,NORMAL,BT-TA,DEFINITIVA,"VEHICULAR, PEATONAL",7,13,2,"1,4,13,61",N/A,"21,213,34",N/A,NO,0,"Brechas, Fases por demanda",3522
-74.1355035,4.61410847299999,3183,818,3464,KR 69B X AC 26 S,KENNEDY,C900,DOBLE,SI,1988/02/26 00:00:00+00,PMT,BT-TF,DEFINITIVA,"VEHICULAR, PEATONAL",7,14,2,"1,3,4,12",N/A,"21,212,23",N/A,NO,0,"Conteo, Brechas",3504
-74.136028,4.61376000000001,3184,1878,3464,KR 69B X CL 31 S,KENNEDY,NO,DOBLE,NO,2024/12/14 00:00:00+00,PMT,BT-TF,PROVISIONAL_PMT,"VEHICULAR, PEATONAL",7,14,3,"2,3A,11",N/A,"22,23A,211,33A",N/A,NO,0,N/A,3504
-74.149339,4.61768604100001,3185,863,3465,TV 73C BIS A X CL 38B S,KENNEDY,ACTROS,SENCILLA,SI,1998/02/01 00:00:00+00,PMT,BT-TF,DEFINITIVA,"VEHICULAR, PEATONAL",6,6,3,"3,4,7",N/A,"23,24,37",N/A,NO,0,"Conteo, Brechas, Fases por demanda",3531
-74.15278855,4.61709664199998,3186,872,3466,TV 73D X CL 40 S,KENNEDY,ACTROS,SENCILLA,SI,1988/02/26 00:00:00+00,PMT,BT-TF,DEFINITIVA,"VEHICULAR, PEATONAL",11,11,3,"1,2,3,4,61",N/A,"21,22,23,24,33,34",N/A,NO,0,N/A,3531
-74.15433457,4.61680068300001,3187,880,3467,TV 74F X CL 40F S,KENNEDY,ACTROS,SENCILLA,SI,1988/02/26 00:00:00+00,PMT,BT-TF,DEFINITIVA,"VEHICULAR, PEATONAL",9,9,4,"1,2,3,4,8",N/A,"21,22,23,34",N/A,NO,0,N/A,3531
-74.09310444,4.587316784,3188,976,3692,AK 14 X CL 8 S,ANTONIO NARINO,C900,SENCILLA,SI,1990/12/06 00:00:00+00,NORMAL,R-TF,DEFINITIVA,"VEHICULAR, PEATONAL",6,6,2,"1A,2A","1B,2B","21,22 ",N/A,NO,0,N/A,3605
-74.09609382,4.58485725100002,3189,985,3693,AK 14 X CL 13A S,ANTONIO NARINO,C900,SENCILLA,SI,2001/05/17 00:00:00+00,NORMAL,R-TF,DEFINITIVA,"VEHICULAR, PEATONAL",10,10,2,"1A,2A,5,94","1B,2B","22,294,31,35",N/A,NO,0,N/A,3605
-74.11915479,4.57601172,3190,1050,3694,AK 14 X DG 38BIS S,RAFAEL URIBE,C900,DOBLE,SI,1990/07/06 00:00:00+00,NORMAL,BT-TA,DEFINITIVA,EXCLUSIVA PEATONAL,11,19,3,"1A,12A,94","1B,12B","21, 212, 294","721, 7212, 7294",NO,0,Fases por demanda peatonal sonoro,3605
-74.12104399,4.57554722600003,3191,1053,3694,AK 14 X CL 41B S,RAFAEL URIBE,NO,DOBLE,NO,1990/07/06 00:00:00+00,NORMAL,BT-TA,DEFINITIVA,EXCLUSIVA PEATONAL,8,19,2,"11A,2A","11B,2B","22,211","722, 7211",NO,0,Fases por demanda peatonal sonoro,3605
-74.09866737,4.58344622300001,3192,997,3695,AK 14 X CL 17 S,ANTONIO NARINO,C900,SENCILLA,SI,1994/06/17 00:00:00+00,NORMAL,R-TF,DEFINITIVA,"VEHICULAR, PEATONAL",12,12,2,"1A,2A,4,94","1B,2B","21,22,24,294,31,32",N/A,NO,0,N/A,3605
-74.10407853,4.58051982699999,3193,1019,3696,AK 14 X CL 24 S,RAFAEL URIBE,C900,SENCILLA,SI,1989/03/27 00:00:00+00,NORMAL,R-TF,DEFINITIVA,EXCLUSIVA PEATONAL,6,6,2,"1A,2A","1B,2B","21,22 (Exc)",N/A,NO,0,Cola - Siguiente Intersección,3605
-74.12410317,4.56066471999998,3194,1062,3698,KR 12 X AC 51 S,TUNJUELITO,ACTROS,SENCILLA,SI,1993/12/07 00:00:00+00,NORMAL,R-TF,DEFINITIVA,EXCLUSIVA PEATONAL,6,6,2,"1A,2A","1B,2B","21,22 (Exc)",N/A,NO,0,N/A,3604
-74.14289237,4.56670621500001,3195,1495,3699,TV 20D X AC 61 S,CIUDAD BOLIVAR,C900,SENCILLA,SI,2017/07/28 00:00:00+00,NORMAL,CA-TA,DEFINITIVA,"VEHICULAR, PEATONAL",14,19,3,"1,3,4,8,92,793,794",N/A,"21,23,24,292,31,33,34","721, 724, 7292, 731, 730",NO,0,"Conteo, Brechas, Cola, Activación de sonoro",3510
-74.09759386,4.59217907499999,3196,1497,3700,KR 24 X CL 6 S,ANTONIO NARINO,C900,DOBLE,SI,2017/03/18 00:00:00+00,NORMAL,R-TF,DEFINITIVA,"VEHICULAR, PEATONAL",7,15,4,"1,3,4,12",N/A,"212,23,24",N/A,NO,0,N/A,3609
-74.096951,4.59287599999999,3197,1907,3700,KR 24 X CL 4 S,ANTONIO NARINO,NO,DOBLE,NO,2025/03/28 00:00:00+00,PMT,R-TF,PROVISIONAL_PMT,"VEHICULAR, PEATONAL",8,15,3,"2,11,93,94",N/A,"22, 211,293,294",N/A,NO,0,N/A,3609
-74.09460762,4.57576733299999,3198,981,3272,AK 10 X AC 22 S,ANTONIO NARINO,C900,SENCILLA,SI,1995/10/05 00:00:00+00,Desvío - PMT,CA-TA,DEFINITIVA,"VEHICULAR, PEATONAL",15,15,3,"1A,2A,3,4,7","1B,2B","21,22,23,24,31,32,33,34",N/A,NO,0,"Conteo, Brechas",3606
-74.18319365,4.60668135100002,3199,930,3273,KR 79C X CL 63 S,BOSA,NO,DOBLE,NO,1995/10/05 00:00:00+00,NORMAL,BT-TF,DEFINITIVA,EXCLUSIVA VEHICULAR,2,13,2,"2,4",N/A,N/A,N/A,NO,0,N/A,3419
-74.18329369,4.60706096299998,3200,931,3273,KR 80 X CL 63 S,BOSA,C900,DOBLE,SI,1995/10/05 00:00:00+00,NORMAL,BT-TF,DEFINITIVA,"VEHICULAR, PEATONAL",9,13,4,"1,14,94",N/A,"21,214,314,294","721,7214, 7294,7314",NO,0,N/A,3419
-74.08743369,4.58548489999998,3201,1269,3274,AK 10 X CL 4 S,ANTONIO NARINO,ACTROS,SENCILLA,SI,2012/07/28 00:00:00+00,NORMAL,CA-TA,DEFINITIVA,EXCLUSIVA PEATONAL,6,8,2,"1A,2A","1B,2B","21,22 (Exc)",722,NO,0,Activación de sonoro,3606
-74.09430931,4.57969937299998,3202,980,3275,KR 11 X CL 17 S,ANTONIO NARINO,C900,SENCILLA,SI,2006/11/17 00:00:00+00,NORMAL,RP-TF,DEFINITIVA,"VEHICULAR, PEATONAL",12,12,3,"1,2,3,4,4A",N/A,"21,22,23,31,32,34",N/A,43C,0,N/A,3606
-74.18348713,4.619305634,3203,928,3276,TV 85 X CL 57B S,KENNEDY,C900,SENCILLA,SI,2006/03/16 00:00:00+00,PMT,BT-TF,DEFINITIVA,"VEHICULAR, PEATONAL",8,8,3,"1,2,3,4",N/A,"22,23,24,31",N/A,NO,0,N/A,3421
-74.07915982,4.57273925300001,3204,948,3277,KR 6 ESTE X AC 11 S,SAN CRISTOBAL,ACTROS,SENCILLA,SI,2006/10/18 00:00:00+00,NORMAL,BT-TA,DEFINITIVA,"VEHICULAR, PEATONAL",12,12,5,"1,2,3,4,93",N/A,"21,22,24,293","722, 724, 7293",NO,0,"Brechas, Fases por demanda, Activación de sonoro",3608
-74.10414439,4.584518516,3205,1018,3278,TV 21A X DG 21A S,ANTONIO NARINO,NO,DOBLE,NO,1998/04/23 00:00:00+00,NORMAL,RP-TF,DEFINITIVA,"VEHICULAR, PEATONAL",6,19,3,"3A,12",N/A,"23A,33A,212,312",N/A,NO,0,N/A,3605
-74.10520159,4.58448998900002,3206,1022,3278,TV 21A X CL 22 S,ANTONIO NARINO,C900,DOBLE,SI,1998/04/23 00:00:00+00,NORMAL,RP-TF,DEFINITIVA,"VEHICULAR, PEATONAL",13,19,4,"2,3,4,7,8,93",N/A,"22,23,24,293,32,33,34",N/A,NO,0,N/A,3605
-74.10670856,4.586390747,3207,1024,3279,KR 24F X CL 22 S,ANTONIO NARINO,NO,DOBLE,NO,2005/08/26 00:00:00+00,NORMAL,RP-TF,DEFINITIVA,"VEHICULAR, PEATONAL",7,13,2,"1,4,13",N/A,"21,213,31,34",N/A,NO,0,N/A,3605
-74.10716076,4.58697029000001,3208,1026,3279,KR 24G X CL 22 S,ANTONIO NARINO,C900,DOBLE,SI,1983/04/08 00:00:00+00,NORMAL,RP-TF,DEFINITIVA,"VEHICULAR, PEATONAL",6,13,2,"2,3,14",N/A,"22,214,33",N/A,NO,0,N/A,3605
-74.12447846,4.571679942,3209,1063,3702,AK 14 X DG 45B S,RAFAEL URIBE,ACTROS,SENCILLA,SI,1989/09/13 00:00:00+00,NORMAL,R-TA,DEFINITIVA,"VEHICULAR, PEATONAL",8,8,3,"1A,2A,4","1B,2B","22,24,31",N/A,NO,0,"Conteo, Brechas",3604
-74.12544168,4.569214751,3210,1071,3703,AK 14 X DG 48 S,RAFAEL URIBE,ACTROS,SENCILLA,SI,1990/12/03 00:00:00+00,NORMAL,R-TA,DEFINITIVA,"VEHICULAR, PEATONAL",15,15,3,"1A,2A,6A,93A,61A","1B,2B#,6B,7B,91B,93B","21,22,36,293",N/A,NO,0,"Conteo, Brechas",3604
-74.12527089,4.56408695699997,3211,1067,3704,KR 13A X AC 51 S,TUNJUELITO,ACTROS,SENCILLA,SI,1991/02/05 00:00:00+00,PMT,R-TF,DEFINITIVA,"VEHICULAR, PEATONAL",9,9,2,"1A,2A,3,4","1B,2B","21,24,32",N/A,NO,0,Conteo,3604
-74.11831226,4.52440797600002,3212,1461,3705,KR 14 X CL 69G S,USME,C900,SENCILLA,SI,2017/05/03 00:00:00+00,NORMAL,R-TA,DEFINITIVA,EXCLUSIVA PEATONAL,3,4,2,"1,2",N/A,21,721,NO,0,"Conteo, Fases por demanda peatonal sonoro",3625
-74.09432968,4.59355050099998,3213,979,3707,KR 19D X CL 1,LOS MARTIRES,ACTROS,TRIPLE,SI,1990/10/17 00:00:00+00,PMT,CA-TA,DEFINITIVA,"VEHICULAR, PEATONAL",8,18,3,"1,3,4A,8",N/A,"21,23,31,34A",N/A,NO,0,"Conteo, Brechas, Fases por demanda",3623
-74.095009,4.59253899999999,3214,1904,3707,KR 19 X CL 3 SUR,LOS MARTIRES,NO,TRIPLE,NO,2025/03/29 00:00:00+00,PMT,CA-TA,PROVISIONAL_PMT,"VEHICULAR, PEATONAL",5,18,2,"3A,11",N/A,"23A,211,311",N/A,NO,0,N/A,3623
-74.094561,4.59215699999999,3215,1905,3707,KR 18A X CL 3 SUR,LOS MARTIRES,NO,TRIPLE,NO,2025/03/29 00:00:00+00,PMT,CA-TA,PROVISIONAL_PMT,"VEHICULAR, PEATONAL",5,18,3,"4,13A",N/A,"24,213A,37",N/A,NO,0,N/A,3623
-74.10276295,4.57581645499999,3216,1015,3708,KR 12D BIS X CL 27 S,RAFAEL URIBE,ACTROS,SENCILLA,SI,1991/01/25 00:00:00+00,NORMAL,BT-TA,DEFINITIVA,"VEHICULAR, PEATONAL",14,20,3,"1,2,3,4,13,14",N/A,"21,22,23,24,31,32,313,314 (Reg)","721,723,724,732,7314,7313",NO,0,Activación de sonoro,3617
-74.11410552,4.58319888800003,3217,1037,3709,KR 24 X CL 31B S,RAFAEL URIBE,C900,SENCILLA,SI,1990/09/19 00:00:00+00,NORMAL,BT-TF,DEFINITIVA,"VEHICULAR, PEATONAL",5,5,2,"1,2,4",N/A,"21,24",N/A,NO,0,N/A,3524
-74.11565113,4.582670581,3218,1287,3710,KR 24 X CL 32 S,RAFAEL URIBE,C900,SENCILLA,SI,2012/12/17 00:00:00+00,NORMAL,BT-TA,DEFINITIVA,EXCLUSIVA PEATONAL,4,4,2,"1,2",N/A,21,validar,NO,0,N/A,3524
-74.13756195,4.60747763900002,3219,1493,3802,KR 68I X CL 37B S,KENNEDY,ACTROS,SENCILLA,SI,2016/09/20 00:00:00+00,NORMAL,BT-TA,DEFINITIVA,"VEHICULAR, PEATONAL",15,15,4,"1,2,3,4,5",N/A,"21,22,23,24,32","721, 722, 723, 724, 732",NO,0,Activación de sonoro,3521
-74.18220078,4.611136687,3220,1080,3804,KR 80H X CL 59 S,BOSA,C900,SENCILLA,SI,2017/11/30 00:00:00+00,NORMAL,BT-TA,DEFINITIVA,"VEHICULAR, PEATONAL",9,9,2,"3,4,92",N/A,"23,24,292","723, 724, 7292",NO,0,Activación de sonoro,3419
-74.13445414,4.600823031,3221,815,3807,AK 68 X CL 40 S,KENNEDY,C900,SENCILLA,SI,1995/01/06 00:00:00+00,PMT,BT-TF,DEFINITIVA,"VEHICULAR, PEATONAL, CICLISTA",7,7,2,"1,2,5",N/A,"22,31",N/A,"41, 42",0,N/A,3502
-74.1508883,4.59550155800002,3222,1116,3808,KR 62A X CL 45A S,TUNJUELITO,ACTROS,SENCILLA,SI,2006/01/12 00:00:00+00,NORMAL,CA-TA,DEFINITIVA,"VEHICULAR, PEATONAL",6,6,2,"3,4","3B, 4B","23,24 ",N/A,NO,0,"Cola - Siguiente Intersección, Fases por demanda peatonal",3506
-74.13780731,4.59546619899999,3223,826,3809,AK 68 X CL 45A S,TUNJUELITO,NO,CUADRUPLE,NO,2005/04/22 00:00:00+00,PMT,BT-TF,DEFINITIVA,"VEHICULAR, PEATONAL",6,21,3,"93,911A",N/A,"293,2911A",72911A Desconectados,NO,0,Activación de sonoro,3503
-74.13781756,4.59477088599999,3224,1145,3809,KR 53 X CL 45A S,TUNJUELITO,C900,CUADRUPLE,SI,2005/04/22 00:00:00+00,PMT,BT-TF,DEFINITIVA,"VEHICULAR, PEATONAL",4,21,2,"2,111",N/A,22,722 Desconectados,NO,0,Activación de sonoro,3503
-74.13825647,4.59530599800001,3225,1507,3809,CL 40 SUR X AC 45A SUR,KENNEDY,NO,CUADRUPLE,NO,2023/01/18 00:00:00+00,PMT,BT-TF,PROVISIONAL_PMT,"VEHICULAR, PEATONAL",9,21,2,"11,12,11A",N/A,"212,211A","7212,7211A Desconectados","411,42",0,N/A,3503
-74.137535,4.59638100000001,3226,1826,3809,AK 68 X CL 43 SUR,TUNJUELITO,NO,CUADRUPLE,NO,2024/06/14 00:00:00+00,PMT,BT-TF,PROVISIONAL_PMT,"VEHICULAR, CICLISTA",3,21,2,1,N/A,N/A,N/A,NO,0,N/A,3503
-74.15809767,4.59616101799998,3227,1119,3810,KR 67 X AC 57R S,CIUDAD BOLIVAR,ACTROS,SENCILLA,SI,1998/12/09 00:00:00+00,PMT,CA-TA,DEFINITIVA,EXCLUSIVA PEATONAL,7,7,2,"3,8,92","3B,4B","38, 292",N/A,NO,0,"Conteo, Brechas, Cola - Siguiente Intersección",3506
-74.15382108,4.596326476,3228,876,3811,KR 63 X AC 57R S,CIUDAD BOLIVAR,ACTROS,DOBLE,SI,1993/12/10 00:00:00+00,NORMAL,CA-TA,DEFINITIVA,"VEHICULAR, PEATONAL",11,18,2,"3,4,7,15","3B,4B","23,33B,34A,37,215",N/A,NO,0,"Conteo, Brechas, Cola - Siguiente Intersección",3506
-74.09651411,4.57721422399999,3229,1125,3280,KR 11 X CL 22 S,ANTONIO NARINO,C900,SENCILLA,SI,2008/12/20 00:00:00+00,Desvío - PMT,CA-TA,DEFINITIVA,"VEHICULAR, PEATONAL",8,8,3,"1,3,4,7",N/A,"21,24,33,37",N/A,NO,0,"Brechas, Cola - Siguiente Intersección",3606
-74.1834826,4.61014263499999,3230,1527,3281,KR 80H X CL 60 S,BOSA,C900,SENCILLA,SI,2017/06/01 00:00:00+00,NORMAL,BT-TF,DEFINITIVA,"VEHICULAR, PEATONAL, CICLISTA",8,8,4,"2,4,7",N/A,"22,24,27,32",N/A,41,0,N/A,3419
-74.18752776,4.61841193399999,3231,1560,3282,KR 85 X CL 61A S,BOSA,NO,TRIPLE,NO,2018/07/04 00:00:00+00,PMT,BT-TF,DEFINITIVA,EXCLUSIVA PEATONAL,3,15,3,1111,N/A,21111,721111,NO,0,Activación de sonoro,3421
-74.186638,4.61866099999997,3232,1882,3282,AV BOSA X AV CIUDAD DE CALI,BOSA,NO,TRIPLE,NO,2025/02/21 00:00:00+00,PMT,BT-TF,DEFINITIVA,EXCLUSIVA VEHICULAR,6,15,3,"2,3, 4,11,12, 111",N/A,N/A,N/A,NO,0,N/A,3421
-74.18545192,4.61877775400001,3233,1538,3282,KR 84C X CL 58D S,BOSA,C900,TRIPLE,SI,2018/01/04 00:00:00+00,PMT,BT-TF,DEFINITIVA,EXCLUSIVA PEATONAL,6,15,3,"1,112",N/A,"21, 2112","721, 72112 Desconectados",NO,0,Activación de sonoro,3421
-74.18546293,4.61708737499998,3234,1539,3283,KR 82G BIS X CL 59 S,BOSA,C900,DOBLE,SI,2018/03/19 00:00:00+00,NORMAL,BT-TA,DEFINITIVA,"VEHICULAR, PEATONAL",10,16,2,"4,13,92",N/A,"24,213,292,7913","724,7213,7292",NO,0,Activación de sonoro,3421
-74.18614496,4.61791827600001,3235,1537,3283,KR 84A X CL 59 S,BOSA,NO,DOBLE,NO,2018/01/04 00:00:00+00,PMT,BT-TA,DEFINITIVA,EXCLUSIVA PEATONAL,6,16,2,"3,14",N/A,"23,214","723,7214 Desconectados",NO,0,Activación de sonoro,3421
-74.09270583,4.58396518000001,3236,1321,3284,KR 12 X AC 11 S,ANTONIO NARINO,ACTROS,SENCILLA,SI,2013/10/09 00:00:00+00,NORMAL,RP-TA,DEFINITIVA,"VEHICULAR, PEATONAL",9,9,4,"1,2,3,4,8",N/A,"21,22,23,34",N/A,NO,0,"Brechas, Fases por demanda",3606
-74.09132118,4.58947580799997,3237,971,3285,AK 14 X CL 3 S,ANTONIO NARINO,C900,SENCILLA,SI,1996/04/09 00:00:00+00,NORMAL,R-TF,DEFINITIVA,"VEHICULAR, PEATONAL",9,9,2,"1A,2A,3,4","1B,2B","21,23,32",N/A,NO,0,N/A,3605
-74.09450245,4.58573421699998,3238,982,3286,AK 14 X AC 11 S,ANTONIO NARINO,C900,SENCILLA,SI,1983/07/18 00:00:00+00,NORMAL,R-TA,DEFINITIVA,"VEHICULAR, PEATONAL",12,12,3,"1A,2A,3,4,94","1B,2B","21,24,32,33,294",N/A,NO,0,"Conteo, Brechas",3605
-74.11729981,4.58862318199999,3239,1465,3711,AK 27 X CL 32 S,ANTONIO NARINO,ACTROS,SENCILLA,SI,2016/08/09 00:00:00+00,NORMAL,BT-TA,DEFINITIVA,"VEHICULAR, PEATONAL",7,10,2,"1,2,91,93",N/A,"21,22,293",7.217.227.293,NO,0,Fases por demanda peatonal sonoro,3618
-74.12554808,4.57201871799998,3240,1068,3712,KR 20 X CL 46 S Y DG 45B S,RAFAEL URIBE,ACTROS,SENCILLA,SI,1995/02/28 00:00:00+00,NORMAL,RP-TF,DEFINITIVA,"VEHICULAR, PEATONAL",9,9,4,"2,3,5,91",N/A,"21,22,23,32,33 (Reg)",N/A,NO,0,N/A,3604
-74.15545858,4.58081249700001,3241,1573,3713,AK 51 X CL 59C Sur,CIUDAD BOLIVAR,ACTROS,SENCILLA,SI,2018/10/11 00:00:00+00,NORMAL,RP-TA,DEFINITIVA,"VEHICULAR, PEATONAL",7,10,2,"3,4,92,793",N/A,"23,24,292",7.237.247.292,NO,0,"Cola, Cola - Siguiente Intersección, Activación de sonoro",3510
-74.15838312,4.58230657899998,3242,1574,3714,AC 68 Sur X TV 63,CIUDAD BOLIVAR,ACTROS,SENCILLA,SI,2018/10/11 00:00:00+00,NORMAL,CA-TA,DEFINITIVA,"VEHICULAR, PEATONAL, CICLISTA",7,9,2,"1,2,102",N/A,"21,22",722,41.42,0,"Conteo, Brechas, Fases por demanda, Activación de sonoro",3510
-74.14874605,4.579595703,3243,1643,3715,AK 51 X CL 58 SUR,TUNJUELITO,C900,SENCILLA,SI,2019/10/02 00:00:00+00,NORMAL,RP-TA,DEFINITIVA,"VEHICULAR, PEATONAL",9,9,3,"3,4","7B,91B,94B","21,24,33,37",N/A,NO,0,"Brechas, Fases por demanda peatonal",3510
-74.11121939,4.59232444200001,3244,1033,3759,KR 29B X CL 22 S,ANTONIO NARINO,C900,SENCILLA,SI,1994/11/30 00:00:00+00,NORMAL,RP-TA,DEFINITIVA,"VEHICULAR, PEATONAL",9,13,3,"2,3,4",N/A,"22,23,24,32,33,34",722.724.732.734,NO,0,Activación de sonoro,3622
-74.11488393,4.59770875599997,3245,751,3760,KR 36 X AC 26 S,PUENTE ARANDA,C900,SENCILLA,SI,2000/07/14 00:00:00+00,NORMAL,RP-TA,DEFINITIVA,"VEHICULAR, PEATONAL",8,8,3,"1,2,3,4",N/A,"21,22,23,34",N/A,NO,0,Brechas,3622
-74.10838563,4.55076124499999,3246,1474,3767,KR 5 X CL 48Q S,RAFAEL URIBE,ACTROS,SENCILLA,SI,2017/04/26 00:00:00+00,NORMAL,BT-TF,DEFINITIVA,"VEHICULAR, PEATONAL",9,9,5,"1,2,3,4",N/A,"21,23,24,33,34",N/A,NO,0,N/A,3614
-74.11143579,4.55744796099998,3247,1457,3768,KR 5L X CL 48J S,RAFAEL URIBE,ACTROS,SENCILLA,SI,2016/08/19 00:00:00+00,NORMAL,R-TF,DEFINITIVA,"VEHICULAR, PEATONAL",7,7,4,"2,4,6,91",N/A,"22,24,34",N/A,NO,0,N/A,3601
-74.15167841,4.58072231400001,3248,1156,3769,AK 51 X CL 58A S,CIUDAD BOLIVAR,C900,SENCILLA,SI,2009/07/30 00:00:00+00,NORMAL,RP-TF,DEFINITIVA,"VEHICULAR, PEATONAL",7,7,3,"3,4,8,92",N/A,"23,24,292",N/A,NO,0,N/A,3510
-74.15390828,4.59735178099999,3249,1697,3811,KR 63 X Entrada a MAKRO,CIUDAD BOLIVAR,NO,DOBLE,NO,2020/10/30 00:00:00+00,NORMAL,CA-TA,DEFINITIVA,"VEHICULAR, PEATONAL",6,18,3,"5,92,3C,4C,4D",N/A,23C,723C,NO,0,N/A,3506
-74.15460407,4.599891689,3250,882,3814,KR 63 X CL 57B S,BOSA,C900,SENCILLA,SI,2004/05/14 00:00:00+00,NORMAL,RP-TF,DEFINITIVA,EXCLUSIVA VEHICULAR,2,2,2,"2,5",N/A,N/A,N/A,NO,0,N/A,3506
-74.10085919,4.568764219,3251,1007,3815,AK 10 X CL 31 S,SAN CRISTOBAL,ACTROS,SENCILLA,SI,2012/06/15 00:00:00+00,NORMAL,CA-TA,DEFINITIVA,"VEHICULAR, PEATONAL",7,7,3,"1,2,4,5","5B,94B#",34,N/A,NO,0,"Conteo, Brechas, Fases por demanda",3606
-74.15086834,4.603423663,3252,867,3816,KR 72J X CL 45 S,KENNEDY,C900,SENCILLA,SI,2004/05/13 00:00:00+00,NORMAL,BT-TF,DEFINITIVA,EXCLUSIVA VEHICULAR,4,4,3,"1,2,3,4",N/A,N/A,N/A,NO,0,N/A,3519
-74.10572252,4.57278532100003,3253,1293,3817,KR 12D X CL 31A S,RAFAEL URIBE,ACTROS,SENCILLA,SI,2012/12/27 00:00:00+00,NORMAL,BT-TA,DEFINITIVA,"VEHICULAR, PEATONAL",9,9,5,"1,2,2A,3,4",N/A,"22,22A,23,24",N/A,NO,0,"Brechas, Fases por demanda, Fases por demanda peatonal",3617
-74.08896971,4.56242456000001,3254,968,3825,AK 4 ESTE X CL 29 S,SAN CRISTOBAL,C900,SENCILLA,SI,2006/10/20 00:00:00+00,NORMAL,BT-TF,DEFINITIVA,"VEHICULAR, PEATONAL",7,7,4,"1,2,3,4",N/A,"21,22,24",N/A,NO,0,N/A,3611
-74.09153464,4.57263901900001,3255,972,3826,KR 6 X CL 22 S,SAN CRISTOBAL,C900,SENCILLA,SI,1998/08/05 00:00:00+00,Desvío - PMT,RP-TF,DEFINITIVA,"VEHICULAR, PEATONAL",6,6,2,"2,3,4",N/A,"22,24,33",N/A,NO,0,N/A,3606
-74.08911725,4.57594827299999,3256,964,3827,KR 6 X CL 17 S,SAN CRISTOBAL,C900,SENCILLA,SI,1993/12/20 00:00:00+00,NORMAL,RP-TA,DEFINITIVA,"VEHICULAR, PEATONAL, CICLISTA",8,8,4,"2,3,6",N/A,"22,23","722,723",42,0,Fases por demanda peatonal sonoro,3606
-74.09474269,4.56930352500001,3257,978,3828,KR 6 X CL 27 S,SAN CRISTOBAL,C900,SENCILLA,SI,2006/10/18 00:00:00+00,NORMAL,RP-TF,DEFINITIVA,EXCLUSIVA PEATONAL,2,2,2,3,N/A,23 (Exc),N/A,NO,0,N/A,3606
-74.09380037,4.57024428800003,3258,977,3829,KR 6 X CL 25 S,SAN CRISTOBAL,C900,SENCILLA,SI,1993/12/20 00:00:00+00,NORMAL,RP-TA,DEFINITIVA,"VEHICULAR, PEATONAL",6,6,3,"2,4",N/A,"22,24,32,34",N/A,NO,0,"Brechas, Fases por demanda, Fases por demanda peatonal",3606
-74.10046796,4.58237729500001,3259,1003,3287,AK 14 X CL 19 S,ANTONIO NARINO,C900,SENCILLA,SI,1990/12/06 00:00:00+00,NORMAL,R-TA,DEFINITIVA,"VEHICULAR, PEATONAL",9,9,3,"1A,2A,3,94","1B,2B","22,23,31",N/A,NO,0,"Conteo, Brechas, Cola - Siguiente Intersección",3605
-74.10248309,4.58126798299998,3260,1014,3288,AK 14 X CL 22 S,ANTONIO NARINO,C900,SENCILLA,SI,1990/12/06 00:00:00+00,NORMAL,R-TA,DEFINITIVA,"VEHICULAR, PEATONAL",12,12,2,"1A,2A,3,4","1B,2B","21,23,24,32,33,34",N/A,NO,0,"Conteo, Brechas",3605
-74.10686442,4.57913146099997,3261,1025,3289,AK 14 X CL 27 S,RAFAEL URIBE,C900,SENCILLA,SI,1998/07/23 00:00:00+00,NORMAL,R-TA,DEFINITIVA,"VEHICULAR, PEATONAL",11,11,3,"1A,2A,4","1B,2B","21,22,24,24A,31,32",N/A,NO,0,"Conteo, Brechas",3605
-74.18311572,4.61323837100002,3262,1540,3290,KR 81A X CL 59 S,BOSA,C900,SENCILLA,SI,2018/03/19 00:00:00+00,NORMAL,BT-TF,DEFINITIVA,"VEHICULAR, PEATONAL",8,8,2,"1,2,3,4",N/A,"21,22,24,33",validar,NO,0,N/A,3419
-74.18721114,4.63670512700003,3263,1545,3291,KR 94 X AC 54 S,BOSA,C900,DOBLE,SI,2018/04/27 00:00:00+00,NORMAL,BT-TF,DEFINITIVA,"VEHICULAR, PEATONAL, CICLISTA",7,21,2,"4,13",N/A,"24,213,241 (Exc)",N/A,"41,42 (Exc)",0,N/A,3424
-74.1878007,4.63790866199997,3264,1546,3291,KR 95A X AC 54 S,BOSA,NO,DOBLE,NO,2018/04/27 00:00:00+00,NORMAL,BT-TF,DEFINITIVA,"VEHICULAR, PEATONAL",14,21,3,"1,2,3,7,8,14",N/A,"21,22,23,214,31,32,33,314",N/A,NO,0,N/A,3424
-74.18425948,4.606281352,3265,932,3292,KR 79C X CL 65 S,BOSA,ACTROS,SENCILLA,SI,2018/03/27 00:00:00+00,NORMAL,BT-TA,DEFINITIVA,"VEHICULAR, PEATONAL",8,8,3,"2,3",N/A,"22,23,33",722.723.733,NO,0,Activación de sonoro,3419
-74.10844367,4.58205584000001,3266,1254,3295,KR 21 X CL 27 S,RAFAEL URIBE,C900,SENCILLA,SI,2012/06/27 00:00:00+00,NORMAL,RP-TF,DEFINITIVA,"VEHICULAR, PEATONAL",5,5,2,"1,4",N/A,"21,24,34",N/A,NO,0,N/A,3605
-74.11059442,4.58875421499999,3267,1030,3298,KR 27 X CL 26 S,RAFAEL URIBE,ACTROS,SENCILLA,SI,1990/09/18 00:00:00+00,NORMAL,BT-TF,DEFINITIVA,"VEHICULAR, PEATONAL",7,7,3,"1,2,5,6",N/A,"21,32,35",N/A,NO,0,N/A,3618
-74.10967667,4.58433019,3268,1029,3299,KR 24 X CL 27 S,RAFAEL URIBE,C900,DOBLE,SI,1988/04/14 00:00:00+00,NORMAL,BT-TF,DEFINITIVA,"VEHICULAR, PEATONAL",4,11,3,"1,4,6,12",N/A,"21,24",N/A,NO,0,N/A,3524
-74.11091882,4.58425623400001,3269,1032,3299,KR 24 X CL 28 S,RAFAEL URIBE,NO,DOBLE,NO,1988/04/14 00:00:00+00,NORMAL,BT-TF,DEFINITIVA,"VEHICULAR, PEATONAL",3,11,3,"2,3,11",N/A,"22,23",N/A,NO,0,N/A,3524
-74.1613028,4.58991964299997,3270,1120,3770,AK 70C X CL 62B S,CIUDAD BOLIVAR,C900,DOBLE,SI,2000/07/14 00:00:00+00,NORMAL,BT-TA,DEFINITIVA,"VEHICULAR, PEATONAL",7,14,3,"1,4,5,12",N/A,"24,212,312",N/A,NO,0,"Brechas, Fases por demanda",3517
-74.16126486,4.58950361400002,3271,1121,3770,AK 70C X CL 63 S,CIUDAD BOLIVAR,NO,DOBLE,NO,2000/07/14 00:00:00+00,NORMAL,BT-TA,DEFINITIVA,"VEHICULAR, PEATONAL",7,14,4,"2,3,6,11,911",N/A,"23,211",N/A,NO,0,"Brechas, Fases por demanda",3517
-74.10084909,4.565118106,3272,1212,3771,KR 7A X CL 34 S,SAN CRISTOBAL,C900,SENCILLA,SI,2011/02/15 00:00:00+00,NORMAL,RP-TF,DEFINITIVA,"VEHICULAR, PEATONAL",7,7,2,"1,2,3,4",N/A,"21,23,24",N/A,NO,0,N/A,3606
-74.09994837,4.56023234899999,3273,1187,3772,KR 3C X CL 37A S,SAN CRISTOBAL,C900,SENCILLA,SI,2010/03/10 00:00:00+00,NORMAL,BT-TA,DEFINITIVA,"VEHICULAR, PEATONAL",7,7,4,"1,2,3,4",N/A,"21,22,24",N/A,NO,0,"Brechas, Fases por demanda",3612
-74.09880753,4.558924101,3274,1164,3773,KR 3B X CL 37A S,SAN CRISTOBAL,NO,DOBLE,NO,2009/11/20 00:00:00+00,NORMAL,BT-TA,DEFINITIVA,"VEHICULAR, PEATONAL",5,10,3,"4,4A,13",N/A,"24,24A",N/A,NO,0,Brechas,3612
-74.09839323,4.55797482200001,3275,1165,3773,KR 5 X CL 37A S,SAN CRISTOBAL,C900,DOBLE,SI,2009/11/20 00:00:00+00,NORMAL,BT-TA,DEFINITIVA,"VEHICULAR, PEATONAL",5,10,3,"3,14,3A",N/A,"23,23A",N/A,NO,0,Brechas,3612
-74.10808977,4.56382537399998,3276,1379,3774,KR 10 X KR 9F,RAFAEL URIBE,ACTROS,DOBLE,SI,2015/03/19 00:00:00+00,NORMAL,BT-TF,DEFINITIVA,"VEHICULAR, PEATONAL",8,13,4,"1,4,5,12,64",N/A,"21,24,312",N/A,NO,0,N/A,3613
-74.10821828,4.56357413199999,3277,1422,3774,KR 10 X CL 43 S,RAFAEL URIBE,NO,DOBLE,NO,2015/03/19 00:00:00+00,NORMAL,BT-TF,DEFINITIVA,"VEHICULAR, PEATONAL",5,13,4,"2,3,11",N/A,"22,23",N/A,NO,0,N/A,3613
-74.10226182,4.56724362699998,3278,1012,3775,AK 10 X CL 34 S,SAN CRISTOBAL,ACTROS,DOBLE,SI,2000/09/19 00:00:00+00,NORMAL,CA-TA,DEFINITIVA,"VEHICULAR, PEATONAL",7,15,4,"1,4,5,12",N/A,"24,31,212",N/A,NO,0,Conteo,3606
-74.10310351,4.56639186500001,3279,1556,3775,AK 10 X CL 35 S,SAN CRISTOBAL,NO,DOBLE,NO,2018/07/03 00:00:00+00,NORMAL,CA-TA,DEFINITIVA,"VEHICULAR, PEATONAL",8,15,4,"2,3,11,15",N/A,"22,23,33,311",N/A,NO,0,Conteo,3606
-74.09191501,4.55416633200002,3280,973,3776,AK 4 ESTE X AC 37 S,SAN CRISTOBAL,C900,SENCILLA,SI,2004/10/04 00:00:00+00,NORMAL,BT-TA,DEFINITIVA,"VEHICULAR, PEATONAL",3,3,3,"1,3,4",N/A,21-23-24,N/A,NO,0,"Brechas, Fases por demanda",3611
-74.09606309,4.56735277299998,3281,1222,3830,KR 5A X CL 30A S,SAN CRISTOBAL,C900,SENCILLA,SI,2011/06/23 00:00:00+00,NORMAL,RP-TF,DEFINITIVA,"VEHICULAR, PEATONAL",6,6,3,"1,3,4",N/A,"21,23,24",N/A,NO,0,"Brechas, Fases por demanda, Fases por demanda peatonal",3606
-74.11546361,4.59235836900001,3282,1043,3831,KR 30 X CL 30 S,ANTONIO NARINO,C900,SENCILLA,SI,1993/12/21 00:00:00+00,Desvío - PMT,BT-TF,DEFINITIVA,"VEHICULAR, PEATONAL",10,10,3,"1,2,3,4,11,12",N/A,"22,24,33,311",N/A,NO,0,"Conteo, Brechas",3622
-74.09911489,4.570866088,3283,1271,3832,AK 10 X CL 28 S,SAN CRISTOBAL,ACTROS,SENCILLA,SI,2012/08/31 00:00:00+00,NORMAL,CA-TA,DEFINITIVA,"VEHICULAR, PEATONAL",8,8,2,"1A,2A","1B,2B","21,22 (Exc)","721, 722",NO,0,Activación de sonoro,3606
-74.12806404,4.59090217699998,3284,1384,3833,KR 50 X DG 40B S,TUNJUELITO,C900,SENCILLA,SI,2014/07/10 00:00:00+00,NORMAL,BT-TA,DEFINITIVA,EXCLUSIVA PEATONAL,6,6,2,"1,2",N/A,"21,22 (Exc)",722,NO,0,Fases por demanda peatonal sonoro,3524
-74.12835031,4.58828508300002,3285,1385,3834,KR 50 X DG 42 S,TUNJUELITO,C900,SENCILLA,SI,2014/07/10 00:00:00+00,NORMAL,BT-TA,DEFINITIVA,"VEHICULAR, PEATONAL",9,9,2,"1,2,94",N/A,"21,22,294","721, 722, 7294",NO,0,"Brechas, Fases por demanda, Activación de sonoro",3524
-74.09918011,4.56656664600001,3286,1219,3835,KR 7A X CL 31 S,SAN CRISTOBAL,C900,SENCILLA,SI,2011/05/26 00:00:00+00,NORMAL,RP-TF,DEFINITIVA,"VEHICULAR, PEATONAL",16,16,3,"1,2,3,4,11,12",N/A,"21,22,23,24,33,34","721, 722, 724, 733",NO,0,Activación de sonoro,3606
-74.09818985,4.56546470000001,3287,1221,3837,KR 5A X CL 31 S,SAN CRISTOBAL,C900,SENCILLA,SI,2011/06/23 00:00:00+00,NORMAL,RP-TA,DEFINITIVA,"VEHICULAR, PEATONAL",7,11,2,"1,3,11",N/A,"21,23,211,391","721, 723, 7211, 7391",NO,0,Activación de sonoro,3606
-74.12996856,4.60290223999999,3288,798,3840,KR 52A X CL 37 S,PUENTE ARANDA,C900,DOBLE,SI,1993/12/21 00:00:00+00,NORMAL,BT-TF,DEFINITIVA,"VEHICULAR, PEATONAL, CICLISTA",7,15,4,"1,4,13",N/A,"21,213 (Reg)",N/A,"41, 44",0,N/A,3502
-74.13072528,4.60368544300002,3289,801,3840,KR 52C X CL 37 S,PUENTE ARANDA,NO,DOBLE,NO,1993/12/21 00:00:00+00,NORMAL,BT-TF,DEFINITIVA,"VEHICULAR, PEATONAL",8,15,3,"1A,2,3,14",N/A,"21A,22,23,214 (Reg)",N/A,NO,0,N/A,3502
-74.13316568,4.599969988,3290,810,3842,KR 52C X CL 40 S,PUENTE ARANDA,C900,SENCILLA,SI,1994/11/29 00:00:00+00,NORMAL,BT-TF,DEFINITIVA,"VEHICULAR, PEATONAL",4,4,3,"1,3",N/A,"21,33",N/A,NO,0,N/A,3502
-74.11304645,4.58868849300001,3291,1044,3300,KR 27 X CL 29 S,RAFAEL URIBE,NO,DOBLE,NO,2006/09/21 00:00:00+00,NORMAL,BT-TF,DEFINITIVA,"VEHICULAR, PEATONAL",7,14,3,"1,7,12,93",N/A,"23,31,212",N/A,NO,0,N/A,3618
-74.11445752,4.588536901,3292,1045,3300,KR 27 X CL 30 S,RAFAEL URIBE,ACTROS,DOBLE,SI,2006/09/21 00:00:00+00,NORMAL,BT-TF,DEFINITIVA,"VEHICULAR, PEATONAL",7,14,3,"2,4,5,11",N/A,"24,32,211",N/A,NO,0,N/A,3618
-74.12270325,4.58980021000002,3293,1186,3301,KR 27 X CL 38A S,ANTONIO NARINO,C900,SENCILLA,SI,2010/03/26 00:00:00+00,NORMAL,BT-TA,DEFINITIVA,"VEHICULAR, PEATONAL",4,4,2,"4,91",N/A,"24,291",N/A,NO,0,"Brechas, Fases por demanda, Fases por demanda peatonal",3618
-74.11980138,4.58312795699999,3294,1475,3302,KR 25 X CL 36 S,RAFAEL URIBE,C900,SENCILLA,SI,2017/03/19 00:00:00+00,NORMAL,BT-TA,DEFINITIVA,"VEHICULAR, PEATONAL",13,18,3,"1,2,3,4,6,11,91",N/A,"21,22,23,24,33,34",721.722.724.733.793,NO,0,Activación de sonoro,3524
-74.13232772,4.61131982199998,3295,1630,3303,KR 68H X AC 26 S,KENNEDY,C900,SENCILLA,SI,2019/07/21 00:00:00+00,PMT,BT-TA,DEFINITIVA,"VEHICULAR, PEATONAL",8,8,2,"3,4,91,92",N/A,"23,24,291,292",N/A,NO,0,"Conteo, Brechas, Fases por demanda, Fases por demanda peatonal",3504
-74.18602037,4.60952452800001,3296,1663,3305,KR 80I X CL 65 SUR,BOSA,C900,SENCILLA,SI,2021/02/16 00:00:00+00,NORMAL,BT-TF,DEFINITIVA,"VEHICULAR, PEATONAL, CICLISTA",8,8,3,"1,3",N/A,"21,23,31,33",N/A,"41,42",0,Activación de sonoro,3419
-74.14060677,4.60631050400002,3297,1664,3306,KR 68L X CL 39 SUR,KENNEDY,C900,SENCILLA,SI,2021/02/23 00:00:00+00,NORMAL,RP-TA,DEFINITIVA,"VEHICULAR, PEATONAL",9,13,3,"1,2,3,4,93",N/A,"21,22,23,24",721.722.723.724,NO,0,N/A,3505
-74.15238032,4.57079122900001,3298,1688,3308,KR 38 X CL 64 SUR,CIUDAD BOLIVAR,C900,SENCILLA,SI,2020/12/11 00:00:00+00,NORMAL,RP-TF,DEFINITIVA,"VEHICULAR, PEATONAL",6,6,5,"1,2,2A,4",N/A,"21,24",N/A,NO,0,N/A,3510
-74.15416385,4.59876914199998,3299,1696,3309,KR 63 X CL 57C S,CIUDAD BOLIVAR,C900,SENCILLA,SI,2020/10/29 00:00:00+00,NORMAL,RP-TA,DEFINITIVA,"VEHICULAR, PEATONAL",6,8,4,"1,2,3,5",N/A,"22,33 (Reg)","723, 733",NO,0,"Fases por demanda, Cola - Siguiente Intersección, Activación de sonoro",3506
-74.11913982,4.61294737999998,3300,1689,3310,TV 53 X CL 2 (Costado Sur),PUENTE ARANDA,C900,SENCILLA,SI,2020/12/12 00:00:00+00,NORMAL,BT-TF,DEFINITIVA,"VEHICULAR, PEATONAL, CICLISTA",6,6,5,"1,2,3",N/A,22,N/A,"41,42",0,N/A,3526
-74.11255833,4.55508888899999,3301,1034,3777,KR 5L X CL 48P S,RAFAEL URIBE,ACTROS,DOBLE,SI,1993/12/21 00:00:00+00,NORMAL,R-TA,DEFINITIVA,"VEHICULAR, PEATONAL",6,11,3,"2,4,13,62",N/A,"32,213",N/A,NO,0,"Conteo, Brechas",3601
-74.11295208,4.55518121799997,3302,1036,3777,KR 5L BIS Y TV 5P X CL 48P S,RAFAEL URIBE,NO,DOBLE,NO,1993/12/21 00:00:00+00,NORMAL,R-TA,DEFINITIVA,"VEHICULAR, PEATONAL",5,11,4,"1,3,14",N/A,"21,23",N/A,NO,0,"Conteo, Brechas",3601
-74.11481449,4.55335365500002,3303,1130,3778,KR 5L X CL 49 S,RAFAEL URIBE,ACTROS,SENCILLA,SI,2006/12/11 00:00:00+00,NORMAL,R-TA,DEFINITIVA,"VEHICULAR, PEATONAL",5,5,3,"1,2,3",N/A,"22,23",N/A,NO,0,"Conteo, Brechas",3601
-74.13320336,4.58548961600002,3304,1090,3779,KR 33 X CL 48C S,TUNJUELITO,NO,DOBLE,NO,1993/12/21 00:00:00+00,NORMAL,BT-TA,DEFINITIVA,"VEHICULAR, PEATONAL",6,19,2,"1,4,12",N/A,"21,24,312",N/A,NO,0,Brechas,3524
-74.13407142,4.58536074300002,3305,1091,3779,KR 33 X CL 49A S,TUNJUELITO,ACTROS,DOBLE,SI,2004/07/22 00:00:00+00,NORMAL,BT-TA,DEFINITIVA,"VEHICULAR, PEATONAL",3,19,3,"2,3,11",N/A,22-23-211-311-32-33,"722, 723, 733, 7311",NO,0,"Brechas, Activación de sonoro",3524
-74.09998644,4.563886905,3306,1391,3780,KR 5A X CL 34 S,SAN CRISTOBAL,C900,SENCILLA,SI,2000/10/09 00:00:00+00,NORMAL,RP-TF,DEFINITIVA,"VEHICULAR, PEATONAL",6,6,3,"1,2,3,4",N/A,"22,23",N/A,NO,0,N/A,3606
-74.08633028,4.55149668000001,3307,959,3781,KR 9 E X CL 36L S,SAN CRISTOBAL,C900,SENCILLA,SI,2006/09/14 00:00:00+00,NORMAL,BT-TF,DEFINITIVA,"VEHICULAR, PEATONAL",5,5,2,"1,3,4",N/A,"21,23",N/A,NO,0,N/A,3611
-74.14234122,4.61918440300002,3308,840,3782,KR 72N X AC 26 S,KENNEDY,ACTROS,SENCILLA,SI,2007/10/26 00:00:00+00,PMT,BT-TF,DEFINITIVA,"VEHICULAR, PEATONAL",6,6,2,"3,4",N/A,"23, 24 ","723, 724 Desconectados",NO,0,"Conteo, Brechas, Cola - Siguiente Intersección, Activación de sonoro",3531
-74.17093347,4.61359067199999,3309,917,3783,TV 78N X CL 53 S,KENNEDY,ACTROS,DOBLE,SI,2000/10/09 00:00:00+00,NORMAL,BT-TA,DEFINITIVA,"VEHICULAR, PEATONAL",10,18,4,"1,4,7,13,91",N/A,"21,24,37,213,291",N/A,NO,0,"Conteo, Brechas, Fases por demanda",3527
-74.17185218,4.61328899900002,3310,918,3783,KR 79 X TV 79,KENNEDY,NO,DOBLE,NO,2000/10/09 00:00:00+00,NORMAL,BT-TA,DEFINITIVA,"VEHICULAR, PEATONAL",8,18,3,"2,3,8,14",N/A,"22,23,38,214",N/A,NO,0,"Conteo, Brechas, Fases por demanda",3527
-74.11558259,4.51306606000003,3311,1320,3843,AK 14 X CL 76 S,USME,C900,SENCILLA,SI,2013/10/08 00:00:00+00,NORMAL,R-TF,DEFINITIVA,"VEHICULAR, PEATONAL",7,7,3,"1,2,3,4",N/A,"21,23,24",N/A,NO,0,Cola - Siguiente Intersección,3626
-74.13466332,4.59767512899998,3312,816,3844,KR 52C X CL 42 S,PUENTE ARANDA,C900,SENCILLA,SI,1994/01/29 00:00:00+00,NORMAL,BT-TF,DEFINITIVA,"VEHICULAR, PEATONAL",4,4,2,"1,4",N/A,"21,24",N/A,NO,0,N/A,3502
-74.11698066,4.51629653600003,3313,1047,3845,AK 14 X CL 74A S,USME,C900,SENCILLA,SI,2008/01/22 00:00:00+00,NORMAL,R-TF,DEFINITIVA,EXCLUSIVA PEATONAL,4,4,2,"1,2","1,2","21,22 (Exc)",N/A,NO,0,N/A,3625
-74.14213422,4.58929232999998,3314,1108,3846,KR 54 X DG 52 S,TUNJUELITO,C900,SENCILLA,SI,2004/07/14 00:00:00+00,NORMAL,BT-TF,DEFINITIVA,"VEHICULAR, PEATONAL",7,7,3,"1,2,3,93",N/A,"22,23,31",N/A,NO,0,N/A,3514
-74.13588343,4.59198415999998,3315,1093,3847,KR 52A X DG 47A S,TUNJUELITO,C900,SENCILLA,SI,2004/09/09 00:00:00+00,NORMAL,BT-TF,DEFINITIVA,"VEHICULAR, PEATONAL",4,4,2,"2,4",N/A,"22,24",N/A,NO,0,N/A,3515
-74.13845599,4.59155072099998,3316,1099,3848,KR 53 X DG 49 S,TUNJUELITO,C900,SENCILLA,SI,1994/02/12 00:00:00+00,NORMAL,BT-TF,DEFINITIVA,"VEHICULAR, PEATONAL",15,15,4,"1,2,3",N/A,"21,22,23,31,32,33",721 722 723 731 732 (Desconectados),NO,0,N/A,3503
-74.13827138,4.59246571699998,3317,1097,3849,KR 53 X DG 47A S,TUNJUELITO,C900,DOBLE,SI,1995/03/05 00:00:00+00,NORMAL,BT-TF,DEFINITIVA,"VEHICULAR, PEATONAL",9,16,3,"2,3,11",N/A,"22,23,32,33,211,311",N/A,NO,0,N/A,3503
-74.13805965,4.59337196600001,3318,1646,3849,KR 53 X DG 46A S,TUNJUELITO,NO,DOBLE,NO,2023/04/03 00:00:00+00,PMT,BT-TF,PROVISIONAL_PMT,"VEHICULAR, PEATONAL",7,16,3,"1,12,4",N/A,"21,24,34,312",N/A,NO,0,N/A,3503
-74.13838338,4.58979135599998,3319,1098,3850,TV 44 X CL 50B S,TUNJUELITO,NO,DOBLE,NO,2000/09/09 00:00:00+00,NORMAL,BT-TF,DEFINITIVA,"VEHICULAR, PEATONAL",7,13,3,"2,4,13",N/A,"22,24,32,313",N/A,NO,0,N/A,3503
-74.13877103,4.58961876000001,3320,1101,3850,TV 44 X CL 51 S,TUNJUELITO,C900,DOBLE,SI,2000/09/09 00:00:00+00,NORMAL,BT-TF,DEFINITIVA,"VEHICULAR, PEATONAL",6,13,3,"1,3,7,14",N/A,"21,23",N/A,NO,0,N/A,3503
-74.1416367,4.58811367099997,3321,1107,3851,TV 44 X KR 54 Y CL 53A S,TUNJUELITO,C900,SENCILLA,SI,2004/04/16 00:00:00+00,NORMAL,BT-TF,DEFINITIVA,"VEHICULAR, PEATONAL",7,7,3,"1,3,4,94",N/A,"21,23,294",N/A,NO,0,N/A,3514
-74.13653953,4.54611020800002,3322,1700,3311,KR 17 X CL 71 BIS S,CIUDAD BOLIVAR,C900,SENCILLA,SI,2020/12/24 00:00:00+00,NORMAL,RP-TF,DEFINITIVA,EXCLUSIVA PEATONAL,4,4,2,"1,2",N/A,"21,22 (Exc)",N/A,NO,0,N/A,3511
-74.15815346,4.61325856600001,3323,1710,3312,KR 78 X CL 42 S,KENNEDY,C900,SENCILLA,SI,2022/10/18 00:00:00+00,NORMAL,BT-TF,DEFINITIVA,"VEHICULAR, PEATONAL",7,7,3,"1,3,4,4A",N/A,"21,23,34",N/A,NO,0,N/A,3531
-74.15178171,4.61323270100002,3324,1722,3313,KR 73 X CL 40C SUR,KENNEDY,C900,DOBLE,SI,2022/10/11 00:00:00+00,NORMAL,BT-TF,DEFINITIVA,"VEHICULAR, PEATONAL",8,16,4,"1,3A,4,12",N/A,"21,23A,24",N/A,NO,0,N/A,3531
-74.15161508,4.61280841500002,3325,1262,3313,KR 72R X CL 40C SUR,KENNEDY,NO,DOBLE,NO,2022/10/11 00:00:00+00,NORMAL,BT-TF,DEFINITIVA,"VEHICULAR, PEATONAL",8,16,3,"2,2A,3,11",N/A,"22,23,33,311",N/A,NO,0,N/A,3531
-74.14625007,4.617683978,3326,1712,3314,KR 73 X CL 37 SUR,KENNEDY,C900,DOBLE,SI,2022/09/07 00:00:00+00,PMT,BT-TF,PROVISIONAL_PMT,"VEHICULAR, PEATONAL, CICLISTA",4,10,2,12,N/A,33,N/A,"41, 412",0,N/A,3531
-74.14663605,4.61735867499999,3327,1723,3314,KR 73 X DG 37 SUR,KENNEDY,NO,DOBLE,NO,2022/09/07 00:00:00+00,PMT,BT-TF,PROVISIONAL_PMT,"VEHICULAR, PEATONAL, CICLISTA",6,10,2,"2, 3",N/A,"22, 23",N/A,"42, 411",0,N/A,3531
-74.11927166,4.61326219099999,3328,1715,3317,TV 53 X CL 2  (Costado Norte),PUENTE ARANDA,C900,SENCILLA,SI,2021/03/12 00:00:00+00,NORMAL,BT-TF,DEFINITIVA,"VEHICULAR, PEATONAL",6,6,3,"1,2,3,4",N/A,"22,23",N/A,NO,0,N/A,3526
-74.133915,4.611267,3329,1876,3316,KR 68I X CL 31 S,KENNEDY,sX,DOBLE,SI,2024/12/14 00:00:00+00,PMT,RP-TF,PROVISIONAL_PMT,"VEHICULAR, PEATONAL",6,13,3,"1,2,3A",N/A,"22, 23A,31",N/A,NO,0,N/A,3504
-74.133306,4.61188600000003,3330,1877,3316,KR 68I X AC 26 S,KENNEDY,NO,DOBLE,NO,2024/12/14 00:00:00+00,PMT,RP-TF,PROVISIONAL_PMT,"VEHICULAR, PEATONAL",7,13,2,"3,4,92",N/A,"23,24,292,393",N/A,NO,0,N/A,3504
-74.16632638,4.62680221400001,3331,1717,3319,KR 81G X CL 42A S,KENNEDY,C900,SENCILLA,SI,2021/09/07 00:00:00+00,PMT,BT-TF,PROVISIONAL_PMT,"VEHICULAR, PEATONAL",4,4,3,"3, 4",N/A,"24, 32",N/A,NO,0,N/A,3405
-74.19581082,4.62887092800003,3332,1732,3320,KR 91 X CL 63 SUR,BOSA,C900,SENCILLA,SI,2021/06/29 00:00:00+00,NORMAL,BT-TF,DEFINITIVA,"VEHICULAR, PEATONAL, CICLISTA",17,17,4,"1, 2, 3, 4, 5, 7,94",N/A,"21, 22, 23, 24, 32, 33, 34,294",N/A,44,0,N/A,3422
-74.10988738,4.59640572799998,3333,727,3326,KR 30 X CL 17 S,ANTONIO NARINO,C900,SENCILLA,SI,1989/12/01 00:00:00+00,NORMAL,BT-TA,DEFINITIVA,"VEHICULAR, PEATONAL",9,9,4,"1,2,3,4,5",N/A,"22,23,24,31",N/A,NO,0,"Brechas, Fases por demanda vehicular ",3622
-74.14532404,4.59097452899999,3334,1113,3784,TV 60 X DG 51 S,TUNJUELITO,ACTROS,SENCILLA,SI,1993/12/07 00:00:00+00,NORMAL,BT-TF,DEFINITIVA,"VEHICULAR, PEATONAL",6,6,2,"1,2,4",N/A,"21,24,32",N/A,NO,0,N/A,3524
-74.17473473,4.61450287399998,3335,921,3785,AK 80 X AC 55 S,KENNEDY,ACTROS,SENCILLA,SI,1996/03/16 00:00:00+00,NORMAL,CA-TA,DEFINITIVA,"VEHICULAR, PEATONAL",10,10,3,"1,2,3,4,92",N/A,"21,24,32,33,292",N/A,NO,0,"Conteo, Brechas, Fases por demanda",3527
-74.14477808,4.61890939599999,3336,847,3786,TV 72N X CL 35B S,KENNEDY,ACTROS,SENCILLA,SI,2000/10/01 00:00:00+00,PMT,BT-TF,DEFINITIVA,"VEHICULAR, PEATONAL",8,8,4,"1,1A,3,4",N/A,"21,24,33,31",N/A,NO,0,N/A,3531
-74.14211848,4.59034681499998,3337,1455,3788,AK 54 X DG 51 S,TUNJUELITO,C900,SENCILLA,SI,2016/08/10 00:00:00+00,NORMAL,BT-TF,DEFINITIVA,"VEHICULAR, PEATONAL",11,11,4,"1,2,4,6,8,94",N/A,"21,22,24,31,32",N/A,NO,0,N/A,3514
-74.15660058,4.61987062700001,3338,1288,3789,TV 78K X CL 41 S,KENNEDY,ACTROS,SENCILLA,SI,2012/12/20 00:00:00+00,NORMAL,BT-TA,DEFINITIVA,"VEHICULAR, PEATONAL, CICLISTA",13,13,5,"1, 2, 6, 7, 91, 93",N/A,"22,27,31",validar,41,0,N/A,3531
-74.17356805,4.61532404799999,3339,1468,3790,AK 80 X CL 54 S,KENNEDY,C900,SENCILLA,SI,2017/06/29 00:00:00+00,NORMAL,BT-TF,DEFINITIVA,"VEHICULAR, PEATONAL",8,8,3,"1,2,3",N/A,"21,22,23,31,32","721,722,723,731,732",NO,0,N/A,3527
-74.14201483,4.60645422499999,3340,837,3791,AK 72 X CL 39B S Y KR 68L,KENNEDY,C900,SENCILLA,SI,1993/12/22 00:00:00+00,NORMAL,CA-TA,DEFINITIVA,"VEHICULAR, PEATONAL",8,8,2,"1,2,3,4",N/A,"22,23,24,31",N/A,NO,0,"Conteo, Brechas",3505
-74.13598187,4.59851356000001,3341,821,3792,AK 68 X CL 39F S,KENNEDY,C900,SENCILLA,SI,1995/01/06 00:00:00+00,PMT,BT-TF,DEFINITIVA,"VEHICULAR, PEATONAL, CICLISTA",9,9,3,"1,2,3,4",N/A,"22,23,31",N/A,"41, 42",0,N/A,3502
-74.16790513,4.61981028399998,3342,912,3793,AK 80 X CL 46 S,KENNEDY,ACTROS,DOBLE,SI,1993/12/20 00:00:00+00,NORMAL,R-TF,DEFINITIVA,"VEHICULAR, PEATONAL",6,14,2,"1,3,6,12",N/A,"23,212",N/A,NO,0,"Conteo, Brechas, Fases por demanda, Fases por demanda peatonal",3509
-74.16900652,4.618751997,3343,914,3793,AK 80 X CL 47B S,KENNEDY,NO,DOBLE,NO,1993/12/20 00:00:00+00,NORMAL,R-TF,DEFINITIVA,"VEHICULAR, PEATONAL",8,14,4,"2,4,5,11,92",N/A,"24,34,211",N/A,NO,0,"Conteo, Brechas, Fases por demanda, Fases por demanda peatonal",3509
-74.1415407,4.59314606999999,3344,1106,3852,KR 54 X DG 47A S,TUNJUELITO,C900,DOBLE,SI,2004/07/14 00:00:00+00,NORMAL,BT-TF,DEFINITIVA,"VEHICULAR, PEATONAL",9,17,2,"1,1A,12",N/A,"21,21A,31A","721,721A,731A",NO,0,Activación de sonoro,3514
-74.14174349,4.59221033300003,3345,1645,3852,KR 54 X DG 49 S,TUNJUELITO,NO,DOBLE,NO,2023/04/04 00:00:00+00,PMT,BT-TF,PROVISIONAL_PMT,"VEHICULAR, PEATONAL",8,17,3,"2,3,5,11",N/A,"22,23,25,211",N/A,NO,0,N/A,3514
-74.120639,4.54388799999998,3346,1052,3853,AV CARACAS X CL 56 S,USME,C900,DOBLE,SI,1993/12/30 00:00:00+00,PMT,BT-TA,DEFINITIVA,"VEHICULAR, PEATONAL",21,21,3,"1A,2A,94,101","1B,2B","21,22,31,32,294, 2101","721, 722,731, 732, 7294, 72101","41,42,4111",0,N/A,3616
-74.11402728,4.50783927200001,3347,1041,3854,AK 14 X CL 84 S,USME,C900,SENCILLA,SI,1993/12/07 00:00:00+00,NORMAL,CA-TA,DEFINITIVA,"VEHICULAR, PEATONAL",13,13,5,"1,2,3,4,7,8,63",N/A,"22,23,24,28,33,34",N/A,NO,0,"Conteo, Brechas, Fases por demanda vehicular",3626
-74.12217351,4.55775218600002,3348,1056,3855,KR 9 X AC 51 S,TUNJUELITO,C900,SENCILLA,SI,2002/01/18 00:00:00+00,PMT,RP-TA,DEFINITIVA,"VEHICULAR, PEATONAL",17,17,3,"1A,2A,3","1B,2B","21,22,23,31,32,33","721, 722,723,731,732, 733",NO,0,N/A,3604
-74.12272894,4.55842523199999,3349,1058,3856,KR 10 X AC 51 S,TUNJUELITO,ACTROS,SENCILLA,SI,2004/09/29 00:00:00+00,PMT,R-TF,DEFINITIVA,"VEHICULAR, PEATONAL",9,9,2,"1A, 2A,4","1B,2B","21,24,32,34",N/A,NO,0,N/A,3604
-74.11441117,4.50607558399997,3350,1040,3857,AK 14 X CL 91 S,USME,C900,SENCILLA,SI,2001/09/10 00:00:00+00,NORMAL,R-TA,DEFINITIVA,"VEHICULAR, PEATONAL",5,5,2,"1,2,4",N/A,"22,24",N/A,NO,0,"Conteo, Brechas, Cola, Fases por demanda peatonal",3626
-74.11962354,4.52757648199997,3351,1054,3858,KR 13 X CABECERA SUR PORTAL USME,USME,C900,QUINTUPLE,SI,2004/08/26 00:00:00+00,NORMAL,R-TA,DEFINITIVA,"VEHICULAR, PEATONAL",7,31,2,"12, 13", 1B,"212, 31B","731B,7212 desconectados",NO,0,Activación de sonoro,3625
-74.1199477,4.52710133400001,3352,1318,3858,AK 14 X CABECERA SUR PORTAL USME,USME,NO,QUINTUPLE,NO,2004/08/26 00:00:00+00,PMT,R-TA,DEFINITIVA,"VEHICULAR, PEATONAL",9,31,2,"1,1A, 3,4, 5",N/A,"21, 23","723, 721 desconectados",NO,0,"Conteo, Brechas, Activación de sonoro",3625
-74.12046363,4.52754929399998,3353,1319,3858,AK 14 X KR 13,USME,NO,QUINTUPLE,NO,2004/08/26 00:00:00+00,NORMAL,R-TA,DEFINITIVA,"VEHICULAR, PEATONAL",4,31,2,11A,11B,211A,7211A desconectados,NO,0,"Conteo, Activación de sonoro",3625
-74.11252904,4.59448334799998,3354,1035,3327,KR 30 X CL 22 S,ANTONIO NARINO,C900,SENCILLA,SI,2000/12/15 00:00:00+00,NORMAL,BT-TF,DEFINITIVA,"VEHICULAR, PEATONAL",12,12,3,"1,2,3,4",N/A,"21,22,23,24,31,32,33,34",N/A,NO,0,Conteo,3622
-74.125839,4.619664,3355,1825,3349,AK 68 X CL 3 SUR,KENNEDY,NO,DOBLE,NO,2024/06/17 00:00:00+00,Desvío - PMT,BT-TF,PROVISIONAL_PMT,"VEHICULAR, PEATONAL",6,12,2,"1,12,12A",N/A,"21,212",N/A,41,0,N/A,3508
-74.126156,4.61821700000002,3356,1788,3349,KR 68 X CL 8 SUR,KENNEDY,C900,DOBLE,SI,2023/10/12 00:00:00+00,PMT,BT-TF,PROVISIONAL_PMT,"VEHICULAR, PEATONAL, CICLISTA",6,12,2,"2,2A,11",N/A,"22,211",N/A,411,0,N/A,3508
-74.12428298,4.624280548,3357,788,3350,AK 68 X AC 3,PUENTE ARANDA,ACTROS,SENCILLA,SI,1993/10/12 00:00:00+00,PMT,BT-TF,DEFINITIVA,"VEHICULAR, PEATONAL, CICLISTA",7,7,2,"1,2",N/A,"21,22,35",N/A,"41,42",0,N/A,3508
-74.11896462,4.61898483499999,3358,1127,3351,KR 54 X AC 3,PUENTE ARANDA,ACTROS,SENCILLA,SI,2006/12/05 00:00:00+00,NORMAL,BT-TA,DEFINITIVA,"VEHICULAR, PEATONAL",8,8,3,"2,3,4,12",N/A,"22,24,312,33",N/A,NO,0,"Conteo, Brechas",3508
-74.11251894,4.61334862799998,3359,1152,3352,KR 41 X AC 3,PUENTE ARANDA,C900,SENCILLA,SI,2009/07/16 00:00:00+00,NORMAL,BT-TF,DEFINITIVA,EXCLUSIVA PEATONAL,4,4,2,"3,4",N/A,"23,24 (Exc)",N/A,NO,0,N/A,3619
-74.10876283,4.60949109000001,3360,1151,3353,KR 38 X AC 3,PUENTE ARANDA,C900,SENCILLA,SI,2009/07/17 00:00:00+00,NORMAL,BT-TF,DEFINITIVA,"VEHICULAR, PEATONAL",8,8,3,"1,2,3,4",N/A,"21,22,24,33",N/A,NO,0,N/A,3624
-74.11529129,4.605921024,3361,1278,3354,KR 40 X AC 8 S,PUENTE ARANDA,C900,SENCILLA,SI,2012/10/26 00:00:00+00,NORMAL,BT-TF,DEFINITIVA,"VEHICULAR, PEATONAL",8,8,3,"1,2,3,4",N/A,"21,22,23,34",N/A,NO,0,N/A,3526
-74.13303337,4.62000905399998,3362,908,3378,KR 70B X CL 3 S,KENNEDY,C900,SENCILLA,SI,2017/12/07 00:00:00+00,NORMAL,BT-TF,DEFINITIVA,"VEHICULAR, PEATONAL",10,10,2,"1,2,3,4",N/A,"21,22,23,24,31,32","721, 722, 723, 724, 731, 732",NO,0,N/A,3523
-74.13882765,4.62114455800003,3363,874,3379,AK 72 X CL 2A S,KENNEDY,C900,SENCILLA,SI,2017/12/06 00:00:00+00,NORMAL,CA-TF,DEFINITIVA,"VEHICULAR, PEATONAL",7,7,4,"1,2,92,94",N/A,"21,22,294",N/A,NO,0,"Conteo, Cola - Siguiente Intersección",3507
-74.09964431,4.58653812,3364,1470,3380,KR 18 X CL 15 S,ANTONIO NARINO,sX,SENCILLA,SI,2016/12/01 00:00:00+00,NORMAL,RP-TF,DEFINITIVA,"VEHICULAR, PEATONAL",7,7,2,"1,2,4",N/A,"21,22,31,34",N/A,NO,0,N/A,3605
-74.16729964,4.616309957,3365,911,3794,KR 79 X CL 47B S,KENNEDY,C900,SENCILLA,SI,1994/12/21 00:00:00+00,NORMAL,RP-TF,DEFINITIVA,"VEHICULAR, PEATONAL",5,5,2,"1,2,3",N/A,"22,23",N/A,NO,0,N/A,3527
-74.15845785,4.62237403099999,3366,891,3795,KR 79 X CL 40C S,KENNEDY,C900,SENCILLA,SI,2007/03/26 00:00:00+00,NORMAL,BT-TF,DEFINITIVA,"VEHICULAR, PEATONAL",7,7,3,"1,2,6,7,93",N/A,"22,23",N/A,NO,0,N/A,3528
-74.16082587,4.624568275,3367,896,3796,AK 80 X CL 40C S,KENNEDY,ACTROS,SENCILLA,SI,2007/03/26 00:00:00+00,NORMAL,R-TA,DEFINITIVA,"VEHICULAR, PEATONAL",8,8,3,"1,2,4",N/A,"21,22,24,31,32",N/A,NO,0,"Conteo, Brechas, Fases por demanda, Fases por demanda peatonal",3509
-74.18034035,4.60944586900001,3368,929,3797,KR 80 X CL 58L S,BOSA,NO,QUINTUPLE,NO,1995/02/15 00:00:00+00,NORMAL,BT-TA,DEFINITIVA,"VEHICULAR, PEATONAL",4,29,2,"1,12",N/A,"21,212","721, 7212",NO,0,N/A,3419
-74.18170489,4.60990207499998,3369,1541,3797,KR 80B X CL 59 S,BOSA,NO,QUINTUPLE,NO,2018/01/31 00:00:00+00,NORMAL,BT-TA,DEFINITIVA,"VEHICULAR, PEATONAL",4,29,2,"3,14",N/A,"23,214","723, 7214",NO,0,N/A,3419
-74.18229282,4.60900179700002,3370,1557,3797,KR 80B X DG 60 S,BOSA,NO,QUINTUPLE,NO,2018/07/16 00:00:00+00,NORMAL,BT-TA,DEFINITIVA,"VEHICULAR, PEATONAL",2,29,2,11A,N/A,211A,7211A,NO,0,N/A,3419
-74.18193251,4.60799596099997,3371,1558,3797,AK 80 X CL 60 S,BOSA,NO,QUINTUPLE,NO,2018/07/16 00:00:00+00,NORMAL,BT-TA,DEFINITIVA,"VEHICULAR, PEATONAL",4,29,2,44502,N/A,22-211,"722, 7211",NO,0,N/A,3419
-74.18096041,4.60768293400002,3372,1559,3797,KR 79CBISA X AC 59 S,BOSA,C900,QUINTUPLE,SI,2018/07/16 00:00:00+00,NORMAL,BT-TA,DEFINITIVA,"VEHICULAR, PEATONAL",6,29,3,"4,4A13,13A",N/A,"24,213","724, 7213",NO,0,N/A,3419
-74.17942185,4.60328275000001,3373,926,3798,KR 78C X CL 59 S,BOSA,C900,SENCILLA,SI,2004/09/22 00:00:00+00,NORMAL,BT-TF,DEFINITIVA,"VEHICULAR, PEATONAL",6,6,2,"2,3,4",N/A,"22,24,33",N/A,NO,0,N/A,3419
-74.16565372,4.59562750499998,3374,1153,3800,KR 71 X CL 57R S,BOSA,ACTROS,SENCILLA,SI,2009/07/08 00:00:00+00,NORMAL,BT-TA,DEFINITIVA,"VEHICULAR, PEATONAL",6,6,2,"3,4","3B,4B","23,24",N/A,NO,0,"Brechas, Fases por demanda",3516
-74.1630904,4.589020097,3375,1476,3801,KR 70G X CL 63 S,CIUDAD BOLIVAR,C900,SENCILLA,SI,2017/04/05 00:00:00+00,NORMAL,BT-TF,DEFINITIVA,"VEHICULAR, PEATONAL",7,7,4,"1,2,4,92",N/A,"21,22,34",N/A,NO,0,N/A,3517
-74.11934055,4.52660673999998,3376,1436,3858,TV 1 BIS X CL 68B SUR,USME,NO,QUINTUPLE,NO,2022/11/25 00:00:00+00,NORMAL,R-TA,PROVISIONAL_PMT,"VEHICULAR, PEATONAL",6,31,4,"2, 4A, 15, 111A",N/A,"22, 24A",N/A,NO,0,N/A,3625
-74.12053,4.52670000000001,3377,1883,3858,DG 68A SUR Y CL 68A SUR x KR 14L,USME,NO,QUINTUPLE,NO,2025/02/20 00:00:00+00,NORMAL,R-TA,DEFINITIVA,"VEHICULAR, PEATONAL",5,31,3,"2A,11",2B,"22A, 22B",N/A,NO,0,N/A,3625
-74.11745004,4.519705735,3378,1367,3859,AK 1 X CL 72 S,USME,C900,SENCILLA,SI,2015/04/28 00:00:00+00,NORMAL,R-TA,DEFINITIVA,"VEHICULAR, PEATONAL",5,7,3,"1,2,94",N/A,"21,294","721, 7294",NO,0,Activación de sonoro,3625
-74.11868425,4.510203375,3379,1456,3860,KR 14F X CL 84 S,USME,C900,SENCILLA,SI,2016/05/14 00:00:00+00,NORMAL,R-TA,DEFINITIVA,EXCLUSIVA PEATONAL,4,4,3,"3,4",N/A,"23,24 ",N/A,NO,0,"Cola - Siguiente Intersección, Fases por demanda peatonal",3626
-74.10673394,4.50661737199999,3380,1459,3861,KR 4E X CL 84 S,USME,C900,SENCILLA,SI,2017/05/12 00:00:00+00,NORMAL,R-TA,DEFINITIVA,EXCLUSIVA PEATONAL,6,6,2,"3,4",N/A,"23,24 ",724,NO,0,N/A,3626
-74.09445792,4.59558419699999,3381,1303,3862,TV 20 X CL 1F,LOS MARTIRES,C900,DOBLE,SI,2013/04/13 00:00:00+00,PMT,RP-TF,DEFINITIVA,"VEHICULAR, PEATONAL",7,12,3,"2,6, 14",N/A,"22,26,32, 214",N/A,NO,0,N/A,3623
-74.094026,4.59524299999998,3382,1906,3862,KR 19D X CL 1F,LOS MARTIRES,NO,DOBLE,NO,2025/03/29 00:00:00+00,NORMAL,RP-TF,PROVISIONAL_PMT,"VEHICULAR, PEATONAL",5,12,2,"1,4",N/A,"21,24, 31",N/A,NO,0,N/A,3623
-74.09321432,4.596650813,3383,1304,3863,TV 20 X CL 2,LOS MARTIRES,C900,SENCILLA,SI,2013/04/13 00:00:00+00,PMT,RP-TF,DEFINITIVA,"VEHICULAR, PEATONAL",7,7,3,"1,2,3",N/A,"22,23,31,33",N/A,NO,0,N/A,3623
-74.09195169,4.59748563699998,3384,1306,3864,TV 20 X CL 3,LOS MARTIRES,C900,SENCILLA,SI,2013/04/22 00:00:00+00,NORMAL,RP-TF,DEFINITIVA,"VEHICULAR, PEATONAL",10,10,3,"2,3,4,92",N/A,"22,23,24,31,32,33,34",N/A,NO,0,N/A,3623
-74.09604022,4.59588866799999,3385,986,3865,KR 24 X CL 1F,LOS MARTIRES,C900,SENCILLA,SI,2006/02/17 00:00:00+00,PMT,RP-TF,DEFINITIVA,"VEHICULAR, PEATONAL",5,5,3,"3,12",N/A,"23,212,33 (Reg)",N/A,NO,0,N/A,3623
-74.09683226,4.596129701,3386,989,3866,KR 24B X CL 1F,LOS MARTIRES,C900,SENCILLA,SI,1993/07/07 00:00:00+00,NORMAL,RP-TF,DEFINITIVA,"VEHICULAR, PEATONAL",4,4,2,"1,3",N/A,"21,23",N/A,NO,0,N/A,3623
-74.12343887,4.61860350299997,3387,1612,3028,KR 60 X DG 2,PUENTE ARANDA,C900,SENCILLA,SI,2020/09/01 00:00:00+00,NORMAL,BT-TF,DEFINITIVA,"VEHICULAR, PEATONAL",8,8,3,"2,3,4,7",N/A,"22,23,24,32",N/A,NO,0,N/A,3508
-74.18908217,4.62299288600002,3388,938,3029,KR 87C Y TV 87C X CL 59C S,BOSA,C900,SENCILLA,SI,2006/09/12 00:00:00+00,NORMAL,BT-TA,DEFINITIVA,"VEHICULAR, PEATONAL, CICLISTA",18,18,3,"1,2,3,4",N/A,"21,22,23,24,33,34","721, 722, 723, 724, 733, 734","43,44",0,N/A,3422
-74.18804554,4.621518815,3389,1729,3030,TV 87 BIS A X CL 59 C S,BOSA,C900,SENCILLA,SI,2021/01/05 00:00:00+00,NORMAL,BT-TA,DEFINITIVA,"VEHICULAR, PEATONAL, CICLISTA",18,18,3,"1,2,3,4",N/A,"21,22,23,24,33,34","721, 722, 723, 724, 733, 734","43,44",0,N/A,3422
-74.19382893,4.62732604299998,3390,1734,3031,KR 89 X AC 59C SUR,BOSA,C900,SENCILLA,SI,2022/02/21 00:00:00+00,NORMAL,BT-TA,DEFINITIVA,"VEHICULAR, PEATONAL, CICLISTA",8,8,2,"3,4",N/A,"24,23","723,724","43,44",0,"Fase por demanda peatonal, Fases por demanda pearonal sonoro",3422
-74.19005115,4.62388374900002,3391,1735,3033,KR 87H X AC 59C SUR,BOSA,C900,SENCILLA,SI,2022/02/21 00:00:00+00,NORMAL,BT-TA,DEFINITIVA,"VEHICULAR, PEATONAL, CICLISTA",8,8,2,"3,4",N/A,"24,23",725,"43,44",0,Fase por demanda peatonal,3422
-74.07139444,4.58978202999998,3392,1199,3034,KR 3 ESTE X CL 6,CANDELARIA,ACTROS,SENCILLA,SI,2016/12/19 00:00:00+00,NORMAL,BT-TF,DEFINITIVA,"VEHICULAR, PEATONAL",14,14,4,"1,2,3,4,5,93",N/A,"21,22,23,24,31,32,34,293",N/A,NO,0,N/A,3607
-74.07342691,4.59017329199997,3393,1200,3035,KR 2 X CL 6,CANDELARIA,ACTROS,SENCILLA,SI,2010/06/04 00:00:00+00,NORMAL,BT-TF,DEFINITIVA,"VEHICULAR, PEATONAL",9,9,3,"1,2,3,4,91",N/A,"21,23,34,291",N/A,NO,0,N/A,3607
-74.07650828,4.58996941599997,3394,1198,3036,KR 4 X CL 6,SANTA FE,ACTROS,SENCILLA,SI,2010/06/03 00:00:00+00,NORMAL,BT-TA,DEFINITIVA,"VEHICULAR, PEATONAL",6,6,2,"1,3,4",N/A,"21,23,34",N/A,NO,0,Brechas,3607
-74.0889137,4.59728277200003,3395,1188,3037,AK 18 X DG 4A,LOS MARTIRES,C900,DOBLE,SI,2010/03/13 00:00:00+00,NORMAL,RP-TF,DEFINITIVA,"VEHICULAR, PEATONAL",4,8,2,"1,4A",N/A,"21,24A",N/A,NO,0,N/A,3623
-74.08939199,4.596032138,3396,1189,3037,KR 18 X CL 3,LOS MARTIRES,NO,DOBLE,NO,2010/03/13 00:00:00+00,NORMAL,RP-TF,DEFINITIVA,"VEHICULAR, PEATONAL",4,8,2,"4,11",N/A,"24,211",N/A,NO,0,N/A,3623
-74.13654146,4.62699980299999,3397,1351,3381,KR 71D X CL 4,KENNEDY,NO,DOBLE,NO,2015/10/28 00:00:00+00,NORMAL,BT-TF,DEFINITIVA,"VEHICULAR, PEATONAL, CICLISTA",10,20,3,"2,3A,4,11",N/A,"22,23A,24,311",N/A,"42,411",0,N/A,3523
-74.13640902,4.62834484799998,3398,1352,3381,KR 71D X CL 5A,KENNEDY,C900,DOBLE,SI,2015/10/28 00:00:00+00,NORMAL,BT-TF,DEFINITIVA,"VEHICULAR, PEATONAL, CICLISTA",10,20,3,"1,3,4A,12",N/A,"21,23,24A,312",N/A,"41,412",0,N/A,3523
-74.09948764,4.58420576700001,3399,1478,3382,KR 16 X CL 17 S,ANTONIO NARINO,C900,SENCILLA,SI,2016/12/01 00:00:00+00,NORMAL,RP-TF,DEFINITIVA,"VEHICULAR, PEATONAL, CICLISTA",7,7,2,"1,4",N/A,"21,24,31",N/A,"41,42",0,N/A,3605
-74.12780198,4.58489320699999,3400,1472,3383,KR 29 X CL 44 S,RAFAEL URIBE,C900,SENCILLA,SI,2017/05/20 00:00:00+00,NORMAL,BT-TF,DEFINITIVA,"VEHICULAR, PEATONAL",10,10,3,"1,2,3,4",N/A,"21,22,23,24,33,34",N/A,NO,0,N/A,3524
-74.14759982,4.60912643799998,3401,1317,3384,KR 72K X CL 40 S Y CL 39B S,KENNEDY,ACTROS,SENCILLA,SI,2013/09/27 00:00:00+00,NORMAL,BT-TA,DEFINITIVA,"VEHICULAR, PEATONAL",8,8,4,"2,3,4,4A,7",N/A,"22,24,24A",N/A,NO,0,Brechas,3520
-74.14455632,4.60789329800002,3402,845,3385,KR 72H X CL 39B S,KENNEDY,NO,DOBLE,NO,2006/11/21 00:00:00+00,NORMAL,BT-TF,DEFINITIVA,"VEHICULAR, PEATONAL",9,18,4,"1,3,4A,12,63",N/A,"21,23,24A,212",N/A,NO,0,N/A,3520
-74.14570007,4.60641897800002,3403,851,3385,KR 72H Y KR 72G X CL 40 S,KENNEDY,ACTROS,DOBLE,SI,2006/11/21 00:00:00+00,NORMAL,BT-TF,DEFINITIVA,"VEHICULAR, PEATONAL",9,18,3,"2,3A,4,11,611",N/A,"22,23A,24,211",N/A,NO,0,N/A,3520
-74.09980932,4.57945191099998,3404,999,3386,KR 12D X CL 22 S,ANTONIO NARINO,C900,SENCILLA,SI,1998/01/15 00:00:00+00,Desvío - PMT,RP-TF,DEFINITIVA,"VEHICULAR, PEATONAL",14,14,2,"1,2,3,4,13,14",N/A,"21,22,23,24,31,32,313,314 (Reg)",N/A,NO,0,Cola - Siguiente Intersección,3605
-74.10367506,4.58257078299999,3405,1016,3388,KR 18 X CL 22 S,ANTONIO NARINO,NO,DOBLE,NO,1990/11/04 00:00:00+00,NORMAL,RP-TA,DEFINITIVA,"VEHICULAR, PEATONAL",9,24,4,"2,4,13",N/A,"22,24,213,32,34,313","722, 724, 7213, 732, 734, 7313",NO,0,"Cola - Siguiente Intersección, Activación de sonoro",3605
-74.10415684,4.58321771499999,3406,1017,3388,KR 19 X CL 22 S,ANTONIO NARINO,C900,DOBLE,SI,1990/11/04 00:00:00+00,NORMAL,RP-TA,DEFINITIVA,"VEHICULAR, PEATONAL",9,24,4,"1,3,3A,14",N/A,"21,23,23A,31,314",N/A,NO,0,"Brechas, Fases por demanda",3605
-74.15980243,4.615848513,3407,892,3468,TV 78H X CL 42 S,KENNEDY,ACTROS,SENCILLA,SI,1988/02/26 00:00:00+00,PMT,BT-TF,DEFINITIVA,"VEHICULAR, PEATONAL",8,8,3,"1,2,3,4",N/A,"21,22,24,33",N/A,NO,0,N/A,3531
-74.16259381,4.615181699,3408,901,3469,TV 78H X AC 43 S,KENNEDY,ACTROS,SENCILLA,SI,1988/02/26 00:00:00+00,PMT,BT-TF,DEFINITIVA,"VEHICULAR, PEATONAL",17,17,4,"1,2,3,4,5,6,92,93",N/A,"22,24,31,33,34,292",N/A,NO,0,N/A,3531
-74.14638795,4.6240861,3409,854,3470,KR 75 X CL 26 S,KENNEDY,C900,SENCILLA,SI,1994/11/21 00:00:00+00,NORMAL,BT-TF,DEFINITIVA,"VEHICULAR, PEATONAL",7,7,3,"1,3,4,7",N/A,"21,23,34",N/A,NO,0,N/A,3528
-74.14548039,4.62324655800001,3410,850,3471,KR 73D X CL 26 S,KENNEDY,C900,SENCILLA,SI,1994/11/21 00:00:00+00,NORMAL,BT-TF,DEFINITIVA,"VEHICULAR, PEATONAL, CICLISTA",10,10,2,"3,4,6,92",N/A,"24,26,292,33",N/A,"43,44",0,N/A,3528
-74.14431594,4.62219292999998,3411,843,3472,KR 73B BIS X CL 26 S,KENNEDY,C900,SENCILLA,SI,1993/12/10 00:00:00+00,NORMAL,BT-TF,DEFINITIVA,"VEHICULAR, PEATONAL",8,8,3,"3,4,5,7,91",N/A,"23,25,37",N/A,NO,0,N/A,3528
-74.14713739,4.62141176699998,3412,856,3473,KR 73D X CL 35B S,KENNEDY,C900,SENCILLA,SI,1998/01/17 00:00:00+00,NORMAL,BT-TF,DEFINITIVA,"VEHICULAR, PEATONAL",4,4,2,"2,7",N/A,"22,27",N/A,NO,0,N/A,3528
-74.14593671,4.62735558899999,3413,852,3474,KR 78B X CL 3,KENNEDY,C900,SENCILLA,SI,1998/01/29 00:00:00+00,PMT,BT-TF,DEFINITIVA,"VEHICULAR, PEATONAL",5,5,4,"2,3,4",N/A,"22,24",N/A,NO,0,N/A,3528
-74.16298502,4.634546994,3414,902,3475,AK 86 X CL 38 S Y DG 38 S,KENNEDY,C900,DOBLE,SI,2002/11/10 00:00:00+00,PMT,BT-TF,DEFINITIVA,"VEHICULAR, PEATONAL, CICLISTA",13,16,3,"2A,4,7","2B,11B","22,24,27,34, 311",N/A,"41,42",0,N/A,3405
-74.161518,4.63585799999998,3415,1887,3475,AK 86 X CL 34A S,KENNEDY,NO,DOBLE,NO,2025/03/14 00:00:00+00,PMT,BT-TF,PROVISIONAL_PMT,EXCLUSIVA VEHICULAR,3,16,2,12A,"1B, 12B",N/A,N/A,NO,0,N/A,3405
-74.15634601,4.64053608500001,3416,885,3476,AK 86 X DG 3,KENNEDY,C900,SENCILLA,SI,2004/07/23 00:00:00+00,PMT,BT-TF,DEFINITIVA,"VEHICULAR, PEATONAL",19,19,4,"1A,2A,3,4A,12,14A,112,114A","1B, 2B,4B,92B,93B","21A, 24A,24B,33A,33B,2112, 2114A",N/A,NO,0,N/A,3405
-74.09918444,4.59737868899998,3417,665,3867,KR 26 X CL 1F,LOS MARTIRES,C900,DOBLE,SI,1994/02/16 00:00:00+00,PMT,RP-TF,DEFINITIVA,"VEHICULAR, PEATONAL",4,8,2,"2,13",N/A,"22,213",N/A,NO,0,N/A,3623
-74.10032091,4.59827287500002,3418,672,3867,AK 27 X CL 1F,LOS MARTIRES,NO,DOBLE,NO,1994/02/16 00:00:00+00,NORMAL,RP-TF,DEFINITIVA,"VEHICULAR, PEATONAL",4,8,2,"1,3",N/A,"21,23",N/A,NO,0,N/A,3623
-74.09597953,4.59399970700002,3419,984,3868,TV 22 X CL 1,LOS MARTIRES,NO,SENCILLA,SI,2004/03/31 00:00:00+00,PMT,R-TF,DEFINITIVA,"VEHICULAR, PEATONAL",6,6,2,"2, 12,94",N/A,"22,212,294",N/A,NO,0,"Conteo, Brechas",3623
-74.10045044,4.595754903,3420,1004,3869,KR 26 X CL 1B,LOS MARTIRES,ACTROS,SENCILLA,SI,1998/04/28 00:00:00+00,NORMAL,RP-TF,DEFINITIVA,"VEHICULAR, PEATONAL",4,4,2,"2,4",N/A,"22,24",N/A,NO,0,N/A,3623
-74.16336988,4.62239013999999,3421,903,3870,AK 80 X CL 42A S,KENNEDY,ACTROS,DOBLE,SI,2008/04/16 00:00:00+00,NORMAL,R-TA,DEFINITIVA,"VEHICULAR, PEATONAL",9,16,4,"1,2,13,4,5",N/A,"21,23,24,32",N/A,NO,0,"Conteo, Brechas, Fases por demanda",3509
-74.164113,4.62378899999999,3422,1000,3870,KR 80F X CL 42A S,KENNEDY,NO,DOBLE,NO,2024/09/02 00:00:00+00,NORMAL,R-TA,PROVISIONAL_PMT,"VEHICULAR, PEATONAL",7,16,4,"1A,2A,3,14",N/A,"21A,22A,214",N/A,NO,0,N/A,3509
-74.15472154,4.63148828999999,3423,884,3871,AK 80 X CL 26 S,KENNEDY,ACTROS,SENCILLA,SI,2008/04/16 00:00:00+00,NORMAL,R-TA,DEFINITIVA,"VEHICULAR, PEATONAL",7,7,3,"1,2,3,3A,13",N/A,"22,31",N/A,NO,0,"Conteo, Brechas, Fases por demanda",3509
-74.15810525,4.62755540199998,3424,1169,3872,AK 80 X CL 38 S,KENNEDY,NO,DOBLE,NO,2009/12/23 00:00:00+00,NORMAL,R-TA,DEFINITIVA,"VEHICULAR, PEATONAL",5,13,2,"2,6,11",N/A,"32,211",N/A,NO,0,N/A,3509
-74.15707051,4.62867703500001,3425,1170,3872,AK 80 X CL 36 S,KENNEDY,ACTROS,DOBLE,SI,2009/12/23 00:00:00+00,NORMAL,R-TA,DEFINITIVA,"VEHICULAR, PEATONAL",8,13,3,"1,12,4,7",N/A,"24,27,31,212",N/A,NO,0,"Conteo, Cola - Siguiente Intersección",3509
-74.15885025,4.626721213,3426,1168,3873,AK 80 X CL 38C S,KENNEDY,ACTROS,SENCILLA,SI,2009/12/11 00:00:00+00,NORMAL,R-TA,DEFINITIVA,"VEHICULAR, PEATONAL",8,8,3,"1,2,4,5",N/A,"21,24,32,35",N/A,NO,0,"Conteo, Brechas",3509
-74.15252998,4.62967848400001,3427,1289,3874,KR 79A X CL 26 S,KENNEDY,C900,SENCILLA,SI,2012/12/21 00:00:00+00,NORMAL,BT-TF,DEFINITIVA,"VEHICULAR, PEATONAL, CICLISTA",14,14,4,"1,2,3,4,93,94",N/A,"21,22,23,24,33,34",N/A,"43, 44",0,N/A,3528
-74.07734623,4.59012093199999,3428,1181,3038,KR 5 X CL 6,SANTA FE,NO,DOBLE,NO,2010/03/17 00:00:00+00,NORMAL,BT-TA,DEFINITIVA,"VEHICULAR, PEATONAL",7,14,3,"1,3,8,14",N/A,"21,23,34",N/A,NO,0,"Brechas, Fases por demanda",3607
-74.07862085,4.59035527399999,3429,1182,3038,KR 6 X CL 6,SANTA FE,ACTROS,DOBLE,SI,2010/03/17 00:00:00+00,NORMAL,BT-TA,DEFINITIVA,"VEHICULAR, PEATONAL",7,14,3,"2,4,7,13",N/A,"22,24,313",N/A,NO,0,"Brechas, Fases por demanda",3607
-74.07955841,4.590795722,3430,1183,3039,KR 7 X CL 6,SANTA FE,ACTROS,DOBLE,SI,2010/03/17 00:00:00+00,NORMAL,BT-TA,DEFINITIVA,"VEHICULAR, PEATONAL, CICLISTA",7,15,3,"2,4,7,13",N/A,"22,24,313",N/A,42,0,"Brechas, Fases por demanda",3607
-74.08046481,4.59145357099999,3431,1184,3039,KR 8 X CL 6,SANTA FE,NO,DOBLE,NO,2010/03/17 00:00:00+00,NORMAL,BT-TA,DEFINITIVA,"VEHICULAR, PEATONAL",8,15,3,"1,3,8,14",N/A,"21,23,314",N/A,41,0,"Brechas, Fases por demanda",3607
-74.08366924,4.59122389800001,3432,955,3041,AK 10 X CL 2,SANTA FE,C900,SENCILLA,SI,1993/10/14 00:00:00+00,NORMAL,RP-TF,DEFINITIVA,"VEHICULAR, PEATONAL",8,8,3,"1A,2A,3","1B,2B","22,23,31",N/A,NO,0,"Conteo, Cola - Siguiente Intersección",3606
-74.08490205,4.58932954699998,3433,956,3042,AK 10 X CL 1,SANTA FE,ACTROS,SENCILLA,SI,2004/07/01 00:00:00+00,NORMAL,CA-TA,DEFINITIVA,"VEHICULAR, PEATONAL",15,15,3,"1A,2A,3,4,7","1B,2B","21,22,23,24,31,32,33,34",N/A,NO,0,"Conteo, Brechas",3606
-74.08179347,4.58658694600001,3434,953,3043,KR 7 X CL 1,SANTA FE,NO,DOBLE,NO,1989/09/13 00:00:00+00,NORMAL,BT-TA,DEFINITIVA,"VEHICULAR, PEATONAL, CICLISTA",7,13,2,"2,4,6",N/A,"22,24,32",N/A,42,0,Brechas,3607
-74.08293369,4.58741226900003,3435,954,3043,KR 8 X CL 1,SANTA FE,ACTROS,DOBLE,SI,1989/09/13 00:00:00+00,NORMAL,BT-TA,DEFINITIVA,"VEHICULAR, PEATONAL",6,13,2,"1,14",N/A,"21,31,214,314",N/A,NO,0,Brechas,3607
-74.148303,4.56797999999998,3436,1039,3044,KR 23C X CL 64 SUR,CIUDAD BOLIVAR,C900,SENCILLA,SI,2025/03/27 00:00:00+00,NORMAL,RP-TF,DEFINITIVA,"VEHICULAR, PEATONAL",6,6,4,"1,2,3,4",N/A,"22, 23",N/A,NO,0,N/A,3510
-74.08651635,4.58689099499998,3437,1272,3045,AK 10 X CL 2 S,ANTONIO NARINO,ACTROS,SENCILLA,SI,2012/09/15 00:00:00+00,NORMAL,CA-TA,DEFINITIVA,"VEHICULAR, PEATONAL",13,13,3,"1A,2A,7","1B,2B","21,22,27,31,32","722, 727, 731",NO,0,"Conteo, Brechas, Activación de sonoro",3606
-74.13357562,4.62738610500003,3438,1350,3389,KR 71A X CL 5,KENNEDY,C900,SENCILLA,SI,2014/11/14 00:00:00+00,NORMAL,BT-TA,DEFINITIVA,"VEHICULAR, PEATONAL, CICLISTA",7,10,8,"1,4",N/A,"21,24,34",721.724.734,41.42,0,Activación de sonoro,3523
-74.11346927,4.59614931800002,3439,1038,3390,TV 31 X AC 26 S,PUENTE ARANDA,C900,SENCILLA,SI,1997/12/16 00:00:00+00,PMT,BT-TF,DEFINITIVA,"VEHICULAR, PEATONAL",13,13,3,"1A,2A,3,4,8","1B,2B","21,22,23,24,31,32",N/A,NO,0,"Conteo, Brechas, Cola - Siguiente Intersección",3622
-74.11682416,4.59505635400001,3440,1046,3391,TV 35 X CL 29A S,PUENTE ARANDA,C900,DOBLE,SI,1998/03/03 00:00:00+00,PMT,BT-TA,DEFINITIVA,"VEHICULAR, PEATONAL",14,26,3,"1A,2A,13,4","1B,2B","24,213,21A,22A,31,32,34,313",N/A,NO,0,"Conteo, Brechas",3622
-74.117017,4.595798,3441,1867,3391,TV 35 BIS X CL 29A S,PUENTE ARANDA,NO,DOBLE,NO,2024/10/11 00:00:00+00,NORMAL,BT-TA,PROVISIONAL_PMT,"VEHICULAR, PEATONAL",12,26,5,"1,2,3,14",N/A,"21,22,23,214,33,314",N/A,44,0,N/A,3622
-74.13746136,4.61754507400002,3442,830,3392,KR 71D X CL 8 S,KENNEDY,C900,DOBLE,SI,1998/03/03 00:00:00+00,PMT,BT-TF,DEFINITIVA,"VEHICULAR, PEATONAL",6,9,3,"4,91",N/A,"21A,24,291,34",N/A,NO,0,N/A,3523
-74.138167,4.61748799999998,3443,1875,3392,AC 26 SUR X CL 8 SUR,KENNEDY,NO,DOBLE,NO,2024/12/14 00:00:00+00,PMT,BT-TF,PROVISIONAL_PMT,"VEHICULAR, PEATONAL",3,9,2,"4A,14",N/A,214,N/A,NO,0,N/A,3523
-74.13378613,4.62536536900001,3444,812,3393,KR 71A X AC 3,KENNEDY,C900,SENCILLA,SI,1997/07/13 00:00:00+00,NORMAL,BT-TA,DEFINITIVA,"VEHICULAR, PEATONAL, CICLISTA",10,13,3,"3,5,92",N/A,"21,23,292,33","723, 7292, 733","41,42,43",0,Fases por demanda peatonal sonoro,3523
-74.13667615,4.62565165799998,3445,825,3394,KR 71D X AC 3,KENNEDY,C900,SENCILLA,SI,1996/06/08 00:00:00+00,NORMAL,BT-TF,DEFINITIVA,"VEHICULAR, PEATONAL, CICLISTA",12,12,3,"1,2,3",N/A,"21,22,23,31,32,33 ",N/A,"41, 42, 43",0,N/A,3523
-74.13825264,4.625805399,3446,831,3395,AK 72 X AC 3,KENNEDY,C900,SENCILLA,SI,1990/02/28 00:00:00+00,NORMAL,CA-TA,DEFINITIVA,"VEHICULAR, PEATONAL",7,7,2,"1,2,3",N/A,"22,23,31,33",N/A,NO,0,"Conteo, Brechas, Cola - Siguiente Intersección",3507
-74.13719203,4.62042370299997,3447,828,3396,KR 71D X CL 3 S,KENNEDY,C900,SENCILLA,SI,2004/10/21 00:00:00+00,NORMAL,BT-TA,DEFINITIVA,"VEHICULAR, PEATONAL, CICLISTA",9,9,3,"1,2,5,92",N/A,"21,22,35",N/A,44.45,0,Fases por demanda peatonal,3523
-74.15353,4.63565496500001,3448,879,3477,AK 80G X DG 3,KENNEDY,C900,SENCILLA,SI,2003/12/11 00:00:00+00,NORMAL,BT-TF,DEFINITIVA,"VEHICULAR, PEATONAL",12,12,3,"2,3A,4A,91,92,93","3B,4B","22,291,292,293",N/A,NO,0,N/A,3426
-74.16448772,4.614513891,3449,907,3478,TV 78H X CL 45 S,KENNEDY,ACTROS,SENCILLA,SI,1997/12/05 00:00:00+00,NORMAL,BT-TA,DEFINITIVA,"VEHICULAR, PEATONAL",12,12,5,"1,2,3,3A,4,7,8",N/A,"21,22,24,33,63",N/A,NO,0,"Conteo, Brechas, Fases por demanda, Fases por demanda peatonal",3527
-74.14527281,4.62671753699999,3450,849,3479,KR 78 X CL 3,KENNEDY,C900,SENCILLA,SI,2000/06/08 00:00:00+00,PMT,BT-TF,DEFINITIVA,"VEHICULAR, PEATONAL",7,7,3,"1,2,3,6,93",N/A,"21,23",N/A,NO,0,N/A,3528
-74.14820251,4.62972613199997,3451,859,3480,KR 78K X CL 3,KENNEDY,ACTROS,SENCILLA,SI,2000/06/08 00:00:00+00,NORMAL,BT-TF,DEFINITIVA,"VEHICULAR, PEATONAL",11,11,3,"1,2,3,7,93,94",N/A,"22,31,33,293,294",N/A,NO,0,N/A,3528
-74.15250888,4.631655341,3452,869,3481,DG 2 X KR 79C BIS,KENNEDY,ACTROS,SENCILLA,SI,2003/05/06 00:00:00+00,NORMAL,R-TA,DEFINITIVA,"VEHICULAR, PEATONAL",4,4,2,"3,4",N/A,"23,24",N/A,NO,0,Fases por demanda peatonal,3509
-74.16395806,4.63583101099999,3453,905,3482,KR 86F X CL 38 S,KENNEDY,C900,SENCILLA,SI,2004/09/09 00:00:00+00,PMT,BT-TF,DEFINITIVA,"VEHICULAR, PEATONAL",5,5,3,"1,3,4",N/A,"21,23",N/A,NO,0,Cola - Siguiente Intersección,3405
-74.15754574,4.61624170099998,3454,888,3483,TV 78H X CL 41B S,KENNEDY,ACTROS,SENCILLA,SI,2004/06/17 00:00:00+00,PMT,BT-TF,DEFINITIVA,"VEHICULAR, PEATONAL",7,7,3,"2,3,4,8",N/A,"22,24,33",N/A,NO,0,Fases por demanda peatonal,3531
-74.16005897,4.62066579399999,3455,893,3484,KR 79 X CL 41D S,KENNEDY,C900,DOBLE,SI,1994/11/23 00:00:00+00,NORMAL,BT-TF,DEFINITIVA,"VEHICULAR, PEATONAL",5,10,3,"1,12,4A",N/A,"21,24A",N/A,NO,0,N/A,3528
-74.1611276,4.62001830000003,3456,895,3484,KR 79 X CL 42 S,KENNEDY,NO,DOBLE,NO,1994/11/23 00:00:00+00,NORMAL,BT-TF,DEFINITIVA,"VEHICULAR, PEATONAL",5,10,3,"11,2,4",N/A,"211,24",N/A,NO,0,N/A,3528
-74.17635353,4.61301833599998,3457,923,3485,AK 80 X CL 57A S,KENNEDY,ACTROS,SENCILLA,SI,1993/12/03 00:00:00+00,NORMAL,BT-TA,DEFINITIVA,"VEHICULAR, PEATONAL",7,7,3,"1,2,4,5",N/A,"22,24,31",N/A,NO,0,"Conteo, Brechas, Fases por demanda, Fases por demanda peatonal",3527
-74.11436927,4.50959894300001,3458,1480,3875,AK 14 X CL 81 S,USME,C900,SENCILLA,SI,2017/06/14 00:00:00+00,NORMAL,R-TF,DEFINITIVA,"VEHICULAR, PEATONAL",8,8,4,"1,2,3,4,5",N/A,"21,22,24",N/A,NO,0,N/A,3626
-74.15598412,4.58369692600002,3459,1619,3876,TV 64 X CL 59C SUR,CIUDAD BOLIVAR,ACTROS,SENCILLA,SI,2018/12/27 00:00:00+00,NORMAL,RP-TA,DEFINITIVA,"VEHICULAR, PEATONAL",10,16,3,"1,2,6,7",N/A,"21,22,27,31,32,36","721, 722, 727, 731, 732, 736",NO,0,Activación de sonoro,3510
-74.17859497,4.631673444,3460,1460,3908,KR 88C X CL 49 S,BOSA,C900,SENCILLA,SI,2017/04/12 00:00:00+00,NORMAL,BT-TF,DEFINITIVA,"VEHICULAR, PEATONAL, CICLISTA",10,10,4,"1,2,3,4",N/A,"21,22,23,24",N/A,45.494,0,N/A,3422
-74.18625311,4.611551609,3461,1311,3909,KR 81B X CL 63 S,BOSA,C900,SENCILLA,SI,2013/08/26 00:00:00+00,NORMAL,BT-TF,DEFINITIVA,EXCLUSIVA PEATONAL,3,3,2,"1,2",N/A,22 (Exc),N/A,NO,0,N/A,3420
-74.18502672,4.607949244,3462,934,3910,KR 80C X CL 65 S,BOSA,ACTROS,SENCILLA,SI,1998/04/28 00:00:00+00,NORMAL,BT-TF,DEFINITIVA,"VEHICULAR, PEATONAL",6,6,4,"1,3,5,92",N/A,"31,33",N/A,NO,0,N/A,3419
-74.19180044,4.62590465800002,3463,940,3911,KR 88C X CL 59C S,BOSA,C900,SENCILLA,SI,2006/10/10 00:00:00+00,NORMAL,BT-TF,DEFINITIVA,"VEHICULAR, PEATONAL, CICLISTA",11,11,3,"1,3,4",N/A,"21,23,24,31,34,33","721, 723, 724, 731, 734, 733","43,44",0,N/A,3422
-74.19030309,4.622602293,3464,939,3912,KR 87C X CL 62 S,BOSA,C900,SENCILLA,SI,2006/09/12 00:00:00+00,NORMAL,BT-TF,DEFINITIVA,"VEHICULAR, PEATONAL",7,23,4,"2,3A,4,11",N/A,"22,24,23A",N/A,NO,0,N/A,3422
-74.18111978,4.63056046399998,3465,933,3913,KR 88C X CL 51 S,BOSA,C900,SENCILLA,SI,2007/04/13 00:00:00+00,NORMAL,BT-TF,DEFINITIVA,"VEHICULAR, PEATONAL",7,7,3,"1,2,3,4",N/A,"21,22,23",N/A,NO,0,N/A,3422
-74.18656684,4.62801632600002,3466,935,3914,KR 88C X CL 56 S,BOSA,C900,SENCILLA,SI,2007/04/14 00:00:00+00,NORMAL,BT-TF,DEFINITIVA,"VEHICULAR, PEATONAL",7,7,3,"1,2,3,4",N/A,"21,23,24",N/A,NO,0,N/A,3422
-74.18244716,4.605275554,3467,1131,3915,KR 78J X CL 63 S,BOSA,ACTROS,DOBLE,SI,2008/10/21 00:00:00+00,NORMAL,BT-TF,DEFINITIVA,EXCLUSIVA PEATONAL,2,6,2,4,N/A,24 (Exc),724,NO,0,Activación de sonoro,3419
-74.1836387,4.60492762000001,3468,1132,3915,KR 78J X CL 65 S,BOSA,NO,DOBLE,NO,2008/10/21 00:00:00+00,NORMAL,BT-TF,DEFINITIVA,EXCLUSIVA PEATONAL,2,6,2,3,N/A,23 (Exc),723,NO,0,Activación de sonoro,3419
-74.18036737,4.62591866899999,3469,1070,3046,KR 87 X CL 53 S,BOSA,C900,SENCILLA,SI,2023/04/13 00:00:00+00,PMT,BT-TF,PROVISIONAL_PMT,"VEHICULAR, PEATONAL",6,6,4,"1,3,4",N/A,"21,23,24",N/A,NO,0,N/A,3421
-74.08444274,4.58559974799999,3470,1358,3047,KR 8 X CL 1C S,SAN CRISTOBAL,ACTROS,SENCILLA,SI,2014/06/11 00:00:00+00,NORMAL,BT-TA,DEFINITIVA,"VEHICULAR, PEATONAL, CICLISTA",11,11,5,"1,3,4,5",N/A,"21,23,24,31","721, 723",41,0,"Brechas, Fases por demanda, Activación de sonoro",3607
-74.187095,4.61993765699998,3471,1736,3048,KR 86 BIS X AC 59C SUR,BOSA,C900,SENCILLA,SI,2022/02/21 00:00:00+00,NORMAL,BT-TA,DEFINITIVA,"VEHICULAR, PEATONAL",6,6,2,"3,4",N/A,"24,23","724, 723",NO,0,Fase por demanda peatonal,3422
-74.15539707,4.621699503,3472,1754,3049,KR 78 K X CL 40 SUR ,KENNEDY,C900,SENCILLA,SI,2022/06/06 00:00:00+00,NORMAL,BT-TF,DEFINITIVA,"VEHICULAR, PEATONAL, CICLISTA",8,8,2,"1,5,2,4",N/A,"22,24,31",N/A,42,0,N/A,3528
-74.16692633,4.63987750699999,3473,1747,3050,KR 89 X CL 38 S,KENNEDY,C900,DOBLE,SI,2022/06/23 00:00:00+00,NORMAL,BT-TF,DEFINITIVA,"VEHICULAR, PEATONAL, CICLISTA",18,22,4,"1,3,3A,4,12,94",N/A,"21,23,23A,24,294,212,31,312",N/A,"41,412",0,N/A,3425
-74.16773888,4.63925652,3474,1669,3050,KR 89 X CL 38C S,KENNEDY,NO,DOBLE,NO,2023/02/23 00:00:00+00,NORMAL,BT-TF,DEFINITIVA,"VEHICULAR, PEATONAL, CICLISTA",6,22,2,"2,11",N/A,"22,211",N/A,"42,411",0,N/A,3425
-74.17730496,4.62841726300002,3475,1083,3051,KR 87 X DG 49 S,BOSA,C900,SENCILLA,SI,2023/04/13 00:00:00+00,PMT,BT-TF,PROVISIONAL_PMT,"VEHICULAR, PEATONAL",6,6,3,"1,3,4",N/A,"21,23,24",N/A,NO,0,N/A,3421
-74.15533612,4.63271031400001,3476,1160,3056,KR 80C X DG 38 SUR,KENNEDY,C900,SENCILLA,SI,2023/03/13 00:00:00+00,NORMAL,RP-TF,DEFINITIVA,"VEHICULAR, PEATONAL",10,10,4,"1,2,4,6,91,92",N/A,"22,24,31,36",N/A,NO,0,N/A,3509
-74.15023,4.62264900000002,3477,1409,3058,TV 78B X CL 36 S,KENNEDY,C900,SENCILLA,SI,2024/12/12 00:00:00+00,NORMAL,BT-TF,DEFINITIVA,"VEHICULAR, PEATONAL",7,7,4,"1,2,4,5",N/A,"21,22,24",N/A,NO,0,N/A,3528
-74.17900826,4.62699865500002,3478,1410,3059,KR 87 X CL 51 S,BOSA,C900,SENCILLA,SI,2023/04/13 00:00:00+00,PMT,BT-TF,PROVISIONAL_PMT,"VEHICULAR, PEATONAL",7,7,3,"1,3,4,5",N/A,"21,23,24",N/A,NO,0,N/A,3421
-74.18190748,4.624639075,3479,1415,3060,KR 87 X CL 54C S,BOSA,C900,SENCILLA,SI,2023/04/13 00:00:00+00,PMT,BT-TF,PROVISIONAL_PMT,"VEHICULAR, PEATONAL",6,6,3,"1,5,6",N/A,"21,26,35",N/A,NO,0,N/A,3421
-74.14108116,4.61113044500001,3480,835,3397,AK 72 X CL 37D S,KENNEDY,C900,SENCILLA,SI,1990/07/05 00:00:00+00,NORMAL,CA-TA,DEFINITIVA,"VEHICULAR, PEATONAL",9,9,3,"1,2,3,4,5",N/A,"22,23,24,31",N/A,NO,0,"Conteo, Brechas, Cola - Siguiente Intersección",3505
-74.14479329,4.599029513,3481,846,3398,AK 72 X CL 44 S,KENNEDY,C900,SENCILLA,SI,1994/01/10 00:00:00+00,NORMAL,CA-TA,DEFINITIVA,EXCLUSIVA VEHICULAR,3,3,2,"1,2,4",N/A,N/A,N/A,NO,0,"Conteo, Brechas, Cola - Siguiente Intersección",3505
-74.14481549,4.58796179400002,3482,1111,3399,TV 60 X DG 52 S Y DG 52A S,TUNJUELITO,ACTROS,SENCILLA,SI,1996/08/06 00:00:00+00,NORMAL,BT-TF,DEFINITIVA,"VEHICULAR, PEATONAL",8,8,3,"1,2,3,5",N/A,"22,23,31,33",N/A,NO,0,N/A,3524
-74.14395205,4.60127289799999,3483,842,3400,AK 72 X CL 43A S,KENNEDY,C900,SENCILLA,SI,2004/04/05 00:00:00+00,NORMAL,CA-TA,DEFINITIVA,"VEHICULAR, PEATONAL",7,7,2,"1,2,3",N/A,"22,23,31,33",N/A,NO,0,"Conteo, Brechas",3505
-74.17895427,4.62422156399998,3484,925,3401,AK 86 X CL 53 S,BOSA,C900,SENCILLA,SI,2004/07/09 00:00:00+00,NORMAL,BT-TF,DEFINITIVA,"VEHICULAR, PEATONAL",6,6,3,"2,3,4",N/A,"22,23,24",N/A,NO,0,N/A,3421
-74.12774159,4.61342136899998,3485,795,3402,AK 68 X CL 18 S,KENNEDY,C900,DOBLE,SI,1990/04/18 00:00:00+00,PMT,BT-TF,DEFINITIVA,"VEHICULAR, PEATONAL, CICLISTA",10,15,4,"1,4,5,6,12,12A",N/A,"24,212,31",N/A,41,0,N/A,3508
-74.128436,4.61158,3486,1785,3402,KR 68 X CL 22 SUR,KENNEDY,NO,DOBLE,NO,2023/09/20 00:00:00+00,PMT,BT-TF,PROVISIONAL_PMT,"VEHICULAR, PEATONAL, CICLISTA",5,15,2,"2,2A,11",N/A,"22,211",N/A,"42,411",0,N/A,3508
-74.13176505,4.604822351,3487,806,3403,AK 68 X CL 37 S Y DG 35A S,KENNEDY,C900,SENCILLA,SI,1994/04/11 00:00:00+00,PMT,BT-TF,DEFINITIVA,"VEHICULAR, PEATONAL, CICLISTA",9,9,2,"1,2,3,4",N/A,"22,23,31",N/A,"41,42",0,N/A,3502
-74.1581809,4.63894740000001,3488,890,3404,AK 86 X CL 1B,KENNEDY,C900,SENCILLA,SI,2004/05/07 00:00:00+00,PMT,BT-TF,DEFINITIVA,"VEHICULAR, PEATONAL",4,4,2,"2,2A","1B,2B","21,22",N/A,NO,0,N/A,3405
-74.16609367,4.631889054,3489,909,3406,AK 86 X CL 40B S,KENNEDY,C900,SENCILLA,SI,2004/05/11 00:00:00+00,PMT,BT-TF,DEFINITIVA,"VEHICULAR, PEATONAL",8,8,2,"1A,2A","1B,2B","21,22","721, 722 (desconectados)",NO,0,N/A,3405
-74.17276703,4.61591683,3490,919,3486,AK 80 X CL 53 S,KENNEDY,ACTROS,DOBLE,SI,1988/01/29 00:00:00+00,NORMAL,RP-TA,DEFINITIVA,"VEHICULAR, PEATONAL",7,16,3,"2,4,5,11",N/A,"22,24,311",N/A,NO,0,"Conteo, Brechas, Fases por demanda, Fases por demanda peatonal",3527
-74.17128,4.61699700000003,3491,1857,3486,AK 80 X CL 51 S,KENNEDY,NO,DOBLE,NO,2024/09/02 00:00:00+00,NORMAL,RP-TA,PROVISIONAL_PMT,"VEHICULAR, PEATONAL",9,16,3,"1,6,12,101",N/A,"21,31,36,212,312",N/A,NO,0,N/A,3527
-74.15082788,4.61394290599998,3492,866,3487,KR 73 X CL 40 S,KENNEDY,ACTROS,SENCILLA,SI,2004/10/15 00:00:00+00,NORMAL,R-TA,DEFINITIVA,"VEHICULAR, PEATONAL",8,8,3,"1,2,3,4",N/A,"22,24,31,33",N/A,NO,0,"Conteo, Brechas",3531
-74.15641441,4.61879573800002,3493,886,3488,TV 78B X CL 41 S,KENNEDY,ACTROS,SENCILLA,SI,2004/10/21 00:00:00+00,NORMAL,RP-TA,DEFINITIVA,"VEHICULAR, PEATONAL",12,12,4,"1,2,3,4",N/A,"22,23,24,31","722, 723, 724, 731",NO,0,"Conteo, Brechas, Fases por demanda, Fases por demanda peatonal sonoro",3531
-74.17692392,4.62589378600001,3494,1339,3489,AK 86 X DG 49 S,KENNEDY,C900,DOBLE,SI,2014/05/30 00:00:00+00,PMT,BT-TF,DEFINITIVA,"VEHICULAR, PEATONAL",6,15,2,"2,91,94",N/A,"22,294,391",N/A,NO,0,N/A,3421
-74.176567,4.62400600000001,3495,1830,3489,KR 85A X DG 49 S,KENNEDY,NO,DOBLE,NO,2024/07/08 00:00:00+00,NORMAL,BT-TF,PROVISIONAL_PMT,"VEHICULAR, PEATONAL",9,15,3,"3,7,11,12,14",N/A,"23,211,212,214",N/A,NO,0,N/A,3421
-74.12246607,4.59392466600002,3496,1059,3490,TV 35 X CL 38BIS S,PUENTE ARANDA,C900,SENCILLA,SI,2005/08/04 00:00:00+00,NORMAL,CA-TA,DEFINITIVA,EXCLUSIVA PEATONAL,6,8,2,"3A,4A","3B,4B","23,24 (Exc)","723, 724",NO,0,Fases por demanda peatonal sonoro,3622
-74.1917172,4.62998932699998,3497,1744,3491,AK 89B X CL 59 S,BOSA,C900,SENCILLA,SI,2008/10/31 00:00:00+00,NORMAL,BT-TF,DEFINITIVA,"VEHICULAR, PEATONAL, CICLISTA",6,6,2,"1,2",N/A,"21,22",PROYECTADOS,"41, 42",0,Activación de sonoro,3422
-74.12653916,4.58191457999999,3498,1075,3492,KR 26 X CL 44 S,RAFAEL URIBE,C900,SENCILLA,SI,1988/12/21 00:00:00+00,NORMAL,BT-TF,DEFINITIVA,"VEHICULAR, PEATONAL",10,10,3,"2,3,4,7",N/A,"22,23,24,32,33,34 (Reg)",N/A,NO,0,N/A,3524
-74.12707877,4.58323186600001,3499,1078,3493,KR 27 X CL 44 S,RAFAEL URIBE,C900,SENCILLA,SI,1989/10/01 00:00:00+00,NORMAL,BT-TF,DEFINITIVA,"VEHICULAR, PEATONAL",7,7,2,"1,3,4",N/A,"21,23,31,34",N/A,NO,0,N/A,3524
-74.18851733,4.604457174,3500,936,3916,TV 78L X CL 68 S,BOSA,NO,DOBLE,NO,1998/04/28 00:00:00+00,NORMAL,BT-TF,DEFINITIVA,"VEHICULAR, PEATONAL",6,11,2,"1,4,12,64",N/A,"24,212",N/A,NO,0,N/A,3417
-74.18897681,4.604151398,3501,937,3916,TV 78L X CL 68A S,BOSA,C900,DOBLE,SI,1998/04/28 00:00:00+00,NORMAL,BT-TF,DEFINITIVA,"VEHICULAR, PEATONAL",5,11,2,"2,3,11",N/A,"22,23",N/A,NO,0,N/A,3417
-74.17278773,4.63215725100002,3502,1205,3917,KR 87D X AC 43 S,KENNEDY,C900,SENCILLA,SI,2010/12/29 00:00:00+00,PMT,BT-TF,DEFINITIVA,EXCLUSIVA PEATONAL,2,2,2,3,N/A,23,723,NO,0,Fases por demanda peatonal sonoro,3425
-74.18859547,4.61774031800002,3503,1268,3918,KR 84B X CL 62 S,BOSA,C900,SENCILLA,SI,2017/11/22 00:00:00+00,NORMAL,BT-TA,DEFINITIVA,"VEHICULAR, PEATONAL",18,18,3,"1A,2A,3,4",N/A,"21,22,23,24,31,32","721, 722, 723, 724, 731, 732",NO,0,Fases por demanda peatonal sonoro,3421
-74.1807721,4.59865173200001,3504,1364,3919,KR 77J X CL 65 S,BOSA,ACTROS,DOBLE,SI,2014/11/28 00:00:00+00,PMT,RP-TF,DEFINITIVA,"VEHICULAR, PEATONAL",8,13,3,"1,5,13,92A",N/A,"21,31,213,292A",N/A,NO,0,"Brechas, Fases por demanda, Cola - Siguiente Intersección",3501
-74.1815196,4.60027465600001,3505,1365,3919,KR 77M X CL 65 S,BOSA,NO,DOBLE,NO,2014/11/28 00:00:00+00,PMT,RP-TF,DEFINITIVA,"VEHICULAR, PEATONAL",5,13,3,"2,3",N/A,"22,23,32",N/A,NO,0,"Brechas, Fases por demanda",3501
-74.17209766,4.637846147,3506,1424,3921,KR 89C X CL 42A S,KENNEDY,C900,DOBLE,SI,2015/06/30 00:00:00+00,NORMAL,BT-TA,DEFINITIVA,"VEHICULAR, PEATONAL, CICLISTA",16,23,5,"1,12,3,4,7,8",N/A,"21,212,24,33","721, 722, 724, 733","43, 44",0,Activación de sonoro,3422
-74.17352968,4.637339881,3507,1743,3921,KR 89C X CL 42F S,KENNEDY,NO,DOBLE,NO,2022/01/11 00:00:00+00,PMT,BT-TA,PROVISIONAL_PMT,"VEHICULAR, PEATONAL",7,23,4,"11,2,3A,4A",N/A,"22,211, 24A",N/A,NO,0,N/A,3422
-74.17054356,4.63870241199999,3508,1524,3923,KR 89C X CL 40B S,KENNEDY,C900,SENCILLA,SI,2017/04/05 00:00:00+00,NORMAL,BT-TF,DEFINITIVA,"VEHICULAR, PEATONAL, CICLISTA",18,18,3,"1,2,3,4",N/A,"21,22,23,24,33,34","721, 722,723, 724, 733 Desconectados","43, 44",0,Activación de sonoro,3422
-74.20322592,4.60966266899999,3509,1549,3924,KR 80J X AC 75 S,BOSA,C900,SENCILLA,SI,2017/04/06 00:00:00+00,PMT,BT-TF,DEFINITIVA,"VEHICULAR, PEATONAL",9,9,4,"3,4,5,7,91",N/A,"23,24,25,32",N/A,NO,0,N/A,3421
-74.16771872,4.647831102,3510,1433,3061,KR 93 D X CL 26 SUR,KENNEDY,C900,SENCILLA,SI,2022/12/01 00:00:00+00,NORMAL,BT-TF,DEFINITIVA,"VEHICULAR, PEATONAL, CICLISTA",5,5,2,"3, 4",N/A,24,N/A,"41, 42",0,N/A,3425
-74.17741882,4.63527182899998,3511,1434,3062,KR 89 X CL 46 SUR,KENNEDY,C900,SENCILLA,SI,2023/02/23 00:00:00+00,NORMAL,R-TF,DEFINITIVA,"VEHICULAR, PEATONAL, CICLISTA",8,8,2,"1,2",N/A,"21,22","721,722","41,42",0,N/A,3425
-74.161119,4.63785899999999,3512,1487,3064,KR 86F X CL 33 S,KENNEDY,C900,SENCILLA,SI,2023/08/15 00:00:00+00,PMT,BT-TF,PROVISIONAL_PMT,"VEHICULAR, PEATONAL",6,6,3,"3,8,93",N/A,"23,28,393",N/A,NO,0,N/A,3405
-74.160103,4.64128499999998,3513,1488,3065,KR 87F X CL 2,KENNEDY,C900,SENCILLA,SI,2023/08/14 00:00:00+00,PMT,BT-TF,PROVISIONAL_PMT,"VEHICULAR, PEATONAL",5,5,2,"1,3,4",N/A,"21,23",N/A,NO,0,N/A,3405
-74.159318,4.64041700000001,3514,1492,3066,KR 87 X CL 2,KENNEDY,C900,SENCILLA,SI,2023/08/14 00:00:00+00,PMT,BT-TF,PROVISIONAL_PMT,"VEHICULAR, PEATONAL",6,6,3,"1,3,4",N/A,"21,23,24",N/A,NO,0,N/A,3405
-74.160916,4.63892399999997,3515,1499,3067,KR 87 X CL 26 SUR,KENNEDY,C900,SENCILLA,SI,2023/08/14 00:00:00+00,PMT,BT-TF,PROVISIONAL_PMT,"VEHICULAR, PEATONAL",6,6,3,"1,3,4",N/A,"21,23,24",N/A,NO,0,N/A,3405
-74.13247154,4.60604048900001,3516,1503,3068,KR 68A X DG 34 SUR,KENNEDY,C900,DOBLE,SI,2023/01/18 00:00:00+00,PMT,BT-TF,PROVISIONAL_PMT,"VEHICULAR, PEATONAL",4,8,3,"1, 93",N/A,"21, 293",N/A,NO,0,N/A,3502
-74.13267712,4.60569023199997,3517,1512,3068,"	KR 68A X DG 35 A SUR",KENNEDY,NO,DOBLE,NO,2023/01/18 00:00:00+00,PMT,BT-TF,PROVISIONAL_PMT,"VEHICULAR, PEATONAL",4,8,3,"8,11",N/A,"28, 211",N/A,NO,0,N/A,3502
-74.13665177,4.59939703399999,3518,1505,3069,"	KR 68A X CL 39 SUR",KENNEDY,C900,SENCILLA,SI,2023/01/18 00:00:00+00,PMT,BT-TF,PROVISIONAL_PMT,"VEHICULAR, PEATONAL",4,4,2,"1, 93",N/A,"21, 293",N/A,NO,0,N/A,3502
-74.13782181,4.601516258,3519,1626,3070,KR 68D X CL 39 S,KENNEDY,C900,SENCILLA,SI,2023/03/29 00:00:00+00,PMT,BT-TF,PROVISIONAL_PMT,"VEHICULAR, PEATONAL",7,7,4,"1,2,3",N/A,"21,22,23,24",N/A,NO,0,N/A,3502
-74.14217384,4.597055958,3520,1637,3071,KR 68D X CL 44 S,KENNEDY,C900,SENCILLA,SI,2023/03/29 00:00:00+00,PMT,BT-TF,PROVISIONAL_PMT,"VEHICULAR, PEATONAL",6,6,3,"2,3,4",N/A,"22,23,24",N/A,NO,0,N/A,3502
-74.17072672,4.62840346299998,3521,916,3407,AK 86 X AC 43 S,KENNEDY,C900,SENCILLA,SI,2004/07/22 00:00:00+00,PMT,BT-TF,DEFINITIVA,"VEHICULAR, PEATONAL",13,13,4,"1A,2A,3,4,5,8","1B,2B","21,22,23,28,31,32",N/A,NO,0,N/A,3405
-74.17336714,4.62729718000003,3522,920,3408,AK 86 X CL 46 S,KENNEDY,C900,DOBLE,SI,2004/07/15 00:00:00+00,PMT,BT-TF,DEFINITIVA,"VEHICULAR, PEATONAL",13,17,4,"1A,2,91A,93A","6B,7B,91B,93B","22,293A,293B,27B,391",N/A,NO,0,Cola - Siguiente Intersección,3421
-74.17314,4.62698399999999,3523,1831,3408,KR 85A X CL 46 S,KENNEDY,NO,DOBLE,NO,2024/07/09 00:00:00+00,NORMAL,BT-TF,PROVISIONAL_PMT,"VEHICULAR, PEATONAL",4,17,2,"2A,4",N/A,"22A,24",N/A,NO,0,N/A,3421
-74.10513334,4.60638099900001,3524,703,3409,KR 34 X AC 3,PUENTE ARANDA,C900,SENCILLA,SI,1993/12/30 00:00:00+00,NORMAL,BT-TF,DEFINITIVA,"VEHICULAR, PEATONAL",7,7,3,"2,3,4,7",N/A,"22,24,33",N/A,NO,0,N/A,3624
-74.11966017,4.619624391,3525,772,3410,KR 56 X AC 3,PUENTE ARANDA,ACTROS,DOBLE,SI,1993/12/30 00:00:00+00,NORMAL,BT-TF,DEFINITIVA,"VEHICULAR, PEATONAL",8,17,3,"1,4,11,13",N/A,"21,34,213,311",N/A,NO,0,"Conteo, Brechas, Cola - Siguiente Intersección",3508
-74.1212474,4.62117894699998,3526,779,3410,KR 60 X AC 3,PUENTE ARANDA,NO,DOBLE,NO,1993/12/30 00:00:00+00,NORMAL,BT-TF,DEFINITIVA,"VEHICULAR, PEATONAL",9,17,2,"2,3,12,14",N/A,"22,23,212,312,214",N/A,NO,0,"Conteo, Brechas, Cola - Siguiente Intersección",3508
-74.10347932,4.60519795599998,3527,691,3411,KR 31D X AC 3,PUENTE ARANDA,C900,SENCILLA,SI,1993/12/20 00:00:00+00,NORMAL,BT-TA,DEFINITIVA,"VEHICULAR, PEATONAL",8,10,3,"1,3,4,91",N/A,"21,23,34",721.723.734,NO,0,Activación de sonoro,3624
-74.10686601,4.60783881999998,3528,712,3412,AK 36 X AC 3,PUENTE ARANDA,C900,SENCILLA,SI,1998/08/02 00:00:00+00,NORMAL,BT-TF,DEFINITIVA,"VEHICULAR, PEATONAL",9,9,4,"1,3,4,6,92",N/A,"21,22,24,33",N/A,NO,0,N/A,3624
-74.09817596,4.58665586500001,3529,995,3413,TV 18BIS X CL 13A S,ANTONIO NARINO,C900,DOBLE,SI,1990/09/19 00:00:00+00,NORMAL,RP-TA,DEFINITIVA,"VEHICULAR, PEATONAL",5,17,5,"4,94",N/A,"24,294,32","724, 7294, 732",NO,0,Activación de sonoro,3605
-74.0984349,4.58664574400001,3530,996,3413,KR 17 Y TV 18BIS X CL 14 S,ANTONIO NARINO,NO,DOBLE,NO,1990/09/19 00:00:00+00,NORMAL,RP-TA,DEFINITIVA,"VEHICULAR, PEATONAL",9,17,5,"2,2A,3,92A",N/A,"22,22A,23,292A,322A",N/A,NO,0,N/A,3605
-74.12857271,4.58673772399999,3531,1081,3494,KR 33 X CL 44 S,RAFAEL URIBE,C900,SENCILLA,SI,1989/10/01 00:00:00+00,NORMAL,BT-TF,DEFINITIVA,"VEHICULAR, PEATONAL",10,10,4,"1,2,3,4,8,93,94",N/A,"21,32,294",N/A,NO,0,N/A,3524
-74.12473409,4.58153607999998,3532,1064,3495,KR 25A X CL 42 S Y DG 41A S,RAFAEL URIBE,C900,SENCILLA,SI,1989/10/01 00:00:00+00,NORMAL,BT-TF,DEFINITIVA,"VEHICULAR, PEATONAL",7,7,3,"1,1A,4",N/A,"21,21A,24,31 (Reg)",N/A,NO,0,N/A,3524
-74.12561222,4.58362163800001,3533,1072,3496,KR 27 X CL 42 S,RAFAEL URIBE,C900,SENCILLA,SI,1989/10/01 00:00:00+00,NORMAL,BT-TF,DEFINITIVA,"VEHICULAR, PEATONAL",5,5,2,"1,4",N/A,"21,24,34",N/A,NO,0,N/A,3524
-74.12390263,4.59937431499998,3534,786,3497,AK 50 X CL 33 S,PUENTE ARANDA,ACTROS,SENCILLA,SI,1995/01/05 00:00:00+00,NORMAL,BT-TF,DEFINITIVA,"VEHICULAR, PEATONAL",10,10,3,"1,2,3,4",N/A,"21,22,23,24,31,32 (Reg)",N/A,NO,0,N/A,3525
-74.12525489,4.59770677900002,3535,790,3498,AK 50 X CL 37A S,PUENTE ARANDA,C900,SENCILLA,SI,2000/10/07 00:00:00+00,PMT,BT-TF,DEFINITIVA,"VEHICULAR, PEATONAL, CICLISTA",9,9,4,"1,2,3,92",N/A,"21,23,32,33",N/A,44,0,N/A,3525
-74.12625461,4.595537799,3536,1073,3499,AK 50 X CL 39A S,PUENTE ARANDA,ACTROS,SENCILLA,SI,2000/09/09 00:00:00+00,Desvío - PMT,BT-TA,DEFINITIVA,"VEHICULAR, PEATONAL",9,9,4,"1,2,3,4,6",N/A,"22,23,24,31",N/A,NO,0,"Brechas, Fases por demanda",3525
-74.17988731,4.63458973399997,3537,1154,3500,AK 89B X CL 49 S,BOSA,C900,SENCILLA,SI,2009/07/24 00:00:00+00,NORMAL,CA-TA,DEFINITIVA,"VEHICULAR, PEATONAL, CICLISTA",21,21,3,"1,2,3,4,792,793,794",N/A,"21,22,24,31,32,34","721,722,724,731,732,734","41,42",0,N/A,3425
-74.18262469,4.63365023300003,3538,1157,3501,AK 89 X CL 51 S,BOSA,C900,SENCILLA,SI,2009/10/19 00:00:00+00,NORMAL,BT-TA,DEFINITIVA,"VEHICULAR, PEATONAL, CICLISTA",8,8,2,"1,2",N/A,"21,22","721, 722","41, 42",0,N/A,3422
-74.10451758,4.59356440800002,3539,1021,3502,AK 27 X CL 14 S,ANTONIO NARINO,ACTROS,SENCILLA,SI,2006/10/06 00:00:00+00,NORMAL,BT-TF,DEFINITIVA,EXCLUSIVA PEATONAL,4,4,2,"1,2",N/A,"21,22 (Exc)",N/A,NO,0,N/A,3618
-74.18882699,4.63121134099998,3540,1162,3503,AK 89 X CL 56F S,BOSA,C900,SENCILLA,SI,2009/10/30 00:00:00+00,NORMAL,BT-TF,DEFINITIVA,"VEHICULAR, PEATONAL, CICLISTA",9,9,3,"1,2,3",N/A,"22,23,31,34",N/A,"41, 42",0,N/A,3422
-74.173785,4.63405799999998,3541,1832,3504,KR 88C X AC 43 S,KENNEDY,C900,SENCILLA,SI,2010/12/29 00:00:00+00,PMT,BT-TF,DEFINITIVA,"VEHICULAR, PEATONAL",4,4,2,"2,3",N/A,"22,23",N/A,NO,0,N/A,3425
-74.20135063,4.61258807500002,3542,1550,3925,KR 81F X AC 75 S,BOSA,C900,SENCILLA,SI,2018/05/18 00:00:00+00,PMT,BT-TF,DEFINITIVA,"VEHICULAR, PEATONAL",6,6,4,"1,2",N/A,"21,22","721, 722 (Desconectados)",NO,0,Activación de sonoro,3421
-74.19858469,4.61329858099998,3543,1551,3926,AK 82A X CL 73D S,BOSA,C900,SENCILLA,SI,2018/07/16 00:00:00+00,PMT,BT-TA,DEFINITIVA,"VEHICULAR, PEATONAL",18,18,2,"1A,2A,3,4","1B,2B","21,22,23,24,31,32","721,722,723,724,731,732",NO,0,N/A,3421
-74.19499592,4.61320352299998,3544,1552,3927,AK 82B X CL 71A S,BOSA,C900,SENCILLA,SI,2018/07/16 00:00:00+00,PMT,BT-TA,DEFINITIVA,"VEHICULAR, PEATONAL",21,21,3,"1A, 2A, 3, 4 , 91",N/A,"21, 22, 23, 24,291, 31, 32 ","722, 723 ,724, 7291, 731",NO,0,Activación de sonoro,3421
-74.15507395,4.576076801,3545,1633,3928,KR 47A X AC 68 S,CIUDAD BOLIVAR,C900,SENCILLA,SI,2019/05/22 00:00:00+00,NORMAL,CA-TA,DEFINITIVA,"VEHICULAR, PEATONAL",6,6,2,"1,2",N/A,"21,22 (Exc)","721, 722",NO,0,Fases por demanda peatonal,3510
-74.19164163,4.60993610100002,3546,1634,3929,KR 81 X CL 68A S,BOSA,C900,SENCILLA,SI,2019/09/11 00:00:00+00,NORMAL,BT-TA,DEFINITIVA,"VEHICULAR, PEATONAL",8,8,4,"1,2,3,4",N/A,"21,22,23,24",N/A,NO,0,"Brechas, Fases por demanda",3421
-74.14111617,4.59536029499998,3547,1638,3072,KR 54 X DG 45A S,TUNJUELITO,C900,SENCILLA,SI,2023/03/29 00:00:00+00,PMT,BT-TF,PROVISIONAL_PMT,"VEHICULAR, PEATONAL",4,4,2,"1,1A",N/A,"21,21A",N/A,NO,0,N/A,3514
-74.13791818,4.59428239900001,3548,1644,3073,KR 53 X DG 45B S,TUNJUELITO,C900,SENCILLA,SI,2023/03/29 00:00:00+00,PMT,BT-TF,PROVISIONAL_PMT,"VEHICULAR, PEATONAL",7,7,3,"1,2,3,93",N/A,"22,23,31",N/A,NO,0,N/A,3503
-74.16229769,4.64381834199997,3549,1651,3074,KR 89 X CL 2,KENNEDY,C900,SENCILLA,SI,2023/02/23 00:00:00+00,NORMAL,BT-TF,DEFINITIVA,"VEHICULAR, PEATONAL, CICLISTA",6,6,2,"1,2",N/A,"21,22",PROYECTADOS,"41,42",0,N/A,3425
-74.16533463,4.64111889399999,3550,1666,3075,AK 89 X CL 34A SUR,KENNEDY,C900,SENCILLA,SI,2023/02/14 00:00:00+00,NORMAL,CA-TA,DEFINITIVA,"VEHICULAR, PEATONAL, CICLISTA",20,20,3,"1,2,6,7,93,791",N/A,"21,22,23,31,32,34","721,722,723,731,732,734","41,42",0,N/A,3425
-74.16989708,4.63808248300001,3551,1667,3076,KR 89 X CL 40 B SUR,KENNEDY,C900,SENCILLA,SI,2023/02/24 00:00:00+00,NORMAL,CA-TA,DEFINITIVA,"VEHICULAR, PEATONAL, CICLISTA",24,24,3,"1, 2, 3, 4, 791, 792",N/A,"21,22,23,24,31,32,33,34","721, 722, 723, 724, 731, 732, 733, 734","41, 42",0,N/A,3425
-74.17173726,4.63722682899999,3552,1668,3077,KR 89 X CL 42A S,KENNEDY,C900,SENCILLA,SI,2023/02/26 00:00:00+00,NORMAL,CA-TA,DEFINITIVA,"VEHICULAR, PEATONAL, CICLISTA",24,24,3,"1,2,3,4, 91, 92",N/A,"21,22,23,24,31,32,33,34","721, 722, 723, 724, 731, 732, 733, 734","41,42",0,N/A,3425
-74.18510106,4.63268757200001,3553,1686,3078,KR 89B X CL 54 S,BOSA,C900,SENCILLA,SI,2023/02/21 00:00:00+00,NORMAL,BT-TF,DEFINITIVA,"VEHICULAR, PEATONAL, CICLISTA",11,11,3,"1, 2, 3",N/A,"21,22,23,31,32,33",PROYECTADOS,"41, 42",0,N/A,3422
-74.17484735,4.63600481200001,3554,1206,3079,AK 89 X AC 43 S,KENNEDY,C900,SENCILLA,SI,2023/07/27 00:00:00+00,PMT,BT-TF,DEFINITIVA,"VEHICULAR, PEATONAL, CICLISTA",18,18,3,"1,2,3,91",N/A,"21,22,23, 24,31,32","721, 722, 723,  724, 731, 732","41, 42",0,Activación de sonoro,3425
-74.09432992,4.56560898200001,3555,1768,3081,KR 3 X CL 30A S,SAN CRISTOBAL,C900,SENCILLA,SI,2023/03/27 00:00:00+00,NORMAL,RP-TF,DEFINITIVA,"VEHICULAR, PEATONAL",7,7,4,"2,3,4",N/A,"23,24,32",N/A,NO,0,N/A,3606
-74.173117,4.636619,3556,1778,3083,KR 89 X CL 42F S,KENNEDY,C900,SENCILLA,SI,2023/08/11 00:00:00+00,NORMAL,R-TF,DEFINITIVA,"VEHICULAR, PEATONAL, CICLISTA",8,8,2,"1,2",N/A,"21,22","721 ,722","41, 42",0,N/A,3425
-74.097934,4.59644300000002,3557,1787,3084,KR 25 X CL 1F,LOS MARTIRES,sX,SENCILLA,SI,2025/03/29 00:00:00+00,PMT,RP-TF,DEFINITIVA,"VEHICULAR, PEATONAL",6,6,3,"1,4",N/A,"21,24,31,34",N/A,NO,0,N/A,3623
-74.10133691,4.58481203999997,3558,1008,3414,KR 18 X CL 18 S,ANTONIO NARINO,C900,DOBLE,SI,1998/09/05 00:00:00+00,NORMAL,RP-TF,DEFINITIVA,"VEHICULAR, PEATONAL",5,11,2,"2,13",N/A,"22,213,313",N/A,NO,0,N/A,3605
-74.10187201,4.58538380900001,3559,1010,3414,KR 19 X CL 18 S,ANTONIO NARINO,NO,DOBLE,NO,1998/09/05 00:00:00+00,NORMAL,RP-TF,DEFINITIVA,"VEHICULAR, PEATONAL",6,11,3,"1,3,5",N/A,"21,23,33",N/A,NO,0,N/A,3605
-74.09981005,4.58925455100001,3560,1001,3415,KR 24 X DG 13BIS S,ANTONIO NARINO,C900,TRIPLE,SI,1989/12/11 00:00:00+00,NORMAL,BT-TA,DEFINITIVA,"VEHICULAR, PEATONAL",10,23,3,"3A,8,11,511,911",N/A,"28,211,23A,33A,3911",N/A,NO,0,"Brechas, Fases por demanda",3609
-74.09941126,4.58995001099998,3561,1136,3415,KR 24 X AC 11 S,ANTONIO NARINO,NO,TRIPLE,NO,1989/12/11 00:00:00+00,PMT,BT-TA,DEFINITIVA,"VEHICULAR, PEATONAL",6,23,2,"1,3,14",N/A,"21,23,214",N/A,NO,0,"Brechas, Fases por demanda",3609
-74.09902469,4.58952152000001,3562,1247,3415,AC 11 S X CL 10B S,ANTONIO NARINO,NO,TRIPLE,NO,1998/09/05 00:00:00+00,NORMAL,BT-TA,DEFINITIVA,"VEHICULAR, PEATONAL",3,23,5,"2,4",N/A,22,N/A,NO,0,Brechas,3609
-74.10902189,4.58928436799999,3563,1028,3416,KR 27 X CL 22 S,RAFAEL URIBE,C900,SENCILLA,SI,1990/09/18 00:00:00+00,Desvío - PMT,BT-TF,DEFINITIVA,"VEHICULAR, PEATONAL",13,13,3,"1,2,3,4,8",N/A,"21,22,23,24,31,32,33,34",N/A,NO,0,N/A,3618
-74.10203198,4.584164106,3564,1011,3417,KR 18 X CL 19 S,ANTONIO NARINO,NO,DOBLE,NO,1990/09/28 00:00:00+00,NORMAL,RP-TA,DEFINITIVA,"VEHICULAR, PEATONAL",9,18,2,"2,13,92",N/A,"22,213,313","722, 7213, 7313",NO,0,Activación de sonoro,3605
-74.10270701,4.58457182199999,3565,1013,3417,KR 19 X TV 21A,ANTONIO NARINO,C900,DOBLE,SI,1990/09/28 00:00:00+00,NORMAL,RP-TA,DEFINITIVA,"VEHICULAR, PEATONAL",9,18,3,"1,3",N/A,"21,23,31,33","721, 723, 733",NO,0,Activación de sonoro,3605
-74.09617244,4.58671557999998,3566,987,3418,KR 15 X AC 11 S,ANTONIO NARINO,C900,SENCILLA,SI,1998/08/02 00:00:00+00,NORMAL,RP-TF,DEFINITIVA,"VEHICULAR, PEATONAL",8,8,4,"1,3,4,93",N/A,"21,23,24,34 (Reg)",N/A,NO,0,N/A,3605
-74.10044988,4.58665812200002,3567,1005,3419,KR 19 Y TV 18BIS X CL 16 S,ANTONIO NARINO,C900,SENCILLA,SI,1998/08/02 00:00:00+00,NORMAL,RP-TF,DEFINITIVA,"VEHICULAR, PEATONAL",6,6,3,"1,4,4A",N/A,"21,24,24A",N/A,NO,0,N/A,3605
-74.10145272,4.58768962900001,3568,1009,3420,KR 24 X CL 16 S,ANTONIO NARINO,C900,SENCILLA,SI,1998/08/02 00:00:00+00,NORMAL,RP-TF,DEFINITIVA,"VEHICULAR, PEATONAL",4,4,2,"1,4",N/A,"21,24",N/A,NO,0,N/A,3605
-74.15753181,4.64989391300003,3569,1382,3505,KR 90 X CL 6D,KENNEDY,C900,SENCILLA,SI,2014/09/03 00:00:00+00,NORMAL,BT-TF,DEFINITIVA,"VEHICULAR, PEATONAL",8,8,4,"1,2,3,4",N/A,"21,22,23,24",N/A,NO,0,"Brechas, Fases por demanda",2437
-74.15586642,4.616551254,3570,1490,3506,TV 78H X CL 41 S,KENNEDY,ACTROS,SENCILLA,SI,2016/12/18 00:00:00+00,PMT,BT-TF,DEFINITIVA,"VEHICULAR, PEATONAL",12,12,2,"3,4,91",N/A,"23,24,291,394","723, 724 ,7291, 7394 Desconectados",NO,0,"Conteo, Activación de sonoro",3531
-74.16020636,4.61811649499998,3571,1517,3507,TV 78J X CL 42 S,KENNEDY,C900,SENCILLA,SI,2016/12/18 00:00:00+00,NORMAL,BT-TA,DEFINITIVA,"VEHICULAR, PEATONAL",10,10,4,"3,4,5,7,91,94",N/A,"23,25","723, 725",NO,0,Activación de sonoro,3528
-74.15634546,4.643785971,3572,1296,3509,KR 87A X CL 6A,KENNEDY,C900,SENCILLA,SI,2013/03/07 00:00:00+00,NORMAL,RP-TA,DEFINITIVA,"VEHICULAR, PEATONAL",12,12,2,"2,7,12,92",N/A,"22,392,27,212","722, 7392, 727, 7212",NO,0,Fases por demanda peatonal sonoro,2404
-74.15458488,4.64502250300001,3573,1230,3510,KR 87A X CL 6D,KENNEDY,C900,DOBLE,SI,2011/09/08 00:00:00+00,NORMAL,CA-TA,DEFINITIVA,"VEHICULAR, PEATONAL",6,11,3,"3,4,6,92",N/A,"23,292",N/A,NO,0,N/A,2404
-74.15342934,4.64321913999999,3574,1270,3510,AK 86 X CL 6D,KENNEDY,NO,DOBLE,NO,2012/08/13 00:00:00+00,NORMAL,CA-TA,DEFINITIVA,"VEHICULAR, PEATONAL",5,11,3,"1,2,13,6A",N/A,213,N/A,NO,0,"Conteo, Brechas",2404
-74.16375946,4.64246377699999,3575,1741,3511,AK 89 X CL 26 S,KENNEDY,C900,SENCILLA,SI,2021/10/20 00:00:00+00,NORMAL,R-TA,DEFINITIVA,"VEHICULAR, PEATONAL, CICLISTA",20,20,3,"1, 2, 3, 4",N/A,"21, 22, 23,24,31, 32","721, 722, 723,724,731, 732","41, 42",0,Fases por demanda peatonal sonoro,3425
-74.09362208,4.56823289800002,3576,1565,3512,KR 3 X CL 27 SUR,SAN CRISTOBAL,ACTROS,DOBLE,SI,2018/12/13 00:00:00+00,NORMAL,RP-TA,DEFINITIVA,"VEHICULAR, PEATONAL",10,26,4,"3,7,12,94A,912",N/A,"23,212,312,294A,2912","723,7212,7312,7294A,72912",NO,0,Activación de sonoro,3606
-74.09377131,4.56741893899999,3577,1566,3512,KR 3 X CL 27A SUR,SAN CRISTOBAL,NO,DOBLE,NO,2018/12/13 00:00:00+00,NORMAL,RP-TA,DEFINITIVA,"VEHICULAR, PEATONAL",7,26,4,"2,3A,4",N/A,"22,23A,24,32","722,723A,724,732",NO,0,Activación de sonoro,3606
-74.16578652,4.61734220699998,3578,1567,3513,KR 79 X CL 45 SUR,KENNEDY,C900,SENCILLA,SI,2019/02/04 00:00:00+00,NORMAL,RP-TA,DEFINITIVA,"VEHICULAR, PEATONAL",5,5,3,"1,2,4",N/A,"21,24",N/A,NO,0,"Brechas, Fases por demanda, Fases por demanda peatonal",3527
-74.126646,4.58762300000001,3579,1792,3085,KR 33 X CL 41A SUR,RAFAEL URIBE,C900,SENCILLA,SI,2024/10/28 00:00:00+00,NORMAL,BT-TA,DEFINITIVA,"VEHICULAR, PEATONAL",9,9,2,"3,4,92",N/A,"23,24,292","723,724,7292",NO,0,N/A,3524
-74.170356,4.63476800000001,3580,1795,3086,KR 87I X CL 42A SUR,KENNEDY,C900,SENCILLA,SI,2024/02/07 00:00:00+00,PMT,BT-TF,PROVISIONAL_PMT,"VEHICULAR, PEATONAL, CICLISTA",10,10,3,"1,2,3,4",N/A,"21,22,23,24",N/A,"43,44",0,N/A,3405
-74.16585,4.63817399999999,3581,1796,3087,KR 88 X CL 38 SUR,KENNEDY,C900,SENCILLA,SI,2024/02/07 00:00:00+00,PMT,BT-TF,PROVISIONAL_PMT,"VEHICULAR, PEATONAL",6,6,4,"2,3,4,8",N/A,"22,24",N/A,NO,0,N/A,3405
-74.131328,4.585801,3582,1798,3088,AK 33 X CL 47B SUR,RAFAEL URIBE,C900,SENCILLA,SI,2024/10/24 00:00:00+00,NORMAL,BT-TA,DEFINITIVA,"VEHICULAR, PEATONAL",15,15,4,"1,2,3,4",N/A,"21,22,23,24,31,32","721,722,724,731,732",NO,0,N/A,3524
-74.159866,4.63768499999998,3583,1818,3089,KR 86 X CL 26 SUR,KENNEDY,C900,SENCILLA,SI,2024/03/23 00:00:00+00,PMT,BT-TF,PROVISIONAL_PMT,"VEHICULAR, PEATONAL, CICLISTA",5,5,2,2A,"1B,2B","21,22",N/A,NO,0,N/A,3405
-74.109862,4.57812300000001,3584,1827,3090,AK 14 X CL 30 S,RAFAEL URIBE,C900,SENCILLA,SI,2024/09/10 00:00:00+00,NORMAL,R-TA,DEFINITIVA,"VEHICULAR, PEATONAL",13,13,3,"1,2,7,93,94","1B,2B","22,23,31","722,723,731",NO,0,N/A,3605
-74.126133,4.56559499999997,3585,1828,3091,KR 13D X CL 51 S,TUNJUELITO,C900,SENCILLA,SI,2024/08/15 00:00:00+00,NORMAL,BT-TF,DEFINITIVA,"VEHICULAR, PEATONAL",11,11,3,"1,2,7,93","1B,2B","21,27,32","721,732",NO,0,N/A,3604
-74.100985,4.59213299999999,3586,1833,3092,KR 25 X CL 11 SUR,ANTONIO NARINO,sX,SENCILLA,SI,2024/07/05 00:00:00+00,PMT,BT-TF,PROVISIONAL_PMT,"VEHICULAR, PEATONAL",5,5,3,"3,5,7",N/A,"25,23",N/A,NO,0,N/A,3623
-74.117454,4.59998000000002,3587,1847,3093,KR 39 X AC 26 S,PUENTE ARANDA,sX,SENCILLA,SI,2024/08/22 00:00:00+00,NORMAL,BT-TF,PROVISIONAL_PMT,"VEHICULAR, PEATONAL",4,4,2,"3,4",N/A,"23,24",N/A,NO,0,N/A,3622
-74.121175,4.55296099999998,3588,1852,3096,KR 5F X AC 51 SUR,USME,C900,SENCILLA,SI,2024/12/20 00:00:00+00,NORMAL,BT-TF,DEFINITIVA,"VEHICULAR, PEATONAL",8,8,2,"1A,2A","1B,2B","21,22","721 , 722",NO,0,N/A,3616
-74.08728981,4.59376082199998,3589,962,3097,AK 14 X CL 2,SANTA FE,C900,SENCILLA,SI,1993/05/23 00:00:00+00,PMT,R-TF,DEFINITIVA,"VEHICULAR, PEATONAL",8,8,2,"1A,2A,3","1B,2B","21,23,32",N/A,NO,0,N/A,3605
-74.10066434,4.58545496300002,3590,1006,3421,KR 18 X CL 17 S,ANTONIO NARINO,C900,SENCILLA,SI,1983/12/09 00:00:00+00,NORMAL,RP-TF,DEFINITIVA,"VEHICULAR, PEATONAL",5,5,2,"2,4",N/A,"22,24,32",N/A,NO,0,N/A,3605
-74.09760537,4.589019409,3591,993,3422,KR 19 X CL 10B S,ANTONIO NARINO,C900,SENCILLA,SI,2006/11/17 00:00:00+00,NORMAL,R-TA,DEFINITIVA,"VEHICULAR, PEATONAL",5,5,3,"1,3,4",N/A,"21,23",N/A,NO,0,Fases por demanda peatonal,3609
-74.09799236,4.57208938799999,3592,994,3423,AK 10 X CL 27 S,SAN CRISTOBAL,ACTROS,SENCILLA,SI,2004/05/21 00:00:00+00,NORMAL,CA-TA,DEFINITIVA,"VEHICULAR, PEATONAL",14,14,4,"1A,2A,3,4,6,7","1B,2B","21,22,23,24,31,32",N/A,NO,0,"Conteo, Brechas",3606
-74.09668182,4.60060156700001,3593,645,3424,KR 26 X CL 3,LOS MARTIRES,NO,DOBLE,NO,2004/08/26 00:00:00+00,NORMAL,RP-TF,DEFINITIVA,"VEHICULAR, PEATONAL",6,13,3,"3,4A,12",N/A,"212,24A,33",N/A,NO,0,N/A,3623
-74.0979826,4.59893303400003,3594,655,3424,KR 26 X CL 2,LOS MARTIRES,C900,DOBLE,SI,2004/08/26 00:00:00+00,NORMAL,RP-TF,DEFINITIVA,"VEHICULAR, PEATONAL",7,13,2,"2,4,3A",N/A,"22,24,32,33A",N/A,NO,0,N/A,3623
-74.09683596,4.59804303999999,3595,647,3425,KR 25 X CL 2,LOS MARTIRES,C900,SENCILLA,SI,1993/09/21 00:00:00+00,PMT,RP-TF,DEFINITIVA,"VEHICULAR, PEATONAL",5,5,2,"1,3",N/A,"21,23,33",N/A,NO,0,N/A,3623
-74.09497067,4.59940514499999,3596,634,3426,KR 24 X CL 3,LOS MARTIRES,C900,DOBLE,SI,1993/09/21 00:00:00+00,NORMAL,RP-TF,DEFINITIVA,"VEHICULAR, PEATONAL",6,11,2,"3,4,12",N/A,"24,212,312 (Reg)",N/A,NO,0,N/A,3623
-74.09555652,4.59743841699998,3597,638,3426,KR 24 X CL 2,LOS MARTIRES,NO,DOBLE,NO,1993/09/21 00:00:00+00,PMT,RP-TF,DEFINITIVA,"VEHICULAR, PEATONAL",5,11,2,"2,3A",N/A,"22,23A,33A",N/A,NO,0,N/A,3623
-74.09782913,4.60142948999999,3598,653,3427,AK 27 X CL 3,LOS MARTIRES,C900,DOBLE,SI,1993/12/21 00:00:00+00,NORMAL,RP-TF,DEFINITIVA,"VEHICULAR, PEATONAL",5,10,2,"1,3,4A",N/A,"21,23",N/A,NO,0,N/A,3623
-74.0990955,4.59981577299999,3599,664,3427,AK 27 X CL 2,LOS MARTIRES,NO,DOBLE,NO,1993/12/21 00:00:00+00,NORMAL,RP-TF,DEFINITIVA,"VEHICULAR, PEATONAL",5,10,2,"3A,4,11",N/A,"23A,211",N/A,NO,0,N/A,3623
-74.1065101,4.59169938600002,3600,1023,3428,AK 27 X CL 17 S,ANTONIO NARINO,ACTROS,SENCILLA,SI,1990/06/21 00:00:00+00,NORMAL,BT-TF,DEFINITIVA,"VEHICULAR, PEATONAL",9,9,2,"1,2,3,4,5,6",N/A,"21,22,24",N/A,NO,0,N/A,3618
-74.16048429,4.58011727100001,3601,1534,3654,AK 51 X CL 68F SUR,CIUDAD BOLIVAR,ACTROS,SENCILLA,SI,2018/11/06 00:00:00+00,NORMAL,RP-TA,DEFINITIVA,"VEHICULAR, PEATONAL",14,14,4,"2,3,4,8",N/A,"22,23,24,33,34",722.723.724.733.734,NO,0,"Cola - Siguiente Intersección, Activación de sonoro",3510
-74.10452365,4.60372049199998,3602,1330,3655,KR 31D X CL 2,PUENTE ARANDA,C900,SENCILLA,SI,2014/02/08 00:00:00+00,NORMAL,BT-TF,DEFINITIVA,"VEHICULAR, PEATONAL",4,4,2,"1,4",N/A,"21,34",N/A,NO,0,N/A,3624
-74.16138099,4.60957375200002,3603,1469,3657,DG 44 S X KR 77V BIS,KENNEDY,C900,SENCILLA,SI,2017/02/03 00:00:00+00,NORMAL,BT-TA,DEFINITIVA,EXCLUSIVA PEATONAL,4,6,2,"1,2",N/A,"21,22 (Exc)",722,NO,0,Activación de sonoro,3531
-74.11547863,4.61328204,3604,1316,3658,AK 50 X CL 2C,PUENTE ARANDA,ACTROS,SENCILLA,SI,2013/09/21 00:00:00+00,NORMAL,BT-TF,DEFINITIVA,"VEHICULAR, PEATONAL",7,7,3,"1,2,7,93",N/A,"22,23,31",N/A,NO,0,N/A,3526
-74.11918814,4.60645185800001,3605,770,3659,AK 50 X DG 16 S,PUENTE ARANDA,ACTROS,SENCILLA,SI,2000/10/10 00:00:00+00,NORMAL,BT-TF,DEFINITIVA,"VEHICULAR, PEATONAL, CICLISTA",17,17,3,"1,2,3,4,7,11,12",N/A,"21,22,23,24,33,34,311,312 ",N/A,"43, 44",0,N/A,3526
-74.11684794,4.61060932200002,3606,759,3660,AK 50 X CL 1G,PUENTE ARANDA,ACTROS,SENCILLA,SI,2000/07/28 00:00:00+00,NORMAL,BT-TF,DEFINITIVA,"VEHICULAR, PEATONAL",8,8,2,"1,2,3,4",N/A,"22,23,24,31",N/A,NO,0,N/A,3526
-74.11137627,4.60243413199998,3607,733,3661,AK 36 X AC 8 S,PUENTE ARANDA,C900,SENCILLA,SI,2000/07/19 00:00:00+00,NORMAL,BT-TA,DEFINITIVA,"VEHICULAR, PEATONAL",8,12,4,"1,3,4,7",N/A,"21,24,33,37",721.724.733.737,NO,0,"Brechas, Activación de sonoro",3624
-74.10938758,4.60502463199998,3608,725,3662,AK 36 X CL 1F,PUENTE ARANDA,C900,SENCILLA,SI,2000/07/18 00:00:00+00,NORMAL,BT-TF,DEFINITIVA,"VEHICULAR, PEATONAL",7,7,3,"1,2,3,5",N/A,"22,23,31",N/A,NO,0,N/A,3624
-74.10791147,4.60693142100001,3609,716,3663,AK 36 X CL 2B,PUENTE ARANDA,C900,SENCILLA,SI,1993/12/21 00:00:00+00,NORMAL,BT-TF,DEFINITIVA,"VEHICULAR, PEATONAL",9,9,4,"1,2,3,4,6",N/A,"21,23,24,32",N/A,NO,0,N/A,3624
-74.11848046,4.60769370899999,3610,767,3664,AK 50 X AC 8 S,PUENTE ARANDA,ACTROS,SENCILLA,SI,1993/12/21 00:00:00+00,NORMAL,BT-TF,DEFINITIVA,"VEHICULAR, PEATONAL",9,9,3,"1,2,4,5,92",N/A,"21,24,32,35",N/A,NO,0,N/A,3526
-74.08901792,4.591885848,3611,965,3098,AK 14 X CL 1,ANTONIO NARINO,C900,CUADRUPLE,SI,1997/10/18 00:00:00+00,PMT,R-TF,DEFINITIVA,"VEHICULAR, PEATONAL",14,32,2,"1A,13,14,912","1B,12B","21,23,212,2912,31,34,312, 214",N/A,NO,0,"Conteo, Brechas",3605
-74.08984948,4.59133897800001,3612,966,3098,AK 14 X DG 1BIS S,ANTONIO NARINO,NO,CUADRUPLE,NO,1997/10/18 00:00:00+00,PMT,R-TF,DEFINITIVA,EXCLUSIVA PEATONAL,6,32,2,"2A,11A","2B,11B","22,21","722, 7211",NO,0,Activación de sonoro,3605
-74.087792,4.59113600000001,3613,1893,3098,KR 13 X AC 1,ANTONIO NARINO,NO,CUADRUPLE,NO,2025/02/17 00:00:00+00,PMT,R-TF,PROVISIONAL_PMT,"VEHICULAR, PEATONAL",5,32,4,"1,4, 113",N/A,"21B, 2113",N/A,NO,0,N/A,3605
-74.089902,4.592241,3614,1894,3098,TV 17 X AC 1,ANTONIO NARINO,NO,CUADRUPLE,NO,2025/02/17 00:00:00+00,PMT,R-TF,PROVISIONAL_PMT,"VEHICULAR, PEATONAL",7,32,4,"3, 5, 91, 114",N/A,"23, 21A, 2114",N/A,NO,0,N/A,3605
-74.121095,4.550321,3615,1853,3099,KR 5D X AC 51 S,USME,C900,SENCILLA,SI,2024/10/26 00:00:00+00,NORMAL,BT-TA,DEFINITIVA,"VEHICULAR, PEATONAL, CICLISTA",13,13,3,"1A,2A,102","1B,2B","22,31,2102","722,731,72102","41,42",0,N/A,3616
-74.171212,4.62422600000002,3616,1855,3101,KR 81H X CL 46 S,KENNEDY,sX,SENCILLA,SI,2024/09/02 00:00:00+00,NORMAL,BT-TF,PROVISIONAL_PMT,"VEHICULAR, PEATONAL",9,9,3,"1,2,3",N/A,"21,22,23,31,32,33",N/A,NO,0,N/A,3405
-74.120869,4.54695099999998,3617,1858,3102,KR 5D X AC 51 S,USME,C900,SENCILLA,SI,2024/10/12 00:00:00+00,NORMAL,BT-TA,DEFINITIVA,"VEHICULAR, PEATONAL",10,10,2,"1A,2A","1B,2B","21,22","721,722",NO,0,N/A,3616
-74.192985,4.61517199999997,3618,1866,3103,AK 82B X CL 69S,PUENTE ARANDA,C900,SENCILLA,SI,2024/11/27 00:00:00+00,NORMAL,BT-TA,DEFINITIVA,"VEHICULAR, PEATONAL",8,8,2,"1A,2A","1B,2B","21,22","721,722",NO,0,N/A,3421
-74.117604,4.602891,3619,1868,3104,KR 40 X DG 16 S,PUENTE ARANDA,sX,SENCILLA,SI,2024/10/11 00:00:00+00,NORMAL,BT-TF,PROVISIONAL_PMT,"VEHICULAR, PEATONAL",7,7,3,"1,2,3,4",N/A,"21,23,24",N/A,NO,0,N/A,3526
-74.113548,4.59941199999997,3620,1869,3105,KR 36 X DG 16 S,PUENTE ARANDA,sX,SENCILLA,SI,2024/10/11 00:00:00+00,PMT,BT-TF,PROVISIONAL_PMT,"VEHICULAR, PEATONAL",10,10,3,"2,3,4,3A,4A,12",N/A,"22,24,24A,312",N/A,NO,0,N/A,3526
-74.122482,4.601111,3621,1870,3106,AK 50 X CL 29B S,PUENTE ARANDA,sX,SENCILLA,SI,2024/10/11 00:00:00+00,NORMAL,BT-TF,PROVISIONAL_PMT,"VEHICULAR, PEATONAL",8,8,3,"1,2,3,5",N/A,"22,23,31,33",N/A,NO,0,N/A,3525
-74.12899233,4.570660659,3622,1082,3429,KR 19C X CL 48C S Y DG 48 S,TUNJUELITO,ACTROS,TRIPLE,SI,1990/06/21 00:00:00+00,NORMAL,BT-TA,DEFINITIVA,"VEHICULAR, PEATONAL",9,28,3,"2,4,7,13,91,94","4B,13B","24,213, 291,294, 313B",N/A,NO,0,N/A,3513
-74.1300789,4.57042601000001,3623,1085,3429,KR 19C X CL 51 S,TUNJUELITO,NO,TRIPLE,NO,1990/06/21 00:00:00+00,NORMAL,BT-TA,DEFINITIVA,"VEHICULAR, PEATONAL",9,28,3,"3,14,92","3B,14B","23,214,292,393","723, 7214, 7292, 7393",NO,0,Activación de sonoro,3513
-74.12921049,4.57171345500001,3624,1498,3429,KR 20BIS X CL 48C S,TUNJUELITO,NO,TRIPLE,NO,2017/05/09 00:00:00+00,NORMAL,BT-TA,DEFINITIVA,"VEHICULAR, PEATONAL",6,28,4,"1,5,92A",N/A,"21,35,292A",N/A,NO,0,"Brechas, Fases por demanda peatonal",3513
-74.12516929,4.57868249000001,3625,1066,3430,KR 23B X AC 44 S,RAFAEL URIBE,NO,DOBLE,NO,1998/09/05 00:00:00+00,NORMAL,BT-TA,DEFINITIVA,"VEHICULAR, PEATONAL",8,18,2,"2A,4,13,92A",N/A,"22A,24","722A,724",NO,0,Activación de sonoro,3524
-74.12547661,4.57937080599999,3626,1069,3430,KR 24 X AC 44 S,RAFAEL URIBE,C900,DOBLE,SI,1998/09/05 00:00:00+00,NORMAL,BT-TA,DEFINITIVA,"VEHICULAR, PEATONAL",10,18,3,"1,1A,2,3,14,614",N/A,"21,21A,23,32",N/A,NO,0,N/A,3524
-74.13439535,4.568743434,3627,1092,3431,KR 19C X CL 55 S,TUNJUELITO,ACTROS,SENCILLA,SI,2003/05/09 00:00:00+00,NORMAL,BT-TF,DEFINITIVA,"VEHICULAR, PEATONAL",8,8,3,"1,3,4,8","3B,4B","23,34 (Reg)",N/A,NO,0,N/A,3513
-74.1618668,4.60338690999998,3628,899,3432,AK 71B X CL 53C BIS S,BOSA,C900,SENCILLA,SI,2007/09/14 00:00:00+00,NORMAL,BT-TA,DEFINITIVA,"VEHICULAR, PEATONAL",6,6,2,"1,2",N/A,"21,22","721,722",NO,0,"Fases por demanda peatonal, Fases por demanda peatonal sonoro",3518
-74.16785916,4.63037559100002,3629,1128,3433,AK 86 X CL 42A S,KENNEDY,C900,DOBLE,SI,2008/05/16 00:00:00+00,PMT,BT-TF,DEFINITIVA,"VEHICULAR, PEATONAL, CICLISTA",10,17,3,"2A,6,7","1B,2B","22A,23,31","23, 34","41,42",0,"Conteo, Brechas, Cola - Siguiente Intersección",3405
-74.168829,4.63194199999998,3630,1910,3433,KR 86D X CL 42A S,KENNEDY,NO,DOBLE,NO,2025/04/02 00:00:00+00,NORMAL,BT-TF,PROVISIONAL_PMT,"VEHICULAR, PEATONAL, CICLISTA",7,17,4,"2,3,4,8",N/A,"22,24",N/A,NO,0,N/A,3405
-74.12116664,4.58079927,3631,1055,3434,KR 24 X CL 40 S,RAFAEL URIBE,C900,SENCILLA,SI,2000/01/20 00:00:00+00,NORMAL,BT-TF,DEFINITIVA,"VEHICULAR, PEATONAL",8,8,2,"1,2,3,4",N/A,"21,22,23,24",N/A,NO,0,N/A,3524
-74.14237508,4.580410175,3632,1109,3665,KR 33 X CL 56A S,TUNJUELITO,ACTROS,SENCILLA,SI,1998/04/24 00:00:00+00,NORMAL,BT-TF,DEFINITIVA,"VEHICULAR, PEATONAL",11,11,3,"1,2,3,4,91",N/A,"21,22,23,24,31,32",N/A,NO,0,N/A,3524
-74.14064109,4.57666441499998,3633,1105,3666,KR 25 X CL 56A S,TUNJUELITO,ACTROS,SENCILLA,SI,1998/09/05 00:00:00+00,NORMAL,BT-TF,DEFINITIVA,"VEHICULAR, PEATONAL, CICLISTA",9,9,2,"1,1A,2,2A,5",N/A,"21A,22,24",N/A,44,0,N/A,3524
-74.13951091,4.57314498900001,3634,1103,3667,KR 24 X CL 56A S,TUNJUELITO,ACTROS,SENCILLA,SI,1998/09/05 00:00:00+00,NORMAL,BT-TA,DEFINITIVA,"VEHICULAR, PEATONAL",12,18,3,"1,1A,2,2A,5,8",N/A,"21,21A,28,32,32A,35","721,721A,728,732,732A,735",NO,0,Activación de sonoro,3524
-74.15741888,4.58048835300002,3635,1118,3668,AK 51 X AC 68 S,CIUDAD BOLIVAR,C900,SENCILLA,SI,1995/05/13 00:00:00+00,NORMAL,CA-TA,DEFINITIVA,"VEHICULAR, PEATONAL",20,31,4,"1,2,3,4,5,8,91,92,94",N/A,"21,22,23,24,31,32,33,34,291,292,294","721, 722, 723, 724, 731, 732, 733, 734, 7291, 7292, 7294",NO,0,"Conteo, Brechas, Cola, Activación de sonoro",3510
-74.1390301,4.56132709899998,3636,1102,3669,KR 19 X CL 60C S,CIUDAD BOLIVAR,C900,SENCILLA,SI,2007/09/10 00:00:00+00,NORMAL,BT-TF,DEFINITIVA,"VEHICULAR, PEATONAL",12,12,2,"1,2,2A,91,92,93",N/A,"21,22,22A,291,292,293",N/A,NO,0,N/A,3511
-74.15125868,4.57226166800001,3637,1115,3670,KR 38 X AC 61 S,CIUDAD BOLIVAR,C900,SENCILLA,SI,1998/08/05 00:00:00+00,NORMAL,CA-TF,DEFINITIVA,"VEHICULAR, PEATONAL",18,25,5,"1,2,3,4,5,6,91,92,94",N/A,"21,22,23,24,292,294,31,32,33","721, 722, 723, 724, 731, 732, 733",NO,0,"Conteo, Brechas, Activación de sonoro",3510
-74.15615199,4.57809110800002,3638,1117,3671,KR 49 Y TV 49 X AC 68 S,CIUDAD BOLIVAR,C900,SENCILLA,SI,1998/09/05 00:00:00+00,NORMAL,CA-TA,DEFINITIVA,"VEHICULAR, PEATONAL",14,14,5,"1,2,3,4,5,6,92,94",N/A,"22,23,24,31,292,294",N/A,NO,0,"Conteo, Brechas",3510
-74.14482413,4.56786569299999,3639,1110,3672,KR 22B X AC 61 S,CIUDAD BOLIVAR,C900,DOBLE,SI,1998/08/05 00:00:00+00,NORMAL,CA-TA,DEFINITIVA,"VEHICULAR, PEATONAL",7,10,4,"3,4A,8,12",N/A,"23,34A,212",N/A,NO,0,"Conteo, Brechas, Fases por demanda",3510
-74.14507748,4.56765342699998,3640,1112,3672,KR 22B X DG 62 S,CIUDAD BOLIVAR,NO,DOBLE,NO,1998/08/05 00:00:00+00,NORMAL,CA-TA,DEFINITIVA,"VEHICULAR, PEATONAL",3,10,3,"2,4",N/A,24,N/A,NO,0,"Conteo, Brechas",3510
-74.13593909,4.58511335499998,3641,1094,3673,KR 33 X CL 50B S,TUNJUELITO,ACTROS,DOBLE,SI,1990/09/18 00:00:00+00,NORMAL,BT-TF,DEFINITIVA,"VEHICULAR, PEATONAL",8,15,3,"1,6,12,94",N/A,"21,36,294,312 (Reg)",N/A,NO,0,N/A,3524
-74.120137,4.601809,3642,1871,3107,KR 41BIS X CL 26 S,PUENTE ARANDA,sX,SENCILLA,SI,2024/11/12 00:00:00+00,NORMAL,BT-TF,PROVISIONAL_PMT,"VEHICULAR, PEATONAL",4,4,2,"3,4",N/A,"23,24",N/A,NO,0,N/A,3622
-74.132379,4.61346800000001,3643,1872,3108,KR 69 X CL 24 S,KENNEDY,sX,SENCILLA,SI,2024/12/14 00:00:00+00,PMT,BT-TF,PROVISIONAL_PMT,"VEHICULAR, PEATONAL",7,7,3,"1,2,4,6",N/A,"21,22,24",N/A,NO,0,N/A,3504
-74.133295,4.61524300000002,3644,1873,3109,KR 69B X CL 24 S,KENNEDY,sX,SENCILLA,SI,2024/12/14 00:00:00+00,PMT,BT-TF,PROVISIONAL_PMT,"VEHICULAR, PEATONAL",7,7,3,"1,2,4,6",N/A,"21,22,24",N/A,NO,0,N/A,3504
-74.12416,4.52256899999998,3645,1884,3110,AV BOYACÁ (AC 71 S) X DG 68A S,USME,C900,SENCILLA,SI,2025/02/14 00:00:00+00,NORMAL,BT-TF,DEFINITIVA,"VEHICULAR, PEATONAL",4,4,4,"2,92,94",N/A,294,N/A,NO,0,N/A,3511
-74.120352,4.53751799999998,3646,1886,3111,AK 14 X CL 63 S,USME,C900,SENCILLA,SI,2025/01/22 00:00:00+00,NORMAL,BT-TA,DEFINITIVA,"VEHICULAR, PEATONAL, CICLISTA",10,10,2,"1A,2A","1B,2B","21,22","721, 722",NO,0,N/A,3625
-74.140559,4.61410100000001,3647,1888,3112,AK 72 X CL 37 S,KENNEDY,sX,SENCILLA,SI,2025/01/23 00:00:00+00,NORMAL,CA-TF,PROVISIONAL_PMT,"VEHICULAR, PEATONAL",13,13,3,"1,1A,2,2A,3,4,5",N/A,"21,21A,23,24,32,32A",N/A,NO,0,N/A,3505
-74.137338,4.61533600000001,3648,1889,3113, KR 70B X CL 31 S,KENNEDY,sX,SENCILLA,SI,2025/01/23 00:00:00+00,NORMAL,BT-TF,PROVISIONAL_PMT,"VEHICULAR, PEATONAL",5,5,3,"3,92",N/A,"23,292,33",N/A,NO,0,N/A,3504
-74.089873,4.59467999999998,3649,1898,3114,KR 18 Y TV 17A X DG 1G BIS,LOS MARTIRES,sX,TRIPLE,SI,2025/02/17 00:00:00+00,NORMAL,R-TF,PROVISIONAL_PMT,"VEHICULAR, PEATONAL",6,19,3,"1, 3A, 92",N/A,"21, 23A,292",N/A,NO,0,N/A,3605
-74.090728,4.59254700000002,3650,1899,3114,KR 18 X AC 1,ANTONIO NARINO,NO,TRIPLE,NO,2025/02/17 00:00:00+00,PMT,R-TF,PROVISIONAL_PMT,"VEHICULAR, PEATONAL",7,19,4,"3,4,7",N/A,"23, 33,34,37",N/A,NO,0,N/A,3605
-74.091297,4.59442999999999,3651,1903,3114,KR 18C X CL 1F,ANTONIO NARINO,NO,TRIPLE,NO,2025/03/30 00:00:00+00,PMT,R-TF,PROVISIONAL_PMT,"VEHICULAR, PEATONAL",6,19,3,"1A,2, 4A",N/A,"21A,22, 24A",N/A,NO,0,N/A,3605
-74.155544,4.64662399999997,3652,1799,3116,KR 88 X CL 6D,FONTIBON,C900,SENCILLA,SI,2025/04/09 00:00:00+00,NORMAL,RP-TF,DEFINITIVA,"VEHICULAR, PEATONAL",7,7,4,"2,3,4,8",N/A,"22,23,24",N/A,NO,0,N/A,2404
-74.10063765,4.60338978099998,3653,677,3186,AK 30 X AC 3,LOS MARTIRES,C900,DOBLE,SI,1993/09/21 00:00:00+00,NORMAL,BT-TF,DEFINITIVA,"VEHICULAR, PEATONAL",12,18,2,"1A,2A,3,4","1B,2B","21,22,23,214,31,32",N/A,NO,0,"Conteo, Brechas, Cola",3622
-74.09912479,4.60236361199998,3654,1135,3186,KR 28A X CL 3,LOS MARTIRES,NO,DOBLE,NO,2006/05/12 00:00:00+00,NORMAL,BT-TF,DEFINITIVA,"VEHICULAR, PEATONAL",6,18,4,"4,7,13",N/A,"24,37,313",N/A,NO,0,"Brechas, Cola, Cola - Siguiente Intersección",3622
-74.12381858,4.57985286600001,3655,1061,3435,KR 24 X CL 42 S,RAFAEL URIBE,C900,SENCILLA,SI,1998/01/07 00:00:00+00,NORMAL,BT-TF,DEFINITIVA,"VEHICULAR, PEATONAL",6,6,2,"1,2,4",N/A,"21,24,32",N/A,NO,0,N/A,3524
-74.14482358,4.63466987800001,3656,1346,3436,TV 78C X CL 6H,KENNEDY,C900,SENCILLA,SI,2014/06/05 00:00:00+00,NORMAL,BT-TA,DEFINITIVA,"PEATONAL, CICLISTA",5,6,2,"1,2",N/A,22 (Exc),722,"43,44 (Exc)",0,Activación de sonoro,2405
-74.19062128,4.60304031800001,3657,941,3437,TV 78L X DG 69B S,BOSA,C900,SENCILLA,SI,1998/01/07 00:00:00+00,NORMAL,BT-TF,DEFINITIVA,"VEHICULAR, PEATONAL",7,7,3,"1,2,3,4",N/A,"22,24,33",N/A,NO,0,N/A,3417
-74.14827978,4.63273156299999,3658,861,3438,TV 78C X AC 6,KENNEDY,C900,DOBLE,SI,2003/12/09 00:00:00+00,NORMAL,BT-TA,DEFINITIVA,EXCLUSIVA PEATONAL,4,14,3,"2,11",N/A,"22,211 (Exc)","722, 7211",NO,0,Activación de sonoro,2405
-74.14755722,4.63315759400001,3659,1280,3438,TV 78C X CL 6B,KENNEDY,NO,DOBLE,NO,2012/11/30 00:00:00+00,NORMAL,BT-TA,DEFINITIVA,"VEHICULAR, PEATONAL",6,14,2,"1,7,12,93",N/A,"23,212","723, 7212",NO,0,Activación de sonoro,2405
-74.1265776,4.56685394599998,3660,1076,3439,TV 14 X DG 51B S,TUNJUELITO,ACTROS,SENCILLA,SI,1990/12/03 00:00:00+00,NORMAL,R-TF,DEFINITIVA,EXCLUSIVA VEHICULAR,5,5,2,"1A,2A,3","1B,2B",N/A,N/A,NO,0,Cola - Siguiente Intersección,3604
-74.12500976,4.57018866099997,3661,1065,3441,TV 14 X CL 46 S,RAFAEL URIBE,ACTROS,SENCILLA,SI,2001/08/31 00:00:00+00,NORMAL,R-TA,DEFINITIVA,"VEHICULAR, PEATONAL",8,8,3,"1A,2A,3","1B,2B","21,23,32",N/A,NO,0,"Conteo, Brechas",3604
-74.12353891,4.57426458399999,3662,1060,3442,AK 14 X CL 44C S,RAFAEL URIBE,ACTROS,DOBLE,SI,1985/07/26 00:00:00+00,NORMAL,R-TF,DEFINITIVA,"VEHICULAR, PEATONAL",10,18,3,"2A,3,11A,93","2B,11B","22,23,293,311",N/A,NO,0,Cola - Siguiente Intersección,3604
-74.12311799,4.57476587299999,3663,1137,3442,AK 14 X CL 43 S,RAFAEL URIBE,NO,DOBLE,NO,1985/07/26 00:00:00+00,NORMAL,R-TF,DEFINITIVA,"VEHICULAR, PEATONAL",8,18,2,"1A,6,91A","1B,12B,91B","36,291A",N/A,NO,0,N/A,3604
-74.11741012,4.57628082700001,3664,1048,3443,AK 14 X CL 36 S,RAFAEL URIBE,C900,SENCILLA,SI,1983/09/12 00:00:00+00,NORMAL,R-TA,DEFINITIVA,"VEHICULAR, PEATONAL",16,16,3,"1A,2A,3,62A","1B,2B","21A,22A,23A,32B,36","721A,722A,723A,732B,736",NO,0,"Conteo, Brechas, Activación de sonoro",3605
-74.13635421,4.58497014099999,3665,1095,3673,KR 33 X CL 51 S,TUNJUELITO,NO,DOBLE,NO,1990/09/18 00:00:00+00,NORMAL,BT-TF,DEFINITIVA,"VEHICULAR, PEATONAL",7,15,4,"2,3,11",N/A,"22,23,33,311 (Reg)",N/A,NO,0,N/A,3524
-74.16213479,4.59968249399998,3666,900,3674,AK 71B X CL 57B S,BOSA,C900,SENCILLA,SI,2001/11/10 00:00:00+00,NORMAL,BT-TA,DEFINITIVA,"VEHICULAR, PEATONAL",14,14,5,"1,2,3,4,5,6,91,92",N/A,"21,23,24,32,33,34",N/A,NO,0,"Brechas, Fases por demanda",3518
-74.16126554,4.611842862,3667,897,3675,KR 78 X AC 43 S,KENNEDY,C900,SENCILLA,SI,2001/11/10 00:00:00+00,PMT,BT-TF,DEFINITIVA,"VEHICULAR, PEATONAL",13,13,5,"1,2,3,4,5,6,91,92",N/A,"21,23,24,32,33",N/A,NO,0,Cola - Siguiente Intersección,3531
-74.14906323,4.57072931599998,3668,1114,3676,KR 32 X AC 61 S,CIUDAD BOLIVAR,C900,SENCILLA,SI,2004/12/15 00:00:00+00,NORMAL,CA-TA,DEFINITIVA,EXCLUSIVA PEATONAL,6,6,2,"1,2",N/A,"21,22 (Exc)",722,NO,0,Fases por demanda peatonal sonoro,3510
-74.13888434,4.56972239300001,3669,1100,3677,CL 58A S X ENTRADA PORTAL TUNAL,TUNJUELITO,ACTROS,SENCILLA,SI,2002/05/25 00:00:00+00,NORMAL,BT-TA,DEFINITIVA,"VEHICULAR, PEATONAL, CICLISTA",5,5,2,"1,6",N/A,36,N/A,"41, 42",0,"Brechas, Fases por demanda",3524
-74.17749651,4.59695404399997,3670,924,3678,KR 77G X CL 59 S,BOSA,NO,DOBLE,NO,1993/12/03 00:00:00+00,PMT,CA-TA,DEFINITIVA,"VEHICULAR, PEATONAL",12,22,3,"1,4A,13A,7,91","4B, 13B","21,291,213,37,34A",N/A,NO,0,"Conteo, Brechas, Cola, Fases por demanda",3501
-74.17934594,4.59693550899999,3671,927,3678,KR 77G X CL 63 S,BOSA,ACTROS,DOBLE,SI,1993/12/03 00:00:00+00,PMT,CA-TA,DEFINITIVA,"VEHICULAR, PEATONAL",10,22,2,"1A,3A,14A,914A,91A","3B,14B","21A,291A,3914A",N/A,NO,0,"Conteo, Brechas, Fases por demanda, Cola - Siguiente Intersección",3501
-74.1403199,4.56708892799998,3672,1104,3679,KR 19C X ENTRADA PORTAL TUNAL,TUNJUELITO,C900,SENCILLA,SI,2002/03/02 00:00:00+00,NORMAL,CA-TA,DEFINITIVA,"VEHICULAR, PEATONAL",9,9,3,"3,4","1B,7B,94B","21B,24,33,394B",N/A,NO,0,"Conteo, Brechas, Fases por demanda",3510
-74.14304743,4.63105481100001,3673,841,3680,AC 6 X KR 74,KENNEDY,C900,SENCILLA,SI,2003/07/22 00:00:00+00,NORMAL,BT-TF,DEFINITIVA,EXCLUSIVA VEHICULAR,4,4,2,"2,4A","3B,4B",N/A,N/A,NO,0,N/A,3427
-74.18408616,4.596304293,3674,1407,3681,KR 77G X CL 65F S,BOSA,ACTROS,SENCILLA,SI,2014/11/19 00:00:00+00,NORMAL,CA-TA,DEFINITIVA,EXCLUSIVA VEHICULAR,5,5,3,"3,3A,8","3B,4B",N/A,N/A,NO,0,"Conteo, Brechas, Fases por demanda",3501
-74.10208527,4.60211988700001,3675,683,3187,AK 30 X CL 2,PUENTE ARANDA,C900,SENCILLA,SI,1993/09/21 00:00:00+00,NORMAL,BT-TF,DEFINITIVA,"VEHICULAR, PEATONAL",10,10,2,"1A,2A,3,4","1B,2B","22,23,24,31",N/A,NO,0,"Conteo, Brechas, Cola - Siguiente Intersección",3622
-74.10365442,4.60086551299997,3676,692,3188,AK 30 X CL 1F,PUENTE ARANDA,C900,SENCILLA,SI,1987/04/04 00:00:00+00,NORMAL,BT-TA,DEFINITIVA,"VEHICULAR, PEATONAL",16,16,3,"1A,2A,3, 7, 62A","1B,2B","21, 22,23,31, 32, 33","721,723,732",NO,0,"Conteo, Brechas, Cola - Siguiente Intersección, Activación sonoro, Fases por demanda peatonal Sonoro",3622
-74.10541898,4.59963360400002,3677,706,3189,AK 30 X CL 1B,PUENTE ARANDA,C900,SENCILLA,SI,1989/09/13 00:00:00+00,NORMAL,BT-TF,DEFINITIVA,"VEHICULAR, PEATONAL",8,8,2,"1A,2A,4","1B,2B","21,24,32",N/A,NO,0,Brechas,3622
-74.10703859,4.59841050199998,3678,713,3190,AK 30 X AC 8 S,PUENTE ARANDA,C900,DOBLE,SI,1993/12/20 00:00:00+00,PMT,BT-TA,DEFINITIVA,"VEHICULAR, PEATONAL",26,32,4,"1,1A,4,7,12A,91,93,93A,94","1B,2B","21,23,24,291,294,212A,293A,31,312","721, 723, 7291, 7294,7293A, 7312",NO,0,"Conteo, Brechas, Cola, Activación de sonoro",3622
-74.10783229,4.59802391900001,3679,715,3190,KR 30 X TV 31,ANTONIO NARINO,NO,DOBLE,NO,1993/12/20 00:00:00+00,PMT,BT-TA,DEFINITIVA,EXCLUSIVA VEHICULAR,6,32,2,"11A,13A,2A,3A","3B,11B",N/A,N/A,NO,0,"Conteo, Brechas",3622
-74.10157098,4.596661063,3680,681,3252,AK 27 X CL 1B,LOS MARTIRES,C900,SENCILLA,SI,1990/09/16 00:00:00+00,NORMAL,RP-TF,DEFINITIVA,"VEHICULAR, PEATONAL",4,4,2,"1,4",N/A,"21,24",N/A,NO,0,N/A,3623
-74.1275306,4.57877568499998,3681,1079,3253,KR 24 X CL 46 S,TUNJUELITO,C900,SENCILLA,SI,1990/09/16 00:00:00+00,NORMAL,BT-TF,DEFINITIVA,"VEHICULAR, PEATONAL",7,7,2,"1,2,3,5",N/A,"21,23,32",N/A,NO,0,N/A,3524
-74.09877596,4.580625177,3682,998,3254,KR 12D X CL 19 S,ANTONIO NARINO,C900,SENCILLA,SI,1990/12/19 00:00:00+00,NORMAL,RP-TF,DEFINITIVA,"VEHICULAR, PEATONAL, CICLISTA",14,14,2,"1,2,3,4",N/A,"21,22,23,24,31,32,33,34",N/A,"41, 42",0,N/A,3605
-74.09725653,4.582338257,3683,991,3261,KR 12D X CL 17 S,ANTONIO NARINO,C900,SENCILLA,SI,1998/03/18 00:00:00+00,NORMAL,RP-TF,DEFINITIVA,"VEHICULAR, PEATONAL,CICLISTA",10,10,3,"1,2,3,4,4A",N/A,"21,22,23,24,31,32",N/A,43C,0,N/A,3605
-74.0805334,4.58908373499997,3684,951,3262,KR 7 X CL 2,SANTA FE,ACTROS,DOBLE,SI,1988/02/26 00:00:00+00,NORMAL,BT-TF,DEFINITIVA,"VEHICULAR, PEATONAL",6,12,3,"2,13",N/A,"22,32,213,313",N/A,NO,0,N/A,3607
-74.11493773,4.57667448199999,3685,1042,3444,AK 14 X CL 33 S,RAFAEL URIBE,C900,SENCILLA,SI,1984/08/25 00:00:00+00,NORMAL,R-TA,DEFINITIVA,"VEHICULAR, PEATONAL",9,9,3,"1A,2A,3,4","1B,2B","21,23,32",N/A,NO,0,"Conteo, Brechas",3605
-74.11078617,4.57785390700002,3686,1031,3445,AK 14 X CL 31 S,RAFAEL URIBE,C900,SENCILLA,SI,2004/11/04 00:00:00+00,NORMAL,R-TA,DEFINITIVA,"VEHICULAR, PEATONAL",10,10,3,"1A,2A,4,93","1B,2B","21,32,34,293",N/A,NO,0,"Conteo, Brechas",3605
-74.13064435,4.57675637900002,3687,1087,3446,KR 24 X CL 48C S,TUNJUELITO,C900,DOBLE,SI,1990/09/18 00:00:00+00,NORMAL,BT-TA,DEFINITIVA,"VEHICULAR, PEATONAL",7,25,3,"1,3,12,93",N/A,"23,31,212","723, 731, 7212",NO,0,Activación de sonoro,3524
-74.13220128,4.57614908800002,3688,1089,3446,KR 24 X CL 52B S,TUNJUELITO,NO,DOBLE,NO,1990/09/18 00:00:00+00,NORMAL,BT-TA,DEFINITIVA,"VEHICULAR, PEATONAL, CICLISTA",15,25,4,"2,6,11,3A",N/A,"22,32,211,23A,311","722, 732, 7211, 7311",43.44,0,Activación de sonoro,3524
-74.12923646,4.577773971,3689,1084,3447,KR 24 X CL 47B S,TUNJUELITO,C900,SENCILLA,SI,1998/01/01 00:00:00+00,NORMAL,BT-TF,DEFINITIVA,"VEHICULAR, PEATONAL",8,8,3,"1,2,4,6,64",N/A,"21,24,34",N/A,NO,0,N/A,3524
-74.13036491,4.57998919900001,3690,1086,3448,KR 25 X CL 48 S,TUNJUELITO,NO,DOBLE,NO,1998/02/12 00:00:00+00,NORMAL,BT-TF,DEFINITIVA,"VEHICULAR, PEATONAL",7,11,2,"4,12,612",N/A,"24,212,34,312 (Reg)",N/A,NO,0,N/A,3524
-74.13205777,4.57963008799999,3691,1088,3448,KR 25 X DG 51A S,TUNJUELITO,C900,DOBLE,SI,1998/02/12 00:00:00+00,NORMAL,BT-TF,DEFINITIVA,"VEHICULAR, PEATONAL",4,11,2,"2,3",N/A,"22,23 (Reg)",N/A,NO,0,N/A,3524
-74.13641303,4.578469842,3692,1096,3449,KR 25 X CL 52F S,TUNJUELITO,C900,SENCILLA,SI,2004/12/15 00:00:00+00,NORMAL,BT-TF,DEFINITIVA,"VEHICULAR, PEATONAL",9,9,4,"2,4",N/A,"22,24,32, 34",N/A,"42, 42,44",0,N/A,3524
-74.1266735,4.575971735,3693,1077,3450,KR 23 Y TV 23BIS X CL 46 S Y DG 44B S,TUNJUELITO,ACTROS,SENCILLA,SI,1988/04/18 00:00:00+00,NORMAL,BT-TF,DEFINITIVA,"VEHICULAR, PEATONAL",9,9,5,"1,2,3,4",N/A,"21,22,23,24,32",N/A,NO,0,N/A,3524
-74.11880757,4.58160738599997,3694,1049,3451,KR 24 X CL 36 S,RAFAEL URIBE,C900,SENCILLA,SI,1988/11/04 00:00:00+00,NORMAL,BT-TA,DEFINITIVA,"VEHICULAR, PEATONAL, CICLISTA",10,10,3,"1,2,3,4",N/A,"21,22,23,24,33,34",N/A,NO,0,Brechas,3524
-74.05351596,4.71564278599999,3695,136,1021,KR 45A X CL 129,SUBA,NO,DOBLE,NO,1995/04/01 00:00:00+00,NORMAL,BT-TF,DEFINITIVA,"VEHICULAR, PEATONAL",6,12,3,"2,4,13",N/A,"22,24,32",N/A,NO,0,N/A,1126
-74.05434289,4.71573066100001,3696,145,1021,KR 46 X CL 129,SUBA,ACTROS,DOBLE,SI,1995/04/01 00:00:00+00,NORMAL,BT-TF,DEFINITIVA,"VEHICULAR, PEATONAL",6,12,2,"1,3,14",N/A,"21,23,31",N/A,NO,0,N/A,1126
-74.02266361,4.74709515299998,3697,2,1022,AK 7 X AC 170,USAQUEN,C900,SENCILLA,SI,1996/06/19 00:00:00+00,NORMAL,CA-TA,DEFINITIVA,"VEHICULAR, PEATONAL",13,13,4,"1,2,6,7,91,93",N/A,"21,22,27,31,32,36,291",N/A,NO,0,"Conteo, Brechas, Fases por demanda",1210
-74.03168638,4.74818322099998,3698,13,1023,AK 9 X AC 170,USAQUEN,C900,SENCILLA,SI,1998/04/30 00:00:00+00,NORMAL,BT-TF,DEFINITIVA,"VEHICULAR, PEATONAL",8,8,2,"2,3,4,6",N/A,"22,24,33,293",N/A,NO,0,"Conteo, Brechas",1202
-74.02672696,4.74741569899999,3699,1300,1032,KR 8 X AC 170,USAQUEN,C900,SENCILLA,SI,2013/03/20 00:00:00+00,NORMAL,CA-TA,DEFINITIVA,EXCLUSIVA PEATONAL,6,6,2,"3,4",N/A,"23,24 (Exc)",724,NO,0,Activación de sonoro,1210
-74.05543916,4.71913405100003,3700,151,1033,KR 49 X AC 134,SUBA,NO,DOBLE,NO,2001/09/10 00:00:00+00,NORMAL,BT-TA,DEFINITIVA,"VEHICULAR, PEATONAL",5,11,2,"1,4,13",N/A,"21,213",N/A,NO,0,Brechas,1126
-74.05626952,4.71923066800002,3701,158,1033,KR 50 X AC 134,SUBA,C900,DOBLE,SI,2001/09/10 00:00:00+00,NORMAL,BT-TA,DEFINITIVA,"VEHICULAR, PEATONAL",6,11,2,"2,3,14",N/A,"22,32,214",N/A,NO,0,Brechas,1126
-74.03502813,4.71350516699999,3702,22,1034,KR 10 X AC 134,USAQUEN,C900,SENCILLA,SI,2002/09/02 00:00:00+00,NORMAL,RP-TF,DEFINITIVA,"VEHICULAR, PEATONAL",8,8,4,"2,3,4,91,92",N/A,"21,24,33",N/A,NO,0,N/A,1219
-74.05373855,4.69081216299998,3703,137,1035,KR 21 X CL 104,USAQUEN,NO,DOBLE,NO,2006/11/10 00:00:00+00,NORMAL,R-TF,DEFINITIVA,"VEHICULAR, PEATONAL",8,16,3,"1,3,4A,12",N/A,"21,23,24A,212",N/A,NO,0,N/A,1215
-74.05401793,4.689151778,3704,139,1035,KR 21 X CL 103,USAQUEN,ACTROS,DOBLE,SI,2006/11/10 00:00:00+00,NORMAL,R-TF,DEFINITIVA,"VEHICULAR, PEATONAL",8,16,3,"2,3A,4,11",N/A,"22,23A,24,211",N/A,NO,0,N/A,1215
-74.03194834,4.73816651300001,3705,1253,1036,AK 9 X AC 161,USAQUEN,ACTROS,SENCILLA,SI,2012/05/30 00:00:00+00,NORMAL,BT-TA,DEFINITIVA,"VEHICULAR, PEATONAL, CICLISTA",7,7,2,"1,2,3",N/A,"22,23,31,33",N/A,42,0,Brechas,1209
-74.03188052,4.74057388799997,3706,1252,1037,AK 9 X CL 163A,USAQUEN,NO,DOBLE,NO,2012/05/30 00:00:00+00,NORMAL,BT-TF,DEFINITIVA,"VEHICULAR, PEATONAL, CICLISTA",7,15,2,"2,4,11",N/A,"24,32,34,211",N/A,42,0,N/A,1209
-74.03181689,4.74291067299998,3707,1276,1037,AK 9 X CL 165,USAQUEN,ACTROS,DOBLE,SI,2012/09/28 00:00:00+00,NORMAL,BT-TF,DEFINITIVA,"VEHICULAR, PEATONAL, CICLISTA",8,15,2,"1,3,4A,12",N/A,"21,23,24A,312",N/A,412,0,N/A,1209
-74.0263597,4.760446661,3708,1336,1038,AK 7 X CL 183,USAQUEN,C900,SENCILLA,SI,2019/06/23 00:00:00+00,NORMAL,BT-TA,DEFINITIVA,"VEHICULAR, PEATONAL",14,14,3,"1,2,6,7,91,93",N/A,"22,27,291,293","722, 727, 7291, 7293",NO,0,Activación de sonoro,1208
-74.0428106,4.74070197600003,3709,42,1024,AK 19 X AC 161,USAQUEN,ACTROS,SENCILLA,SI,1993/12/20 00:00:00+00,NORMAL,CA-TA,DEFINITIVA,"VEHICULAR, PEATONAL, CICLISTA",15,15,5,"2,3,4,93",N/A,"22,23,34,393","722, 723, 734, 7393","42,43,44",0,"Conteo, Brechas, Fases por demanda peatonal sonoro",1201
-74.05642792,4.74939253000002,3710,160,1025,KR 55A X CL 167,SUBA,C900,SENCILLA,SI,2006/09/26 00:00:00+00,NORMAL,BT-TF,DEFINITIVA,"VEHICULAR, PEATONAL",6,6,4,"1,2,3,4",N/A,"22,24",N/A,NO,0,N/A,1121
-74.03968695,4.74966337699999,3711,30,1026,KR 17A X AC 170,USAQUEN,C900,SENCILLA,SI,2006/10/26 00:00:00+00,NORMAL,CA-TA,DEFINITIVA,"VEHICULAR, PEATONAL",8,8,3,"3,4,8,92",N/A,"23,34,38,292",N/A,NO,0,"Conteo, Brechas",1202
-74.03842602,4.73742375,3712,28,1027,AK 15 X CL 159,USAQUEN,C900,SENCILLA,SI,2006/11/08 00:00:00+00,NORMAL,RP-TF,DEFINITIVA,"VEHICULAR, PEATONAL",7,7,4,"1,2,3,4",N/A,"21,22,23",N/A,NO,0,N/A,1201
-74.0651213,4.65726180000001,3713,271,1028,KR 17 X CL 69,BARRIOS UNIDOS,ACTROS,SENCILLA,SI,2000/06/27 00:00:00+00,NORMAL,RP-TF,DEFINITIVA,"VEHICULAR, PEATONAL",4,4,2,"2,3",N/A,"22,23",N/A,NO,0,N/A,1906
-74.06593866,4.65776434999998,3714,282,1029,KR 19 X CL 69,BARRIOS UNIDOS,NO,DOBLE,NO,2000/06/27 00:00:00+00,NORMAL,RP-TF,DEFINITIVA,"VEHICULAR, PEATONAL",4,8,2,"1,13",N/A,"21,213",N/A,NO,0,N/A,1906
-74.06671751,4.65825473000001,3715,297,1029,KR 20 X CL 69,BARRIOS UNIDOS,ACTROS,DOBLE,SI,2000/06/27 00:00:00+00,NORMAL,RP-TF,DEFINITIVA,"VEHICULAR, PEATONAL",4,8,2,"2,3",N/A,"22,23",N/A,NO,0,N/A,1906
-74.06362519,4.65967811899998,3716,247,1030,KR 17 X CL 71A,BARRIOS UNIDOS,C900,DOBLE,SI,2000/07/24 00:00:00+00,NORMAL,BT-TF,DEFINITIVA,"VEHICULAR, PEATONAL, CICLISTA",5,10,2,"4,12",N/A,"24,212",N/A,44,0,N/A,1913
-74.064027,4.65902899999998,3717,1820,1030,KR 17 X CL 71,BARRIOS UNIDOS,NO,DOBLE,NO,2024/05/13 00:00:00+00,NORMAL,BT-TF,PROVISIONAL_PMT,"VEHICULAR, PEATONAL",5,10,2,"2,3",N/A,"22,23,33",N/A,NO,0,N/A,1913
-74.02755873,4.764421207,3718,1242,1031,AK 7 X CL 187C,USAQUEN,C900,SENCILLA,SI,2011/12/18 00:00:00+00,NORMAL,BT-TA,DEFINITIVA,"VEHICULAR, PEATONAL",5,5,2,"1,2,4,64",N/A,21,N/A,NO,0,Brechas,1208
-74.06177486,4.65199455999999,3719,1172,1001,AK 11 X CL 66,CHAPINERO,ACTROS,SENCILLA,SI,1998/02/08 00:00:00+00,NORMAL,CA-TA,DEFINITIVA,"VEHICULAR, PEATONAL",4,4,2,"1,3",N/A,"21,23",N/A,NO,0,"Conteo, Brechas",1910
-74.06081586,4.65407398999997,3720,203,1002,AK 11 X CL 69,CHAPINERO,NO,DOBLE,NO,1994/03/10 00:00:00+00,NORMAL,CA-TA,DEFINITIVA,"VEHICULAR, PEATONAL",6,10,3,"1,3",N/A,"21,23,31,33",N/A,NO,0,"Conteo, Brechas, Fases por demanda",1910
-74.0614283,4.65274920000002,3721,213,1002,AK 11 X CL 67,CHAPINERO,ACTROS,DOBLE,SI,1994/03/10 00:00:00+00,NORMAL,CA-TA,DEFINITIVA,"VEHICULAR, PEATONAL",4,10,2,"4,11",N/A,"24,211",N/A,NO,0,"Conteo, Brechas, Fases por demanda",1910
-74.046808,4.66516987199998,3722,73,1003,AK 7 X AC 85,CHAPINERO,C900,SENCILLA,SI,1997/12/23 00:00:00+00,NORMAL,CA-TA,DEFINITIVA,"VEHICULAR, PEATONAL",8,8,3,"1,2,2A,3,6",N/A,"21,23,32",N/A,NO,0,"Conteo, Brechas, Fases por demanda",1901
-74.04652321,4.66454214700002,3723,75,1004,AK 1 X CL 85,CHAPINERO,NO,DOBLE,NO,1997/09/04 00:00:00+00,NORMAL,CA-TA,DEFINITIVA,EXCLUSIVA VEHICULAR,3,13,2,"2,3",1B,N/A,N/A,NO,0,"Conteo, Brechas, Cola",1901
-74.04735834,4.66440335200002,3724,81,1004,AK 7 X CL 85,CHAPINERO,C900,DOBLE,SI,1997/09/04 00:00:00+00,NORMAL,CA-TA,DEFINITIVA,"VEHICULAR, PEATONAL, CICLISTA",10,13,3,"1,2A,4,92A",2B,"22A,24,31",N/A,"41,42",0,"Conteo, Brechas",1901
-74.04870357,4.66306828500001,3725,89,1005,AK 7 X CL 84A,CHAPINERO,NO,DOBLE,NO,1997/12/26 00:00:00+00,NORMAL,R-TA,DEFINITIVA,"VEHICULAR, PEATONAL",6,15,2,"1,3,12,12A",N/A,"212,31",N/A,NO,0,"Conteo, Brechas",1908
-74.04938259,4.66241330999998,3726,95,1005,AK 7 X CL 81,CHAPINERO,C900,DOBLE,SI,1997/12/26 00:00:00+00,NORMAL,R-TA,DEFINITIVA,"VEHICULAR, PEATONAL, CICLISTA",9,15,2,"2,2A,6,11",N/A,"211,32,36",N/A,"42,411",0,"Conteo, Brechas",1908
-74.05038299,4.66123120899999,3727,102,1006,AK 7 X CL 79B,CHAPINERO,C900,SENCILLA,SI,1980/11/09 00:00:00+00,NORMAL,R-TA,DEFINITIVA,"VEHICULAR, PEATONAL",8,8,3,"1,2,2A,8,94",N/A,"22,24,31",N/A,NO,0,"Conteo, Brechas, Cola - Siguiente Intersección, Fases por demanda peatonal",1908
-74.06571722,4.68551081499999,3728,1777,1062,KR 60 X CL 97,BARRIOS UNIDOS,C900,SENCILLA,SI,2023/05/23 00:00:00+00,PMT,BT-TF,PROVISIONAL_PMT,"VEHICULAR, PEATONAL",7,7,4,"1,2,3",N/A,"21,22,22A,33",N/A,NO,0,N/A,1133
-74.113555,4.71019699999999,3729,1783,1063,KR 101 X CL 78A,ENGATIVA,C900,SENCILLA,SI,2024/10/31 00:00:00+00,NORMAL,RP-TF,DEFINITIVA,"VEHICULAR, PEATONAL",6,6,3,"1,3,4",N/A,"21,23,24",N/A,NO,0,N/A,1136
-74.03967111,4.73479385500002,3730,1676,1064,AK 15 X AC 153,USAQUEN,C900,SENCILLA,SI,2020/04/21 00:00:00+00,NORMAL,RP-TF,DEFINITIVA,"VEHICULAR, PEATONAL",10,10,3,"1,3,4,5,6,13,14",N/A,"21,24,213","721, 724, 7213",NO,0,N/A,1201
-74.03694901,4.73347737099999,3731,1677,1065,KR 14 X AC 153,USAQUEN,C900,SENCILLA,SI,2020/04/21 00:00:00+00,NORMAL,RP-TF,DEFINITIVA,EXCLUSIVA PEATONAL,4,4,2,"3,4",N/A,"23,24","723, 724",NO,0,N/A,1201
-74.045082,4.74386900000002,3732,1786,1066,KR 21 X CL 163A,USAQUEN,C900,SENCILLA,SI,2024/12/17 00:00:00+00,NORMAL,BT-TF,DEFINITIVA,"VEHICULAR, PEATONAL",5,5,2,"1,4",N/A,"21,24,34",N/A,NO,0,N/A,1207
-74.10289495,4.69349534499997,3733,1673,1067,KR 81A X AC 72,ENGATIVA,C900,SENCILLA,SI,2021/03/20 00:00:00+00,NORMAL,BT-TF,DEFINITIVA,"VEHICULAR, PEATONAL",11,11,4,"1,2,3,4,5",N/A,"21,22,23,24,33,34",N/A,NO,0,Cola - Siguiente Intersección,1308
-74.033171,4.74842799999999,3734,1789,1068,KR 12 X AC 170,USAQUEN,C900,SENCILLA,SI,2023/10/26 00:00:00+00,NORMAL,CA-TA,DEFINITIVA,"VEHICULAR, PEATONAL",14,14,4,"2,3,4,6,13,91,103,104",N/A,"22,24,33","722,724,733",NO,0,"Activación sonoro, Brechas, Fases por demanda vehicular",1202
-74.04334006,4.73856167999998,3735,51,1069,AK 19 X CL 159,USAQUEN,ACTROS,SENCILLA,SI,1994/11/10 00:00:00+00,NORMAL,CA-TA,DEFINITIVA,"VEHICULAR, PEATONAL, CICLISTA",16,16,3,"1,2,3,4",N/A,"21,22,23,24,31,32","722, 723, 724, 731",41.42,0,"Conteo, Brechas, Fases por demanda peatonal sonoro",1201
-74.06430242,4.65138538899998,3736,257,1072,AK 14 X CL 64,BARRIOS UNIDOS,C900,SENCILLA,SI,1980/10/07 00:00:00+00,PMT,BT-TF,DEFINITIVA,"VEHICULAR, PEATONAL, CICLISTA",8,8,2,4,"1B,2B","21,24,32",N/A,"43,44",0,"Conteo, Brechas",1913
-74.03502813,4.74868700000002,3737,1790,1073,KR 14 X AC 170,USAQUEN,C900,SENCILLA,SI,2023/10/26 00:00:00+00,NORMAL,CA-TA,DEFINITIVA,"VEHICULAR, PEATONAL",10,10,4,"3,4,8,92",N/A,"23,24,292","723,724,7292",NO,0,"Activación de sonoro, Fases por demanda peatonal sonoro",1202
-74.062932,4.76428399999998,3738,1809,1092,AK 72 X CL 175,SUBA,C900,SENCILLA,SI,2024/07/19 00:00:00+00,PMT,BT-TA,DEFINITIVA,"VEHICULAR, PEATONAL, CICLISTA",21,21,3,"1,1A,2,2A,3,4",N/A,"21,22,23,24,31,32,33,34","721, 722,723,724,731","41,42",0,N/A,1139
-74.060977,4.76692400000002,3739,1810,1093,AK 72 X CL 181,SUBA,C900,SENCILLA,SI,2024/07/03 00:00:00+00,PMT,BT-TA,DEFINITIVA,"VEHICULAR, PEATONAL, CICLISTA",10,10,2,"1,1A,2,2A",N/A,"21,22","721,722","41, 42",0,N/A,1139
-74.059127,4.76944400000002,3740,1811,1094,AK 72 X CL 183,SUBA,C900,SENCILLA,SI,2024/07/03 00:00:00+00,PMT,BT-TA,DEFINITIVA,"VEHICULAR, PEATONAL, CICLISTA",8,8,3,"8,92",N/A,"28,292","728, 7292","42,44",0,N/A,1139
-74.062112,4.71651000000003,3741,1126,1095,KR 54  X CL 129,SUBA,C900,SENCILLA,SI,2024/08/05 00:00:00+00,NORMAL,BT-TF,DEFINITIVA,"VEHICULAR, PEATONAL",7,7,3,"1,3,4",N/A,"21,23","721,723 Desconectados",NO,0,N/A,1126
-74.0571118,4.66645006099998,3742,1726,1096,AK 15 X CL 80,CHAPINERO,C900,SENCILLA,SI,2021/06/21 00:00:00+00,NORMAL,CA-TA,DEFINITIVA,"VEHICULAR, PEATONAL",7,7,2,2,N/A,"22,24,32 (Exc)","722, 724, 732",NO,0,Fases por demanda peatonal,1912
-74.04807602,4.76036692999998,3743,1547,1098,KR 50B X CL 182,SUBA,C900,SENCILLA,SI,2018/04/23 00:00:00+00,NORMAL,BT-TF,DEFINITIVA,"VEHICULAR, PEATONAL",8,8,4,"1,2,3,4",N/A,"21,22,23,24",N/A,NO,0,N/A,1124
-74.060483,4.72131000000002,3744,1839,1099,KR 54 X CL 134,SUBA,C900,SENCILLA,SI,2024/08/05 00:00:00+00,NORMAL,BT-TF,DEFINITIVA,"VEHICULAR, PEATONAL, CICLISTA",12,12,3,"1,2,3,4",N/A,"21,22,24","721,722,724 Desconectados","41,42",0,N/A,1126
-74.05747,4.72553599999998,3745,1840,1100,KR 54 X AC 138,SUBA,C900,SENCILLA,SI,2024/11/21 00:00:00+00,NORMAL,BT-TF,DEFINITIVA,"VEHICULAR, PEATONAL, CICLISTA",12,12,3,"2,3,4,91",N/A,"22,24,291","722,724,7291","41,42",0,N/A,1126
-74.05973121,4.65167131700002,3746,1340,1101,KR 9 X CL 67,CHAPINERO,C900,DOBLE,SI,2014/06/12 00:00:00+00,NORMAL,RP-TF,DEFINITIVA,"VEHICULAR, PEATONAL",4,8,2,14,N/A,"214,318,3914",N/A,NO,0,N/A,1910
-74.05914348,4.65129324600002,3747,1341,1101,KR 8 X CL 67,CHAPINERO,NO,DOBLE,NO,2014/06/12 00:00:00+00,NORMAL,RP-TF,DEFINITIVA,"VEHICULAR, PEATONAL",4,8,3,"4,6",N/A,"24,26",N/A,NO,0,N/A,1910
-74.0605237,4.649092467,3748,200,1102,KR 8 X CL 64,CHAPINERO,C900,SENCILLA,SI,2000/07/21 00:00:00+00,NORMAL,RP-TA,DEFINITIVA,"VEHICULAR, PEATONAL",6,6,2,"2,4",N/A,"22,24",723,NO,0,"Brechas, Activación de sonoro",1909
-74.062567,4.65032764900002,3749,227,1103,AK 11 X CL 64,CHAPINERO,NO,DOBLE,NO,1998/03/04 00:00:00+00,PMT,BT-TA,DEFINITIVA,"VEHICULAR, PEATONAL, CICLISTA",7,13,3,"4,91",N/A,"24,34,291",N/A,"41,42",0,"Conteo, Brechas",1913
-74.0633049,4.65077191,3750,241,1103,KR 13 X CL 64,CHAPINERO,C900,DOBLE,SI,1998/03/04 00:00:00+00,PMT,BT-TA,DEFINITIVA,"VEHICULAR, PEATONAL",4,13,2,"1,14",N/A,"21,214",N/A,"43,44",0,"Conteo, Brechas",1913
-74.06054683,4.65219218999999,3751,199,1104,KR 10 X CL 67,CHAPINERO,C900,SENCILLA,SI,1998/02/27 00:00:00+00,NORMAL,RP-TF,DEFINITIVA,"VEHICULAR, PEATONAL",4,4,2,"2,4",N/A,"22,24",N/A,NO,0,N/A,1910
-74.05920325,4.65263338699998,3752,182,1105,KR 9 X CL 69,CHAPINERO,C900,SENCILLA,SI,1998/03/04 00:00:00+00,NORMAL,RP-TF,DEFINITIVA,"VEHICULAR, PEATONAL",4,4,2,"2,3",N/A,"22,23",N/A,NO,0,N/A,1910
-74.05792134,4.654603683,3753,170,1106,KR 9 X CL 70A,CHAPINERO,C900,DOBLE,SI,1998/11/13 00:00:00+00,NORMAL,RP-TF,DEFINITIVA,"VEHICULAR, PEATONAL",6,15,3,"3,12",N/A,"23,212,33,312 (Reg)",N/A,NO,0,N/A,1910
-74.05840568,4.65388220400001,3754,174,1106,KR 9 X CL 70,CHAPINERO,NO,DOBLE,NO,1998/11/13 00:00:00+00,NORMAL,RP-TF,DEFINITIVA,"VEHICULAR, PEATONAL",9,15,3,"2,3A,4",N/A,"22,23A,24,32,33A,34 (Reg)",N/A,NO,0,N/A,1910
-74.0562292,4.65707528199999,3755,157,1107,KR 9 X CL 73,CHAPINERO,NO,DOBLE,NO,1998/01/06 00:00:00+00,PMT,CA-TA,DEFINITIVA,"VEHICULAR, PEATONAL",4,14,2,"4A,12",N/A,"24A, 212",N/A,NO,0,N/A,1909
-74.05699138,4.65596048999998,3756,165,1107,KR 9 X AC 72,CHAPINERO,C900,DOBLE,SI,1998/01/06 00:00:00+00,NORMAL,CA-TA,DEFINITIVA,"VEHICULAR, PEATONAL",10,14,4,"2, 3, 4, 7",N/A,"22,23,24,32,33,34",N/A,NO,0,"Conteo, Brechas",1909
-74.05451175,4.65275894199999,3757,1277,1108,KR 5 X CL 70A,CHAPINERO,ACTROS,SENCILLA,SI,2012/10/19 00:00:00+00,NORMAL,RP-TF,DEFINITIVA,"VEHICULAR, PEATONAL",6,6,2,"1,3,63",N/A,"21,23,31",N/A,NO,0,N/A,1909
-74.05909968,4.64924726599997,3758,1479,1109,AK 7 X CL 65,CHAPINERO,C900,SENCILLA,SI,2017/01/06 00:00:00+00,NORMAL,CA-TA,DEFINITIVA,"VEHICULAR, PEATONAL",7,7,2,"1,2,93,2A",N/A,"21,33,293",N/A,NO,0,Conteo,1909
-74.055893,4.73303299999998,3759,1841,1110,KR 54 X CL 150,SUBA,C900,SENCILLA,SI,2024/11/21 00:00:00+00,NORMAL,RP-TF,DEFINITIVA,"VEHICULAR, PEATONAL, CICLISTA",17,17,5,"1,2,14,2A,3,4",N/A,"21,22,214,22A,24,32A","722,722A,24,32A","41,42",0,N/A,1104
-74.055405,4.73559299999999,3760,1842,1111,KR 54 X CL 152,SUBA,C900,SENCILLA,SI,2024/11/21 00:00:00+00,NORMAL,RP-TF,DEFINITIVA,"VEHICULAR, PEATONAL, CICLISTA",25,25,5,"1,2,3,14,2A,4,13",N/A,"21,22,23,314,22A,24,313,32A","721,722,723,7314,722A,724,7313,732A","41,42",0,N/A,1137
-74.053762,4.74627600000002,3761,1843,1112,KR 54 X CL 163B,SUBA,C900,SENCILLA,SI,2024/11/29 00:00:00+00,NORMAL,BT-TA,DEFINITIVA,"VEHICULAR, PEATONAL, CICLISTA",14,14,5,"1,2,14,3,4",N/A,"21,22,24,394","721, 724, 7394","41,42",0,N/A,1121
-74.05530815,4.66623953200002,3762,1481,1114,KR 13 X CL 81,CHAPINERO,C900,DOBLE,SI,2017/04/25 00:00:00+00,NORMAL,R-TA,DEFINITIVA,"VEHICULAR, PEATONAL, CICLISTA",8,20,3,"4,91",N/A,"24, 291","724, 7291 ","141, 944",0,Activación de sonoro,1915
-74.05493952,4.66691108999999,3763,1482,1114,KR 13 X CL 82,CHAPINERO,NO,DOBLE,NO,2017/04/25 00:00:00+00,NORMAL,R-TA,DEFINITIVA,"VEHICULAR, PEATONAL, CICLISTA",12,20,4,"1,3",N/A,"21,23,31,33","721, 723, 731, 733 ","41, 42",0,Activación de sonoro,1915
-74.05340524,4.66500697399999,3764,134,1115,AK 11 X CL 81,CHAPINERO,NO,DOBLE,NO,1994/11/07 00:00:00+00,NORMAL,CA-TA,DEFINITIVA,"VEHICULAR, PEATONAL, CICLISTA",8,17,3,"1,4,91",N/A,"21,24,34",N/A,41.42,0,"Conteo, Brechas",1910
-74.05389688,4.66429091399999,3765,1361,1115,AK 11 X CL 80,CHAPINERO,ACTROS,DOBLE,SI,2016/01/22 00:00:00+00,NORMAL,CA-TA,DEFINITIVA,"VEHICULAR, PEATONAL",9,17,3,"3,5,11",N/A,"23,33,211","723, 733, 7211",NO,0,"Conteo, Brechas, Cola - Siguiente Intersección, Activación de sonoro",1910
-74.0508376,4.66877866800002,3766,109,1116,AK 11 X CL 86,CHAPINERO,ACTROS,SENCILLA,SI,2006/09/22 00:00:00+00,NORMAL,CA-TA,DEFINITIVA,"VEHICULAR, PEATONAL",11,11,3,"1,1A,2,3,4",N/A,"21,21A,23,24,33,34",N/A,NO,0,"Conteo, Brechas, Fases por demanda peatonal",1910
-74.05300747,4.66770772799998,3767,131,1117,KR 12 X AC 82,CHAPINERO,C900,SENCILLA,SI,2006/10/13 00:00:00+00,NORMAL,RP-TF,DEFINITIVA,"VEHICULAR, PEATONAL",7,7,2,"2,3,4",N/A,"22,24,32,33",N/A,NO,0,N/A,1915
-74.05968217,4.738493608,3768,1682,1074,KR 56 X CL 152B,SUBA,C900,SENCILLA,SI,2021/05/13 00:00:00+00,NORMAL,R-TA,DEFINITIVA,"VEHICULAR, PEATONAL",10,10,4,"1,2,3,4,5,7",N/A,"21,22,23,24",N/A,NO,0,"Conteo, Brechas",1104
-74.0496896,4.76294383200002,3769,1683,1075,KR 54D X AC 183,SUBA,C900,DOBLE,SI,2020/08/11 00:00:00+00,NORMAL,BT-TA,DEFINITIVA,"VEHICULAR, PEATONAL, CICLISTA",12,17,3,"1,3,4,791",N/A,"21,23,34","721, 723, 734","43, 44",0,Activación de sonoro,1124
-74.04911146,4.76251838399997,3770,1548,1075,PATIO TRANSMILENIO (KR 51) X AC 183,SUBA,NO,DOBLE,NO,2018/04/20 00:00:00+00,NORMAL,BT-TA,DEFINITIVA,"VEHICULAR, PEATONAL",5,17,4,13,"8B,92","292,38B",N/A,NO,0,"Brechas, Fases por demanda",1124
-74.05137757,4.76420546899999,3771,1684,1076,KR 55B X AC 183,SUBA,C900,DOBLE,SI,2020/08/11 00:00:00+00,NORMAL,BT-TA,DEFINITIVA,"VEHICULAR, PEATONAL, CICLISTA",12,22,3,"4,7,13,94",N/A,"24,37,313","724, 737, 7313",44.413,0,"Brechas, Activación de sonoro",1124
-74.05260217,4.76511215800002,3772,1685,1076,KR 57A X AC 183,SUBA,NO,DOBLE,NO,2020/08/11 00:00:00+00,NORMAL,BT-TA,DEFINITIVA,"VEHICULAR, PEATONAL, CICLISTA",10,22,2,"3,14,103,104",N/A,"23,214","723, 7214",43.414,0,Activación de sonoro,1124
-74.0394089,4.70393785200002,3773,1687,1077,KR 13 X CL 127,USAQUEN,C900,SENCILLA,SI,2021/04/12 00:00:00+00,NORMAL,RP-TA,DEFINITIVA,"VEHICULAR, PEATONAL",12,12,4,"1,3,4,5,92,93",N/A,"23,24,292","723, 724, 7292",NO,0,"Brechas, Fases por demanda, Activación de sonoro",1212
-74.0329732,4.70325146200003,3774,1692,1078,AK 9 X CL 127,USAQUEN,ACTROS,SENCILLA,SI,2020/10/21 00:00:00+00,NORMAL,CA-TA,DEFINITIVA,"VEHICULAR, CICLISTA",3,3,2,1,N/A,N/A,N/A,"42, 941",0,N/A,1219
-74.079146,4.70023300000003,3775,1791,1079,KR 71C X AC 116,SUBA,C900,SENCILLA,SI,2024/05/03 00:00:00+00,NORMAL,RP-TF,DEFINITIVA,"VEHICULAR, PEATONAL, CICLISTA",12,12,4,"3,4,4A,8",N/A,"23,34,393,394","7393,7394","43,44",0,Activación de sonoro,1110
-74.09746452,4.689189247,3776,1691,1080,KR 74A X CL 72,ENGATIVA,C900,SENCILLA,SI,2022/06/21 00:00:00+00,NORMAL,BT-TF,DEFINITIVA,"VEHICULAR, PEATONAL",10,10,3,"3,4,7,8,91",N/A,"23,24,33,38,291",N/A,NO,0,N/A,1308
-74.08987113,4.73209189599999,3777,1703,1081,KR 94C X CL 132,SUBA,C900,SENCILLA,SI,2021/02/09 00:00:00+00,NORMAL,BT-TA,DEFINITIVA,"VEHICULAR, PEATONAL",7,7,2,"3,4,92",N/A,"23,292","723, 7292",NO,0,Activación de sonoro,1119
-74.08782506,4.72955361300001,3778,1704,1082,KR 91 X AC 131B,SUBA,C900,SENCILLA,SI,2021/02/09 00:00:00+00,NORMAL,BT-TA,DEFINITIVA,"VEHICULAR, PEATONAL",10,10,2,"1,2,2A,8",N/A,"21,22A,28","721,722A,728",NO,0,Activación de sonoro,1119
-74.0888631,4.72590960500003,3779,1705,1083,KR 91 X CL 130,SUBA,C900,SENCILLA,SI,2021/02/09 00:00:00+00,NORMAL,BT-TA,DEFINITIVA,"VEHICULAR, PEATONAL",13,13,3,"1,2,3,4,92",N/A,"21,22,23,24","721, 722, 723, 724",NO,0,Activación de sonoro,1119
-74.08943411,4.72364256700001,3780,1706,1084,KR 91 X CL 129,SUBA,C900,SENCILLA,SI,2021/02/09 00:00:00+00,NORMAL,BT-TA,DEFINITIVA,"VEHICULAR, PEATONAL",14,14,4,"1,2,3,4,791,92",N/A,"21,22,23,24","721, 722, 723, 724",NO,0,Activación de sonoro,1119
-74.08979967,4.72172398800001,3781,1707,1085,KR 91 X CL 128B,SUBA,C900,SENCILLA,SI,2021/02/09 00:00:00+00,NORMAL,BT-TF,DEFINITIVA,"VEHICULAR, PEATONAL",13,13,4,"1,2,3,4,5",N/A,"21,22,23,24","721, 722, 723, 724 Desconectados",NO,0,Activación de sonoro,1119
-74.0913524,4.718167214,3782,1708,1086,KR 91 X CL 127B,SUBA,C900,TRIPLE,SI,2021/02/09 00:00:00+00,PMT,RP-TA,DEFINITIVA,"VEHICULAR, PEATONAL",8,20,2,"2,4,11",N/A,"22,24,211","722, 724",NO,0,Activación de sonoro,1138
-74.090308,4.71983899999998,3783,1817,1086,KR 91 X CL 128,SUBA,NO,TRIPLE,NO,2024/04/16 00:00:00+00,PMT,RP-TA,PROVISIONAL_PMT,"VEHICULAR, PEATONAL",5,20,3,"1,4A,12",N/A,"24A,212",N/A,NO,0,N/A,1138
-74.09002,4.71791400000001,3784,1829,1086,TV 127B X KR 89,SUBA,NO,TRIPLE,NO,2024/07/05 00:00:00+00,NORMAL,RP-TA,PROVISIONAL_PMT,"VEHICULAR, PEATONAL, CICLISTA",7,20,3,"1A,2A,3,93",N/A,21A,N/A,"41,42",0,N/A,1138
-74.079741,4.66843899999998,3785,1793,1087,KR 57 X AC 68,BARRIOS UNIDOS,C900,SENCILLA,SI,2024/12/19 00:00:00+00,NORMAL,R-TA,DEFINITIVA,"VEHICULAR, PEATONAL",8,8,2,"3,4,91",N/A,"23,24,291","723, 724",NO,0,Activación de sonoro,1306
-74.05206892,4.663306578,3786,1709,1088,KR 9 X CL 80,CHAPINERO,C900,SENCILLA,SI,2021/04/27 00:00:00+00,NORMAL,RP-TA,DEFINITIVA,"VEHICULAR, PEATONAL",6,6,2,"2,3",N/A,"22,23",723,NO,0,Activación de sonoro,1908
-74.043715,4.69452799999999,3787,1806,1089,AK 15 X CL 112,USAQUEN,C900,SENCILLA,SI,2024/04/19 00:00:00+00,NORMAL,CA-TA,DEFINITIVA,"VEHICULAR, PEATONAL, CICLISTA",19,19,3,"1,2,93,94",N/A,"21,22,293,294,31,32","721,722,7293,731,732","41,42,411,412",0,Activación de sonoro,1212
-74.04015148,4.73189930799998,3788,1290,1039,AK 15 X CL 151,USAQUEN,C900,SENCILLA,SI,2012/12/21 00:00:00+00,NORMAL,BT-TA,DEFINITIVA,"VEHICULAR, PEATONAL",12,12,4,"1,2,3,4",N/A,"21,23,24,33","721, 723, 724, 733",NO,0,"Brechas, Fases por demanda, Activación de sonoro",1216
-74.0396691,4.76018074699999,3789,1562,1040,KR 18A X AC 183,USAQUEN,C900,SENCILLA,SI,2017/04/23 00:00:00+00,NORMAL,BT-TA,DEFINITIVA,"VEHICULAR, PEATONAL",7,7,3,"3,4,92",N/A,"23,292","723, 7292",NO,0,Activación de sonoro,1208
-74.0333391,4.76023979600001,3790,1337,1041,KR 11 X AC 183,USAQUEN,C900,SENCILLA,SI,2014/07/03 00:00:00+00,NORMAL,BT-TF,DEFINITIVA,"VEHICULAR, PEATONAL",20,20,4,"1,2,3,4,93,94",N/A,"21,22,23,24,31,33,34","721, 722, 723, 724, 731, 732, 734",NO,0,Activación de sonoro,1208
-74.03730027,4.74911211800003,3791,1425,1042,KR 15 X AC 170,USAQUEN,C900,SENCILLA,SI,2015/05/27 00:00:00+00,NORMAL,CA-TA,DEFINITIVA,"VEHICULAR, PEATONAL",8,8,3,"3,4,91",N/A,"23,34,291",724,NO,0,"Conteo, Brechas, Fases por demanda, Activación de sonoro",1202
-74.03010054,4.76016066199998,3792,1563,1043,KR 8C X AC 183,USAQUEN,C900,SENCILLA,SI,2018/10/02 00:00:00+00,NORMAL,BT-TA,DEFINITIVA,"VEHICULAR, PEATONAL",12,12,3,"3,4,91,92",N/A,"23,24,291,292","723, 724, 7291, 7292",NO,0,Activación de sonoro,1208
-74.0313369,4.76019789200001,3793,1375,1044,KR 9 X AC 183,USAQUEN,C900,SENCILLA,SI,2017/11/17 00:00:00+00,PMT,BT-TF,DEFINITIVA,"VEHICULAR, PEATONAL",12,12,4,"1,2,3,4,13,14",N/A,"21,22,23,24,31,32","721, 722, 723, 724, 731, 732 (Desconectados)",NO,0,Activación de sonoro,1208
-74.09560132,4.71515750999998,3794,1757,1045,KR 91 X CL 97,ENGATIVA,C900,SENCILLA,SI,2022/08/24 00:00:00+00,NORMAL,RP-TA,DEFINITIVA,"VEHICULAR, PEATONAL, CICLISTA",13,13,3,"1,12,2,3,11",N/A,"21,22,23",N/A,"42,411",0,Activación de sonoro,1138
-74.05788709,4.66204592399998,3795,169,1046,KR 13 X CL 76,CHAPINERO,ACTROS,DOBLE,SI,1994/11/13 00:00:00+00,NORMAL,BT-TA,DEFINITIVA,"VEHICULAR, PEATONAL",11,19,3,"1,2,4",N/A,"21,22,24,34","721, 722, 724, 734",NO,0,Activación de sonoro,1913
-74.05860483,4.66250697700002,3796,176,1046,KR 14 X CL 76,CHAPINERO,NO,DOBLE,NO,1994/11/13 00:00:00+00,NORMAL,BT-TA,DEFINITIVA,"VEHICULAR, PEATONAL",8,19,3,"1A,14",N/A,"21A,31A,214,314","721A,7314",NO,0,Activación de sonoro,1913
-74.06107621,4.66406803699999,3797,207,1047,AK 20 X CL 76,BARRIOS UNIDOS,NO,DOBLE,NO,1993/07/07 00:00:00+00,NORMAL,BT-TF,DEFINITIVA,"VEHICULAR, PEATONAL",9,17,2,"1A,4,12A","1B,12B","24,31,34,212",N/A,NO,0,"Conteo, Brechas",1913
-74.0614779,4.661803969,3798,214,1047,AK 20 X CL 74,BARRIOS UNIDOS,C900,DOBLE,SI,1993/07/07 00:00:00+00,NORMAL,BT-TF,DEFINITIVA,"VEHICULAR, PEATONAL",8,17,2,"2A,3, 11A","2B,11B","23,32,211",N/A,NO,0,"Conteo, Brechas, Cola - Siguiente Intersección",1913
-74.0618988,4.65939010099999,3799,219,1049,AK 20 X AC 72,BARRIOS UNIDOS,ACTROS,SENCILLA,SI,2025/02/16 00:00:00+00,NORMAL,BT-TF,DEFINITIVA,"VEHICULAR, PEATONAL",4,4,2,N/A,"1B,2B","21,22",N/A,NO,0,N/A,1913
-74.06300182,4.65261565499998,3800,239,1050,KR 13 X CL 66,CHAPINERO,C900,SENCILLA,SI,1988/06/30 00:00:00+00,NORMAL,BT-TF,DEFINITIVA,"VEHICULAR, PEATONAL",6,6,2,"1,3",N/A,"21,23",722,NO,0,Activación de sonoro,1913
-74.06303257,4.67232461899999,3801,1654,1051,AK 24 X CL 84,BARRIOS UNIDOS,C900,SENCILLA,SI,2019/11/06 00:00:00+00,NORMAL,RP-TA,DEFINITIVA,"VEHICULAR, PEATONAL, CICLISTA",9,9,3,"1,2,93,102",N/A,"21,22,293",N/A,"41, 42 Cerrados",0,"Brechas, Fases por demanda vehicular",1914
-74.105915,4.71469500000001,3802,1771,1053,KR 95G X CL 86,ENGATIVA,C900,SENCILLA,SI,2025/04/08 00:00:00+00,NORMAL,BT-TA,DEFINITIVA,"VEHICULAR, PEATONAL",6,6,3,"1,3,4",N/A,"21,23,24",N/A,NO,0,"Brechas, Fases por demanda vehicular, Fases por demanda peatonal",1114
-74.0713406,4.71909138000001,3803,1658,1055,KR 59 X CL 129,SUBA,C900,SENCILLA,SI,2020/11/04 00:00:00+00,NORMAL,RP-TA,DEFINITIVA,"VEHICULAR, PEATONAL",10,10,4,"1,3,4,7",N/A,"21,23,24","721, 723, 724",NO,0,"Brechas, Fases por demanda peatonal sonoro",1125
-74.06008597,4.64978508000002,3804,1660,1057,KR 8 X CL 65,CHAPINERO,C900,SENCILLA,SI,2021/03/15 00:00:00+00,NORMAL,RP-TA,DEFINITIVA,"VEHICULAR, PEATONAL",6,6,3,"2,3",N/A,"22,23,32,33",N/A,NO,0,"Conteo, Brechas, Fases por demanda peatonal",1909
-74.06967903,4.68703367000001,3805,1775,1058,KR 64 X CL 97,BARRIOS UNIDOS,NO,DOBLE,NO,2023/05/23 00:00:00+00,NORMAL,BT-TF,PROVISIONAL_PMT,"VEHICULAR, PEATONAL",6,12,4,"1,13,92",N/A,"21,213,292",N/A,NO,0,N/A,1133
-74.06916506,4.68677668800001,3806,1776,1058,KR 63 X CL 97,BARRIOS UNIDOS,C900,DOBLE,SI,2023/05/23 00:00:00+00,NORMAL,BT-TF,PROVISIONAL_PMT,"VEHICULAR, PEATONAL",6,12,3,"1A,2,3",N/A,"21A,22,23",N/A,NO,0,N/A,1133
-74.065308,4.65198548199999,3807,1665,1060,KR 15 X CL 64,BARRIOS UNIDOS,C900,SENCILLA,SI,2021/02/19 00:00:00+00,PMT,BT-TA,DEFINITIVA,"VEHICULAR, PEATONAL, CICLISTA",12,12,4,"1,4",N/A,"21,24,31,34","721, 724, 731, 734","43, 44",0,"Brechas, Fases por demanda peatonal sonoro",1913
-74.03678719,4.72173793600001,3808,1657,1061,KR 12 X CL 142,USAQUEN,C900,SENCILLA,SI,2021/03/17 00:00:00+00,NORMAL,R-TA,DEFINITIVA,"VEHICULAR, PEATONAL",8,8,5,"1,2,3,4",N/A,"21,22,23,24",N/A,NO,0,"Conteo, Brechas",1203
-74.06262519,4.65568057399997,3809,228,1160,AK 14 X CL 69,BARRIOS UNIDOS,NO,TRIPLE,NO,1993/10/21 00:00:00+00,PMT,BT-TF,DEFINITIVA,"VEHICULAR, PEATONAL",10,22,4,"3,5,12A","1B,12B","23,31,212",N/A,NO,0,"Conteo, Brechas, Cola - Siguiente Intersección",1913
-74.06283139,4.65363298099999,3810,235,1160,KR 13 X CL 67,CHAPINERO,NO,TRIPLE,NO,1993/10/21 00:00:00+00,Desvío - PMT,BT-TF,DEFINITIVA,"VEHICULAR, PEATONAL",5,22,3,"1,1C,4",91B,21,N/A,NO,0,Conteo,1913
-74.06348188,4.65407082000002,3811,243,1160,AK 14 X CL 67,BARRIOS UNIDOS,C900,TRIPLE,SI,1993/10/21 00:00:00+00,PMT,BT-TF,DEFINITIVA,"VEHICULAR, PEATONAL",8,22,3,14,"2B,11B,94B","32,211,214",N/A,NO,0,"Conteo, Brechas, Fases por demanda",1913
-74.04292677,4.67729564799998,3812,47,1163,KR 9 X CL 95,CHAPINERO,C900,SENCILLA,SI,2006/10/31 00:00:00+00,NORMAL,RP-TF,DEFINITIVA,"VEHICULAR, PEATONAL",4,4,3,"2,4",N/A,"22,24",N/A,NO,0,N/A,1904
-74.06463424,4.65572887000002,3813,262,1164,KR 15 X AC 68,BARRIOS UNIDOS,ACTROS,SENCILLA,SI,1990/07/26 00:00:00+00,NORMAL,RP-TF,DEFINITIVA,"VEHICULAR, PEATONAL, CICLISTA",8,8,3,"2,4",N/A,"22,24,32,34",N/A,"42,44",0,N/A,1906
-74.0437987,4.67145970600001,3814,56,1165,AK 7 X AC 92,CHAPINERO,C900,SENCILLA,SI,1997/03/10 00:00:00+00,NORMAL,CA-TA,DEFINITIVA,"VEHICULAR, PEATONAL, CICLISTA",10,10,3,"1,2,2A,5,91,94",N/A,"21,22,31,32",N/A,"41, 42",0,"Conteo, Brechas, Cola - Siguiente Intersección",1907
-74.04151756,4.68164674600001,3815,39,1166,KR 9A X AC 100,CHAPINERO,C900,SENCILLA,SI,1990/04/05 00:00:00+00,PMT,BT-TF,DEFINITIVA,"VEHICULAR, PEATONAL",11,11,3,"3,4,4A,13,14,92,10.3,62",N/A,"213,214,292",N/A,NO,0,N/A,1214
-74.04843002,4.67833595500002,3816,85,1167,KR 13 X CL 94,CHAPINERO,C900,SENCILLA,SI,1998/09/05 00:00:00+00,NORMAL,CA-TA,DEFINITIVA,"VEHICULAR, PEATONAL",11,11,4,"1,2,3,4,7,8,93",N/A,"21,22,24,33",N/A,NO,0,"Conteo, Brechas",1904
-74.04378961,4.67591638099998,3817,55,1168,KR 9 X CL 94,CHAPINERO,C900,SENCILLA,SI,1990/05/12 00:00:00+00,NORMAL,CA-TA,DEFINITIVA,"VEHICULAR, PEATONAL",13,13,4,"1,2,3,4,6,8",N/A,"21,22,24,33","721, 724, 733",NO,0,"Conteo, Brechas, Cola - Siguiente Intersección, Activación de sonoro",1904
-74.03261668,4.712783543,3818,17,1169,AK 9 X AC 134,USAQUEN,ACTROS,SENCILLA,SI,1995/09/08 00:00:00+00,NORMAL,CA-TA,DEFINITIVA,"VEHICULAR, PEATONAL, CICLISTA",15,15,2,"1,2,3,4,93",N/A,"21,22,23,24,31,32,33,34,293",N/A,42,0,"Conteo, Brechas, Fases por demanda, Cola - Siguiente Intersección",1219
-74.03229039,4.72544701300001,3819,15,1170,AK 9 X AC 147,USAQUEN,ACTROS,SENCILLA,SI,1995/08/18 00:00:00+00,NORMAL,CA-TA,DEFINITIVA,"VEHICULAR, PEATONAL, CICLISTA",12,12,2,"1,2,3,4",N/A,"22,23,24,31,33,34",N/A,"41,42",0,N/A,1219
-74.02460543,4.727568109,3820,6,1171,AK 7 X AC 153,USAQUEN,C900,SENCILLA,SI,1993/12/06 00:00:00+00,NORMAL,CA-TA,DEFINITIVA,"VEHICULAR, PEATONAL",11,11,4,"1,2,3,4,14",N/A,"21,22,23,31,32,314",N/A,NO,0,"Brechas, Fases por demanda",1218
-74.04353095,4.68926420000003,3821,53,1172,KR 13A X CL 106,USAQUEN,C900,SENCILLA,SI,1998/02/04 00:00:00+00,NORMAL,R-TA,DEFINITIVA,"VEHICULAR, PEATONAL",8,8,3,"1,2,3,4",N/A,"21,23,32,34",N/A,NO,0,"Conteo, Brechas, Fases por demanda, Cola - Siguiente Intersección, Fases por demanda peatonal",1213
-74.03479748,4.72656028799997,3822,1234,1173,KR 12 X AC 147,USAQUEN,C900,SENCILLA,SI,2011/11/21 00:00:00+00,NORMAL,RP-TF,DEFINITIVA,"VEHICULAR, PEATONAL",9,9,4,"1,2,3,4,8",N/A,"21,22,23,34",N/A,NO,0,N/A,1219
-74.02878811,4.71623221099998,3823,10,1174,AK 7 X CL 140,USAQUEN,C900,DOBLE,SI,1990/02/28 00:00:00+00,NORMAL,CA-TA,DEFINITIVA,"VEHICULAR, PEATONAL",11,19,4,"1,2A,4,6,13,91",N/A,"21,24,32A,34,213",N/A,NO,0,"Conteo, Brechas, Fases por demanda, Fases por demanda peatonal",1218
-74.03025354,4.71674357199998,3824,1356,1174,KR 7B X CL 140,USAQUEN,NO,DOBLE,NO,2015/11/05 00:00:00+00,NORMAL,CA-TA,DEFINITIVA,"VEHICULAR, PEATONAL",8,19,4,"1A,14,2,3",N/A,"21A,22,23,214",N/A,NO,0,"Conteo, Brechas",1218
-74.03249715,4.71768539700003,3825,16,1178,AK 9 X CL 140,USAQUEN,ACTROS,SENCILLA,SI,1995/04/12 00:00:00+00,NORMAL,CA-TA,DEFINITIVA,"VEHICULAR, PEATONAL, CICLISTA",12,12,2,"1,2,3,4,",N/A,"21,22,23,24,31,32",N/A,"41, 42",0,"Conteo, Brechas, Cola - Siguiente Intersección",1219
-74.08895768,4.74074569800001,3826,1738,1179,KR 96 X AC 145,SUBA,C900,SENCILLA,SI,2022/08/02 00:00:00+00,NORMAL,RP-TF,DEFINITIVA,"VEHICULAR, PEATONAL",8,8,2,"3A, 4A","3B, 4B ","23,24",N/A,NO,0,Fases por demanda peatonal,1101
-74.05642037,4.67063817799999,3827,1739,1180,KR 16A X AC 85,CHAPINERO,C900,SENCILLA,SI,2022/03/03 00:00:00+00,NORMAL,CA-TA,DEFINITIVA,"VEHICULAR, PEATONAL, CICLISTA",14,14,4,"91,2,3,93,103,4",N/A,"22,33,24,291","722, 791 ","43, 44",0,"Fases por demanda peatonal, Activacion de sonoro",1912
-74.05709565,4.66778931599998,3828,1740,1181,KR 16 X CL 82,CHAPINERO,C900,SENCILLA,SI,2022/03/02 00:00:00+00,NORMAL,RP-TF,DEFINITIVA,"VEHICULAR, PEATONAL",10,10,3,"1,3",N/A,"21,23,31,33","721, 723, 731, 733",NO,0,Fases por demanda peatonal,1912
-74.07337102,4.69561981599998,3829,1748,1182,AK 70 X CL 103,SUBA,C900,SENCILLA,SI,2022/06/17 00:00:00+00,NORMAL,RP-TF,DEFINITIVA,"VEHICULAR, PEATONAL",6,6,2,"1,2,4",N/A,"21,24,32",N/A,NO,0,N/A,1107
-74.11780259,4.714130329,3830,1749,1183,KR 107 X DG 78C,ENGATIVA,C900,SENCILLA,SI,2022/08/31 00:00:00+00,NORMAL,BT-TF,DEFINITIVA,"VEHICULAR, PEATONAL",6,6,3,"1,2,3",N/A,"22,23, 31",N/A,NO,0,N/A,1136
-74.05331749,4.66145630900002,3831,132,1191,KR 9 X CL 78,CHAPINERO,C900,SENCILLA,SI,1994/11/14 00:00:00+00,NORMAL,RP-TF,DEFINITIVA,"VEHICULAR, PEATONAL",6,6,3,"2,4",N/A,"22,24,32,34",N/A,NO,0,N/A,1908
-74.06034379,4.66100869500002,3832,195,1192,AK 15 X CL 74,CHAPINERO,C900,SENCILLA,SI,1980/11/13 00:00:00+00,NORMAL,BT-TA,DEFINITIVA,"VEHICULAR, PEATONAL",6,6,3,"2,3,92",N/A,"22,23,33",N/A,NO,0,"Conteo, Brechas",1913
-74.05914424,4.66285479200002,3833,180,1193,AK 15 X CL 76,CHAPINERO,C900,SENCILLA,SI,1980/11/24 00:00:00+00,NORMAL,BT-TA,DEFINITIVA,"VEHICULAR, PEATONAL",4,4,2,"2,4",N/A,"22,24",N/A,NO,0,"Conteo, Brechas, Cola - Siguiente Intersección",1913
-74.05860938,4.66377372599999,3834,177,1194,AK 15 X CL 77,CHAPINERO,C900,DOBLE,SI,1980/12/10 00:00:00+00,NORMAL,R-TF,DEFINITIVA,"VEHICULAR, PEATONAL",8,13,3,"2,3,4",N/A,"22, 23, 24, 32, 34",N/A,NO,0,"Conteo, Brechas",1912
-74.059675,4.66436299999998,3835,1821,1194,KR 16A X CL 77,CHAPINERO,NO,DOBLE,NO,2024/05/13 00:00:00+00,NORMAL,R-TF,PROVISIONAL_PMT,"VEHICULAR, PEATONAL",5,13,3,"1,14",N/A,"21,31",N/A,NO,0,N/A,1912
-74.05971344,4.66193526000001,3836,186,1195,AK 15 X CL 75,CHAPINERO,C900,SENCILLA,SI,2000/04/25 00:00:00+00,NORMAL,BT-TA,DEFINITIVA,"VEHICULAR, PEATONAL",8,8,4,"2,3,4,92",N/A,"22,24",723,NO,0,"Conteo, Brechas, Fases por demanda, Activación de sonoro",1913
-74.05294809,4.66569054399997,3837,128,1118,AK 11 X CL 82,CHAPINERO,ACTROS,SENCILLA,SI,1994/11/07 00:00:00+00,NORMAL,CA-TA,DEFINITIVA,"VEHICULAR, PEATONAL, CICLISTA",8,8,3,"1,1A,3",N/A,"21,21A,23",N/A,41.42,0,"Conteo, Brechas",1910
-74.05147255,4.66784859699999,3838,113,1119,AK 11 X AC 85,CHAPINERO,ACTROS,DOBLE,SI,1998/03/04 00:00:00+00,PMT,CA-TA,DEFINITIVA,"VEHICULAR, PEATONAL, CICLISTA",11,19,3,"1,1A,3,4A",N/A,"21,23,24A",N/A,"41,43,44A,412",0,"Conteo, Brechas, Cola - Siguiente Intersección",1910
-74.05218257,4.666830248,3839,117,1119,AK 11 X AC 82,CHAPINERO,NO,DOBLE,NO,1998/03/04 00:00:00+00,NORMAL,CA-TA,DEFINITIVA,"VEHICULAR, PEATONAL",8,19,3,"2,3A,4,11,11A",N/A,"23A,24,211",N/A,NO,0,"Conteo, Brechas, Fases por demanda peatonal",1910
-74.05527354,4.67005958499999,3840,150,1120,AK 15 X AC 85,CHAPINERO,C900,DOBLE,SI,1998/01/29 00:00:00+00,NORMAL,CA-TA,DEFINITIVA,"VEHICULAR, PEATONAL, CICLISTA",12,16,3,"3,4,7,12,612",N/A,"23,24,34,212,312",N/A,"43,44",0,"Conteo, Brechas, Cola - Siguiente Intersección",1912
-74.05656499,4.667427535,3841,159,1120,AK 15 X CL 82,CHAPINERO,NO,DOBLE,NO,1998/01/29 00:00:00+00,NORMAL,CA-TA,DEFINITIVA,"VEHICULAR, PEATONAL",4,16,2,"2,3A",N/A,"22,23A",N/A,NO,0,"Conteo, Brechas",1912
-74.05390686,4.67292632200002,3842,142,1121,AK 15 X CL 88,CHAPINERO,C900,SENCILLA,SI,1999/12/24 00:00:00+00,NORMAL,CA-TF,DEFINITIVA,"PEATONAL, CICLISTA",4,4,2,2,N/A,22 (Exc),N/A,"43,44 (Exc)",0,N/A,1904
-74.04942961,4.67088489299999,3843,1421,1122,AK 11 X CL 88,CHAPINERO,ACTROS,SENCILLA,SI,2015/05/22 00:00:00+00,NORMAL,CA-TA,DEFINITIVA,"VEHICULAR, PEATONAL",7,7,2,"1,1A,2",N/A,"21,21A (Exc)","721,721A",NO,0,Fases por demanda peatonal sonoro,1904
-74.04469722,4.68000625600001,3844,1419,1123,AK 11 X CL 97,CHAPINERO,ACTROS,SENCILLA,SI,2015/02/16 00:00:00+00,NORMAL,CA-TA,DEFINITIVA,EXCLUSIVA PEATONAL,7,7,2,"1,1A,2",N/A,"21,21A (Exc)","721,721A",NO,0,Fases por demanda peatonal sonoro,1904
-74.06321857,4.66032616400003,3845,240,1128,KR 20A X AC 72,BARRIOS UNIDOS,C900,SENCILLA,SI,1984/06/16 00:00:00+00,PMT,BT-TF,DEFINITIVA,"VEHICULAR, PEATONAL",3,3,3,"2,3",N/A,22,N/A,NO,0,"Conteo, Brechas",1913
-74.06568639,4.65637026899998,3846,276,1129,KR 17 X AC 68,BARRIOS UNIDOS,ACTROS,SENCILLA,SI,1993/05/31 00:00:00+00,NORMAL,RP-TF,DEFINITIVA,"VEHICULAR, PEATONAL, CICLISTA",6,6,2,"2,4",N/A,"22,24,32",N/A,44,0,N/A,1906
-74.06680096,4.65456361600002,3847,300,1130,KR 17 X CL 66,BARRIOS UNIDOS,ACTROS,SENCILLA,SI,1983/11/11 00:00:00+00,NORMAL,RP-TF,DEFINITIVA,"VEHICULAR, PEATONAL, CICLISTA",7,7,3,"2,3",N/A,"22,23,32,33",N/A,43,0,N/A,1906
-74.06707717,4.65307541200002,3848,306,1131,KR 17 X CL 64,BARRIOS UNIDOS,ACTROS,DOBLE,SI,1998/05/03 00:00:00+00,NORMAL,RP-TF,DEFINITIVA,"VEHICULAR, PEATONAL",4,8,3,"4,12",N/A,"24,312",N/A,NO,0,N/A,1906
-74.06715139,4.65267332399998,3849,309,1131,KR 17 X CL 63C,BARRIOS UNIDOS,NO,DOBLE,NO,1998/05/03 00:00:00+00,NORMAL,RP-TF,DEFINITIVA,"VEHICULAR, PEATONAL",4,8,3,"2,3",N/A,"23,32",N/A,NO,0,N/A,1906
-74.062522,4.74127299999998,3850,1851,1132,KR 58C X AC 153,SUBA,C900,SENCILLA,SI,2024/11/25 00:00:00+00,NORMAL,BT-TA,DEFINITIVA,"VEHICULAR, PEATONAL",12,12,4,"1,2,3,4",N/A,"21,22,23,34","721,722,723,734",NO,0,N/A,1104
-74.04816024,4.66592482599998,3851,84,1137,KR 8 X AC 85,CHAPINERO,C900,SENCILLA,SI,2006/10/19 00:00:00+00,NORMAL,CA-TA,DEFINITIVA,"VEHICULAR, PEATONAL",7,7,3,"1,2,3,4",N/A,"22,23,34",N/A,NO,0,"Conteo, Brechas, Fases por demanda",1901
-74.04972822,4.66420052500001,3852,99,1138,KR 8 X AC 82,CHAPINERO,C900,SENCILLA,SI,2006/10/19 00:00:00+00,NORMAL,RP-TF,DEFINITIVA,"VEHICULAR, PEATONAL",8,8,3,"1,2,3,4",N/A,"21,22,23,34",N/A,NO,0,Cola - Siguiente Intersección,1908
-74.04696776,4.668307556,3853,76,1139,KR 8 X CL 87,CHAPINERO,C900,DOBLE,SI,2003/01/15 00:00:00+00,NORMAL,RP-TF,DEFINITIVA,"VEHICULAR, PEATONAL",7,14,4,"1,3,4A,12",N/A,"21,24A,212",N/A,NO,0,N/A,1901
-74.0476157,4.66701038100001,3854,80,1139,KR 8 X CL 86,CHAPINERO,NO,DOBLE,NO,2003/01/15 00:00:00+00,NORMAL,RP-TF,DEFINITIVA,"VEHICULAR, PEATONAL",7,14,3,"2,3A,4,11",N/A,"22,24,211",N/A,NO,0,N/A,1901
-74.04859543,4.66754554699997,3855,1366,1140,KR 9 X CL 86,CHAPINERO,C900,SENCILLA,SI,2015/11/25 00:00:00+00,PMT,RP-TF,DEFINITIVA,"VEHICULAR, PEATONAL",10,10,3,"1,2,3,4",N/A,"21,22,23,24,33,34",N/A,NO,0,N/A,1901
-74.06900402,4.66658563999999,3856,1348,1141,KR 28 X CL 74,BARRIOS UNIDOS,NO,DOBLE,NO,2015/08/27 00:00:00+00,NORMAL,CA-TA,DEFINITIVA,"VEHICULAR, PEATONAL, CICLISTA",11,21,3,"2,7,13",N/A,"22,32,213,313","722, 732, 7213",42,0,"Conteo, Brechas, Activación de sonoro",1914
-74.06952567,4.66694720599997,3857,1349,1141,KR 28A X CL 74,BARRIOS UNIDOS,C900,DOBLE,SI,2015/08/27 00:00:00+00,NORMAL,CA-TA,DEFINITIVA,"VEHICULAR, PEATONAL, CICLISTA",10,21,4,"1,3,93",N/A,"21,23,31","721, 723, 731",41,0,"Conteo, Brechas, Activación de sonoro",1914
-74.06740253,4.66842274999999,3858,315,1142,KR 28 X CL 76,BARRIOS UNIDOS,C900,SENCILLA,SI,2003/12/11 00:00:00+00,NORMAL,RP-TF,DEFINITIVA,"VEHICULAR, PEATONAL, CICLISTA",7,7,3,"2,4",N/A,"22,24,32",N/A,"43, 44",0,N/A,1914
-74.06285948,4.673443728,3859,237,1143,AK 24 X CL 85A,BARRIOS UNIDOS,C900,SENCILLA,SI,1995/02/06 00:00:00+00,NORMAL,RP-TF,DEFINITIVA,"VEHICULAR, PEATONAL",7,7,3,"1,2,3,4",N/A,"22,24,31",N/A,NO,0,N/A,1914
-74.0625113,4.6754962,3860,226,1144,AK 24 X CL 87,BARRIOS UNIDOS,C900,SENCILLA,SI,1993/07/07 00:00:00+00,NORMAL,RP-TF,DEFINITIVA,"VEHICULAR, PEATONAL, CICLISTA",8,8,2,"1,2,4",N/A,"21,24,32",N/A,"41, 42",0,N/A,1914
-74.06602097,4.66476825199999,3861,285,1145,AK 24 X AC 74,BARRIOS UNIDOS,C900,DOBLE,SI,1990/04/09 00:00:00+00,NORMAL,R-TF,DEFINITIVA,"VEHICULAR, PEATONAL",7,12,2,"1A,2,3",N/A,"21A,22,23,33",N/A,NO,0,"Conteo, Brechas",1914
-74.065375,4.66431499999999,3862,1823,1145,KR 23 X AC 74,BARRIOS UNIDOS,NO,DOBLE,NO,2024/05/14 00:00:00+00,NORMAL,R-TF,PROVISIONAL_PMT,"VEHICULAR, PEATONAL",5,12,2,"1,13",N/A,"21,213,31",N/A,NO,0,N/A,1914
-74.06636786,4.669629966,3863,1477,1146,KR 28 X CL 78,BARRIOS UNIDOS,C900,SENCILLA,SI,2016/08/11 00:00:00+00,NORMAL,RP-TF,DEFINITIVA,"VEHICULAR, PEATONAL",6,6,3,"2,3",N/A,"22,23,32,33",N/A,NO,0,N/A,1914
-74.06511958,4.67112266399999,3864,269,1147,KR 28 X AC 80,BARRIOS UNIDOS,C900,SENCILLA,SI,2003/12/11 00:00:00+00,NORMAL,CA-TA,DEFINITIVA,"VEHICULAR, PEATONAL",12,12,2,"2,3A,4A,792","3B,4B","22, 24,32,33","724, 733",NO,0,"Conteo, Brechas",1914
-74.06340031,4.66901425700001,3865,242,1148,AK 24 X AC 80,BARRIOS UNIDOS,C900,SENCILLA,SI,1997/09/04 00:00:00+00,NORMAL,CA-TA,DEFINITIVA,"VEHICULAR, PEATONAL, CICLISTA",29,29,3,"1,2,3A,4A,91,92,93,94","3B,4B","21,22,24A,24B,31,32,33A,33B,291,292","721, 723, 732, 734, 7291","41, 42",0,"Brechas, Activación de sonoro",1914
-74.0671208,4.66302125599998,3866,308,1149,AK 24 X AC 72,BARRIOS UNIDOS,C900,DOBLE,SI,1987/06/14 00:00:00+00,NORMAL,R-TF,DEFINITIVA,"VEHICULAR, PEATONAL",16,25,3,"1A,2,3,3A,5,6,14,14A",N/A,"21A,22,23,214,31A,32,33,314A",N/A,NO,0,"Conteo, Brechas",1914
-74.066482,4.66256099999998,3867,1432,1149,KR 23 X AC 72,BARRIOS UNIDOS,NO,DOBLE,NO,2024/05/14 00:00:00+00,NORMAL,R-TF,PROVISIONAL_PMT,"VEHICULAR, PEATONAL, CICLISTA",9,25,2,"1,4,13,13A",N/A,"21,213,31,34",N/A,44,0,N/A,1914
-74.06963021,4.65902671200001,3868,359,1150,AK 24 X AC 68,BARRIOS UNIDOS,ACTROS,SENCILLA,SI,1986/01/03 00:00:00+00,NORMAL,R-TA,DEFINITIVA,"VEHICULAR, PEATONAL",12,12,4,"1,2,4,8,91",N/A,"21,22,24,31,32,34",N/A,44,0,"Conteo, Brechas, Fases por demanda",1906
-74.07076436,4.65730673899998,3869,384,1151,AK 24 X CL 66,BARRIOS UNIDOS,C900,SENCILLA,SI,1997/01/03 00:00:00+00,NORMAL,R-TA,DEFINITIVA,"VEHICULAR, PEATONAL, CICLISTA",8,8,3,"1,2,3",N/A,"22,23,31,33",N/A,43,0,"Conteo, Brechas",1906
-74.057511,4.739802,3870,1895,1154,KR 55 X AC 153,SUBA,C900,SENCILLA,SI,2025/03/12 00:00:00+00,PMT,BT-TF,DEFINITIVA,"VEHICULAR, PEATONAL",12,12,3,"1,3,4, 92",N/A,"21, 22, 23, 34","721, 722, 723, 734",NO,0,Activación de sonoro,1104
-74.05875129,4.65718948400001,3871,178,1156,AK 11 X AC 72,CHAPINERO,ACTROS,SENCILLA,SI,1998/03/06 00:00:00+00,PMT,CA-TA,DEFINITIVA,"VEHICULAR, PEATONAL",8,8,3,"1,3,4,93",N/A,"21,23,31,34",N/A,NO,0,"Conteo, Brechas",1910
-74.04177812,4.67436165800001,3872,40,1157,AK 7 X CL 94,CHAPINERO,C900,SENCILLA,SI,1997/05/10 00:00:00+00,NORMAL,CA-TA,DEFINITIVA,"VEHICULAR, PEATONAL, CICLISTA",8,8,3,"1,2,2A,6,93",N/A,"21,32",N/A,42,0,"Conteo, Brechas, Fases por demanda peatonal",1907
-74.07193084,4.65401884599999,3873,1561,1158,AK 24 X CL 63C,BARRIOS UNIDOS,C900,SENCILLA,SI,2019/01/10 00:00:00+00,NORMAL,R-TA,DEFINITIVA,EXCLUSIVA PEATONAL,6,6,2,"1,2",N/A,"21,22",722,NO,0,Activación de sonoro,1906
-74.07164589,4.65549665200001,3874,403,1159,AK 24 X CL 63F,BARRIOS UNIDOS,C900,SENCILLA,SI,1980/04/19 00:00:00+00,NORMAL,RP-TF,DEFINITIVA,"VEHICULAR, PEATONAL",8,8,3,"1,2,3,4,64",N/A,"21,23,24",N/A,NO,0,Conteo,1906
-74.05495748,4.66273999800001,3875,149,1250,AK 11 X CL 78,CHAPINERO,ACTROS,SENCILLA,SI,1993/12/10 00:00:00+00,NORMAL,CA-TA,DEFINITIVA,"VEHICULAR, PEATONAL",4,4,2,"1,4",N/A,"21,34",N/A,NO,0,"Conteo, Brechas",1910
-74.0286112,4.70212936799999,3876,9,1255,AK 7 X AC 127,USAQUEN,ACTROS,SENCILLA,SI,1997/04/02 00:00:00+00,NORMAL,CA-TA,DEFINITIVA,"VEHICULAR, PEATONAL",14,14,3,"1,2,6,7,91,93",N/A,"21,22,27,31,32,36,291,293",N/A,NO,0,"Conteo, Brechas, Cola, Cola - Siguiente Intersección",1204
-74.0319963,4.69592570700001,3877,14,1256,AK 7 X CL 119,USAQUEN,ACTROS,SENCILLA,SI,1983/06/05 00:00:00+00,NORMAL,CA-TA,DEFINITIVA,"VEHICULAR, PEATONAL",7,7,3,"1,2,4,6",N/A,"21,24,32",N/A,NO,0,"Conteo, Brechas",1204
-74.03322151,4.69363608100002,3878,18,1257,AK 7 X AC 116,USAQUEN,ACTROS,SENCILLA,SI,1998/04/04 00:00:00+00,NORMAL,CA-TA,DEFINITIVA,"VEHICULAR, PEATONAL",10,10,3,"1,2,3,6,91",N/A,"22,22A,23,31,291",N/A,NO,0,"Conteo, Brechas, Cola, Cola - Siguiente Intersección",1204
-74.03494755,4.68781978999999,3879,21,1258,AK 7 X CL 109,USAQUEN,ACTROS,SENCILLA,SI,1993/07/16 00:00:00+00,NORMAL,CA-TA,DEFINITIVA,"VEHICULAR, PEATONAL",9,9,3,"1,2,4,5,6",N/A,"21,24,32,35",N/A,NO,0,"Conteo, Brechas, Fases por demanda",1204
-74.03566252,4.68512197299998,3880,24,1259,AK 7 X CL 106,USAQUEN,ACTROS,SENCILLA,SI,1988/07/14 00:00:00+00,NORMAL,CA-TA,DEFINITIVA,"VEHICULAR, PEATONAL",11,11,4,"1,1A,2,4,6,7,93",N/A,"22,23,24,31",N/A,NO,0,"Conteo, Brechas, Cola, Fases por demanda, Cola - Siguiente Intersección",1204
-74.05387485,4.66059048300002,3881,141,1269,KR 9 X CL 77,CHAPINERO,C900,DOBLE,SI,1987/10/07 00:00:00+00,NORMAL,RP-TF,DEFINITIVA,"VEHICULAR, PEATONAL",6,12,3,"3,12",N/A,"23,33,212,312",N/A,NO,0,Cola - Siguiente Intersección,1908
-74.05439834,4.65980282999999,3882,146,1269,KR 9 X CL 76,CHAPINERO,NO,DOBLE,NO,1987/10/07 00:00:00+00,NORMAL,RP-TF,DEFINITIVA,"VEHICULAR, PEATONAL",6,12,3,"2,4",N/A,"22,24,32,34",N/A,NO,0,Cola - Siguiente Intersección,1908
-74.04923641,4.67677871799998,3883,94,1270,KR 13 X CL 93A,CHAPINERO,C900,DOBLE,SI,1998/04/29 00:00:00+00,NORMAL,RP-TF,DEFINITIVA,"VEHICULAR, PEATONAL",5,12,3,"1,3,12",N/A,"23,212",N/A,NO,0,N/A,1904
-74.04475493,4.69256402299999,3884,59,1293,AK 15 X CL 109,USAQUEN,C900,DOBLE,SI,1996/04/16 00:00:00+00,NORMAL,CA-TA,DEFINITIVA,"VEHICULAR, PEATONAL",10,20,2,"1,3,4A,12",N/A,"21,23,24A,31,212,312",N/A,NO,0,"Conteo, Brechas, Cola - Siguiente Intersección",1212
-74.04587696,4.69049989400003,3885,65,1293,AK 15 X CL 106,USAQUEN,NO,DOBLE,NO,1996/04/16 00:00:00+00,NORMAL,CA-TA,DEFINITIVA,"VEHICULAR, PEATONAL",10,20,2,"2,3A,4,11",N/A,"22,23A,24,32,211,311",N/A,NO,0,"Conteo, Brechas",1212
-74.04816444,4.68488410100002,3886,83,1294,AK 15 X AC 100,CHAPINERO,C900,SENCILLA,SI,1997/03/09 00:00:00+00,PMT,BT-TF,DEFINITIVA,"VEHICULAR, PEATONAL, CICLISTA",21,21,4,"1,2,3,4,11,12,13,14,112",N/A,"21,22,23,24,211,212,213,214",N/A,"43,44,413,414",0,N/A,1214
-74.05055805,4.67943254199997,3887,104,1295,AK 15 X CL 94,CHAPINERO,C900,SENCILLA,SI,1983/06/26 00:00:00+00,NORMAL,CA-TA,DEFINITIVA,"VEHICULAR, PEATONAL",6,6,2,"2,3,4",N/A,"22,24,33",N/A,NO,0,"Conteo, Brechas, Cola - Siguiente Intersección",1904
-74.05194855,4.67676002500002,3888,115,1296,AK 15 X CL 93,CHAPINERO,NO,DOBLE,NO,1984/06/03 00:00:00+00,NORMAL,CA-TA,DEFINITIVA,"VEHICULAR, PEATONAL",4,12,2,"4A,12",N/A,"24A,212",N/A,NO,0,"Conteo, Brechas",1904
-74.05239066,4.67588117700001,3889,120,1296,AK 15 X AC 92,CHAPINERO,C900,DOBLE,SI,1984/06/03 00:00:00+00,NORMAL,CA-TA,DEFINITIVA,"VEHICULAR, PEATONAL, CICLISTA",8,12,2,"2,3,4",N/A,"22,24,33",N/A,43.44,0,"Conteo, Brechas",1904
-74.0531349,4.67444906899999,3890,130,1297,AK 15 X CL 90,CHAPINERO,C900,SENCILLA,SI,1984/12/26 00:00:00+00,NORMAL,CA-TA,DEFINITIVA,"VEHICULAR, PEATONAL",4,4,2,"2,3",N/A,"22,23",N/A,NO,0,"Conteo, Brechas",1904
-74.05638045,4.67795946699999,3891,161,1298,KR 19B X AC 92,CHAPINERO,C900,SENCILLA,SI,1995/10/29 00:00:00+00,NORMAL,RP-TF,DEFINITIVA,"VEHICULAR, PEATONAL",5,5,3,"3,4,5,91",N/A,21,N/A,NO,0,N/A,1904
-74.04694728,4.68883892999997,3892,74,1299,AK 15 X CL 104,USAQUEN,C900,SENCILLA,SI,2000/07/02 00:00:00+00,NORMAL,CA-TA,DEFINITIVA,"VEHICULAR, PEATONAL",8,8,3,"1,2,3,4",N/A,"21,24,32,33",N/A,NO,0,"Conteo, Brechas, Cola - Siguiente Intersección",1212
-74.05453707,4.67698821300002,3893,147,1301,KR 18 X AC 92,CHAPINERO,C900,SENCILLA,SI,2004/08/13 00:00:00+00,NORMAL,RP-TF,DEFINITIVA,"VEHICULAR, PEATONAL, CICLISTA",7,7,2,"2,3,4",N/A,"22,24,33",N/A,43,0,N/A,1904
-74.0471203,4.71769042199998,3894,79,1302,AK 19 X AC 134,USAQUEN,ACTROS,SENCILLA,SI,1997/03/23 00:00:00+00,NORMAL,CA-TA,DEFINITIVA,"VEHICULAR, PEATONAL",12,12,3,"1,2,3,4,7",N/A,"21,22,23,27,31,32,34",N/A,NO,0,"Conteo, Brechas, Cola - Siguiente Intersección",1201
-74.0483676,4.70798240099998,3895,86,1303,AK 19 X CL 127B,USAQUEN,NO,TRIPLE,NO,1997/04/06 00:00:00+00,NORMAL,CA-TA,DEFINITIVA,"VEHICULAR, CICLISTA",3,24,2,112,N/A,N/A,N/A,"414,112",0,N/A,1211
-74.04878862,4.70545294099998,3896,87,1303,AK 19 X AC 127,USAQUEN,ACTROS,TRIPLE,SI,1997/04/06 00:00:00+00,NORMAL,CA-TA,DEFINITIVA,"VEHICULAR, PEATONAL, CICLISTA",12,24,3,"1,3,4,12",N/A,"21,24,31,33,212,312",N/A,"411, 412",0,"Conteo, Brechas, Cola - Siguiente Intersección",1211
-74.04894603,4.70455833099999,3897,92,1303,AK 19 X CL 125,USAQUEN,NO,TRIPLE,NO,1997/04/06 00:00:00+00,NORMAL,CA-TA,DEFINITIVA,"VEHICULAR, PEATONAL",9,24,4,"2,3A,11",N/A,"22,23A,311,611",N/A,"42, 4111",0,"Conteo, Brechas, Fases por demanda",1211
-74.04993496,4.69863953599997,3898,101,1304,AK 19 X AC 116,USAQUEN,ACTROS,SENCILLA,SI,1998/01/26 00:00:00+00,NORMAL,CA-TA,DEFINITIVA,"VEHICULAR, PEATONAL, CICLISTA",31,31,3,"1,2,3,4,4A,61,63",N/A,"21,22,23,24,31,32,33,34","721,722,723,724,731,732,733,734","41,42,43,44,411,412,413,414",0,"Conteo, Brechas, Cola - Siguiente Intersección",1211
-74.05054144,4.695132398,3899,107,1305,AK 19 X CL 109,USAQUEN,ACTROS,DOBLE,SI,1983/06/22 00:00:00+00,NORMAL,CA-TA,DEFINITIVA,"VEHICULAR, PEATONAL, CICLISTA",12,24,2,"1,3,4A,12",N/A,"21,23,24A,212,31,312",N/A,41.412,0,"Conteo, Brechas, Cola - Siguiente Intersección",1211
-74.05092641,4.69274467700001,3900,110,1305,AK 19 X CL 106,USAQUEN,NO,DOBLE,NO,1983/06/22 00:00:00+00,NORMAL,CA-TA,DEFINITIVA,"VEHICULAR, PEATONAL, CICLISTA",12,24,2,"2,3A,4,11",N/A,"22,23A,24,211,32,311",N/A,42.411,0,"Conteo, Brechas, Cola - Siguiente Intersección",1211
-74.05205594,4.685904833,3901,116,1306,AK 19 X AC 100,CHAPINERO,C900,SENCILLA,SI,1997/02/08 00:00:00+00,PMT,BT-TF,DEFINITIVA,"VEHICULAR, PEATONAL, CICLISTA",18,18,3,"1,2,3,4,3A,4A,5",N/A,"21,21P, 22,23,31,32,32P,34,34A",N/A,"41, 42",0,N/A,1214
-74.05131863,4.69040211499998,3902,112,1307,AK 19 X CL 104,USAQUEN,ACTROS,SENCILLA,SI,2000/06/12 00:00:00+00,NORMAL,CA-TA,DEFINITIVA,"VEHICULAR, PEATONAL, CICLISTA",17,17,3,"1,2,3,4,791,794",N/A,"21,22,23,24,31,32","721, 723, 732",41.42,0,"Conteo, Brechas, Fases por demanda peatonal sonoro",1211
-74.04617126,4.69740149099999,3903,66,1308,KR 17 X AC 116,USAQUEN,C900,DOBLE,SI,2006/11/18 00:00:00+00,NORMAL,CA-TA,DEFINITIVA,"VEHICULAR, PEATONAL, CICLISTA",10,20,3,"1,2A,4,13",N/A,"21,22A,24,313",N/A,44.413,0,"Conteo, Brechas, Fases por demanda, Cola - Siguiente Intersección, Fases por demanda peatonal",1211
-74.04757294,4.69794877499999,3904,72,1308,KR 18 X AC 116,USAQUEN,NO,DOBLE,NO,2006/11/18 00:00:00+00,NORMAL,CA-TA,DEFINITIVA,"VEHICULAR, PEATONAL, CICLISTA",10,20,3,"1A,2,3,14",N/A,"21A,22,33,214",N/A,43.414,0,"Conteo, Brechas, Fases por demanda, Cola - Siguiente Intersección, Fases por demanda peatonal",1211
-74.03461812,4.72078288599999,3905,20,1309,KR 11 X CL 142,USAQUEN,C900,SENCILLA,SI,2006/11/22 00:00:00+00,NORMAL,R-TA,DEFINITIVA,"VEHICULAR, PEATONAL",8,8,4,"1,2,3,4",N/A,"21,22,23,24",N/A,NO,0,"Conteo, Brechas",1203
-74.04555335,4.70115698000001,3906,63,1310,KR 17 X CL 122,USAQUEN,C900,DOBLE,SI,2006/11/24 00:00:00+00,NORMAL,RP-TF,DEFINITIVA,"VEHICULAR, PEATONAL",7,14,3,"1,2A,4,13",N/A,"21,22A,24",N/A,NO,0,N/A,1211
-74.04628495,4.70127090699998,3907,69,1310,KR 17A X CL 122,USAQUEN,NO,DOBLE,NO,2006/11/24 00:00:00+00,NORMAL,RP-TF,DEFINITIVA,"VEHICULAR, PEATONAL",7,14,3,"1A,2,3,14",N/A,"21A,22,23",N/A,NO,0,Cola - Siguiente Intersección,1211
-74.05192722,4.70642712599999,3908,1143,1311,KR 21 X AC 127,USAQUEN,C900,SENCILLA,SI,2009/02/19 00:00:00+00,NORMAL,RP-TA,DEFINITIVA,"VEHICULAR, PEATONAL",8,8,4,"3,4,14,91",N/A,"23,214 (Exc)","723, 7214",NO,0,"Cola - Siguiente Intersección, Fases por demanda peatonal sonoro",1211
-74.04896966,4.69188033099999,3909,1368,1312,KR 17A X CL 106,USAQUEN,C900,SENCILLA,SI,2015/09/14 00:00:00+00,NORMAL,R-TF,DEFINITIVA,"VEHICULAR, PEATONAL",11,11,3,"1,2,3,4,8",N/A,"21,22,23","721, 722, 723",NO,0,Activación de sonoro,1211
-74.05155176,4.698889092,3910,103,1313,KR 20 X AC 116,USAQUEN,ACTROS,SENCILLA,SI,2018/02/14 00:00:00+00,NORMAL,CA-TA,DEFINITIVA,"VEHICULAR, PEATONAL, CICLISTA",13,13,4,"3,4,4A,7,91",N/A,"23,24,291","723, 724, 7291",43.44,0,"Conteo, Brechas, Fases por demanda, Activación de sonoro",1211
-74.04988057,4.675561937,3911,100,1270,KR 13 X CL 93,CHAPINERO,NO,DOBLE,NO,1998/04/29 00:00:00+00,NORMAL,RP-TF,DEFINITIVA,"VEHICULAR, PEATONAL",7,12,3,"2,4,6,91",N/A,"22,24,291",N/A,NO,0,Cola - Siguiente Intersección,1904
-74.04698351,4.67559948899998,3912,77,1272,AK 11 X CL 93A,CHAPINERO,ACTROS,SENCILLA,SI,1998/04/20 00:00:00+00,PMT,CA-TA,DEFINITIVA,"VEHICULAR, PEATONAL",8,8,3,"1,1A,2,3",N/A,"21,21A,23,33",N/A,NO,0,"Conteo, Brechas",1904
-74.04334896,4.68262535299999,3913,52,1273,AK 11 X AC 100,CHAPINERO,C900,SENCILLA,SI,1998/03/05 00:00:00+00,PMT,BT-TF,DEFINITIVA,"VEHICULAR, PEATONAL, CICLISTA",20,20,5,"1,3,4,5,8,91,93,94",N/A,"21,23,24,28,31,32,33,34,291, 294",N/A,"41,42",0,N/A,1214
-74.04618079,4.67714532700001,3914,67,1274,AK 11 X CL 94,CHAPINERO,ACTROS,SENCILLA,SI,1984/11/21 00:00:00+00,NORMAL,CA-TF,DEFINITIVA,"VEHICULAR, PEATONAL",10,10,3,"1,1A,2,3,4",N/A,"21,23,24,33,34",N/A,NO,0,"Conteo, Brechas, Cola - Siguiente Intersección",1904
-74.04802447,4.67359179900001,3915,82,1275,AK 11 X AC 92,CHAPINERO,ACTROS,SENCILLA,SI,1994/11/22 00:00:00+00,NORMAL,CA-TA,DEFINITIVA,"VEHICULAR, PEATONAL",10,10,3,"1,1A,2,3,4",N/A,"21,23,24,33,34",N/A,NO,0,"Conteo, Brechas, Fases por demanda peatonal",1904
-74.04874869,4.67217871899999,3916,88,1276,AK 11 X CL 90,CHAPINERO,ACTROS,SENCILLA,SI,1993/07/09 00:00:00+00,NORMAL,CA-TA,DEFINITIVA,"VEHICULAR, PEATONAL",7,7,3,"1,1A,2,3",N/A,"21,23,33",N/A,NO,0,"Conteo, Brechas, Fases por demanda peatonal",1904
-74.03707851,4.69494341900003,3917,26,1277,AK 11 X AC 116,USAQUEN,C900,SENCILLA,SI,1990/10/26 00:00:00+00,PMT,RP-TF,DEFINITIVA,"VEHICULAR, PEATONAL, CICLISTA",31,31,3,"1,2,3,4,4A,92,94",N/A,"21,22,23,24,31,32,33,34","721, 722, 723, 724, 731, 732, 733, 734","41,42,43,44,411, 412, 413, 414",0,"Conteo, Brechas",1212
-74.04911523,4.666530658,3918,93,1278,KR 9 X AC 85,CHAPINERO,C900,SENCILLA,SI,1998/06/08 00:00:00+00,PMT,R-TF,DEFINITIVA,"VEHICULAR, PEATONAL",6,6,4,"1,2,3,4",N/A,"22,23",N/A,NO,0,"Conteo, Brechas",1901
-74.055654,4.66173625599998,3919,153,1279,AK 11 X CL 77,CHAPINERO,NO,DOBLE,NO,1983/05/06 00:00:00+00,NORMAL,CA-TA,DEFINITIVA,"VEHICULAR, PEATONAL",5,13,3,"1,3",N/A,"21,23,33",N/A,NO,0,"Conteo, Brechas",1910
-74.05618684,4.66096842299999,3920,156,1279,AK 11 X CL 76,CHAPINERO,ACTROS,DOBLE,SI,1983/05/06 00:00:00+00,NORMAL,CA-TA,DEFINITIVA,"VEHICULAR, PEATONAL",8,13,3,"4,11",N/A,"24,34,211","724, 734, 7211",NO,0,"Conteo, Brechas, Cola - Siguiente Intersección, Activación de sonoro",1910
-74.04295129,4.70071200899997,3921,46,1280,AK 15 X CL 122,USAQUEN,C900,SENCILLA,SI,1990/05/12 00:00:00+00,NORMAL,CA-TA,DEFINITIVA,"VEHICULAR, PEATONAL",7,7,3,"1,2,3,6",N/A,"22,23,31",N/A,NO,0,"Conteo, Brechas",1212
-74.0430495,4.69881693399998,3922,48,1281,AK 15 X CL 119,USAQUEN,C900,SENCILLA,SI,1990/05/12 00:00:00+00,NORMAL,CA-TA,DEFINITIVA,"VEHICULAR, PEATONAL",5,5,2,"1,2,4",N/A,"21,32",N/A,NO,0,"Conteo, Brechas",1212
-74.0398578,4.698659685,3923,31,1282,KR 13 X CL 119,USAQUEN,C900,SENCILLA,SI,1990/04/05 00:00:00+00,NORMAL,RP-TF,DEFINITIVA,"VEHICULAR, PEATONAL",8,8,3,"1,2,3,4",N/A,"21,22,23,24 (Reg)",N/A,NO,0,N/A,1212
-74.03569179,4.69780094200001,3924,25,1283,AK 11 X CL 119,USAQUEN,C900,SENCILLA,SI,1998/09/05 00:00:00+00,PMT,RP-TF,DEFINITIVA,"VEHICULAR, PEATONAL",7,7,3,"1,2,3,4",N/A,"21,23,32",N/A,NO,0,N/A,1212
-74.0409232,4.70397833999999,3925,35,1289,KR 14 X AC 127,USAQUEN,C900,SENCILLA,SI,2000/06/02 00:00:00+00,NORMAL,RP-TA,DEFINITIVA,"VEHICULAR, PEATONAL",12,12,2,"1,3,4,11",N/A,"21,23,24,211","721, 723, 724, 7211",NO,0,Activación de sonoro,1212
-74.04277706,4.704093957,3926,43,1290,AK 15 X AC 127,USAQUEN,C900,SENCILLA,SI,1997/12/04 00:00:00+00,NORMAL,CA-TA,DEFINITIVA,"VEHICULAR, PEATONAL",15,15,4,"1,2,3,4,6,92,93",N/A,"21,22,23,24,31,32,33,34",N/A,NO,0,"Conteo, Brechas, Cola - Siguiente Intersección",1212
-74.04287264,4.70225880800001,3927,45,1291,AK 15 X CL 124,USAQUEN,C900,SENCILLA,SI,1993/03/25 00:00:00+00,NORMAL,CA-TA,DEFINITIVA,EXCLUSIVA PEATONAL,4,4,2,"1,2",N/A,"21,22 (Exc)",N/A,NO,0,N/A,1212
-74.04317689,4.69635239899998,3928,50,1292,AK 15 X AC 116,USAQUEN,C900,SENCILLA,SI,1997/04/08 00:00:00+00,NORMAL,CA-TA,DEFINITIVA,"VEHICULAR, PEATONAL, CICLISTA",29,29,3,"1,2,3,4,4A",N/A,"21,22,23,24,31,32,33,34","721, 722,723,724,731,732,733,734","41,42,43,44,411,412,413,414",0,"Conteo, Brechas, Cola, Cola - Siguiente Intersección",1212
-74.05168592,4.66389378399998,3929,114,1196,KR 9 X CL 81,CHAPINERO,C900,SENCILLA,SI,1994/11/11 00:00:00+00,NORMAL,RP-TF,DEFINITIVA,"VEHICULAR, PEATONAL",6,6,3,"2,4",N/A,"22,24,32,34",N/A,NO,0,N/A,1908
-74.05774736,4.66532609000001,3930,168,1197,AK 15 X CL 79,CHAPINERO,C900,SENCILLA,SI,2000/04/26 00:00:00+00,NORMAL,CA-TA,DEFINITIVA,"VEHICULAR, PEATONAL",6,6,2,"2,4",N/A,"22,24","722,724",NO,0,"Conteo, Brechas, Activación de sonoro",1912
-74.05055308,4.66508303099999,3931,106,1199,KR 9 X AC 82,CHAPINERO,C900,SENCILLA,SI,1997/01/27 00:00:00+00,NORMAL,RP-TF,DEFINITIVA,"VEHICULAR, PEATONAL",10,10,3,"2,3,4,14",N/A,"22,23,24,32,33,314",N/A,NO,0,Cola - Siguiente Intersección,1908
-74.06522201,4.68903713499998,3932,273,1202,TV 60 X AC 100,SUBA,ACTROS,DOBLE,SI,1997/04/12 00:00:00+00,PMT,BT-TF,DEFINITIVA,"VEHICULAR, PEATONAL",20,26,4,"1A, 3,4, 12A, 91,92,93,94","1B,12B","21,24,31,212,34,291,292,293,312",N/A,NO,0,N/A,1133
-74.06449054,4.68715121600002,3933,1437,1202,TV 60 X CL 90,SUBA,NO,DOBLE,NO,2022/11/26 00:00:00+00,PMT,BT-TF,PROVISIONAL_PMT,"VEHICULAR, PEATONAL",6,26,2,"2A, 11A","2B, 11B","22, 211",N/A,NO,0,N/A,1133
-74.06486026,4.66658092699998,3934,264,1210,AK 24 X CL 76,BARRIOS UNIDOS,C900,DOBLE,SI,1990/04/02 00:00:00+00,NORMAL,RP-TF,DEFINITIVA,"VEHICULAR, PEATONAL, CICLISTA",8,15,3,"1A,2,14",N/A,"21A,214,314",N/A,"43, 414",0,N/A,1914
-74.06424,4.66607900000002,3935,1824,1210,KR 23 X CL 76,BARRIOS UNIDOS,NO,DOBLE,NO,2024/05/14 00:00:00+00,PMT,RP-TF,PROVISIONAL_PMT,"VEHICULAR, PEATONAL, CICLISTA",7,15,3,"1,4",N/A,"21,24,31",N/A,"44,413",0,N/A,1914
-74.06597559,4.654141627,3936,283,1211,KR 16 X CL 66,BARRIOS UNIDOS,NO,DOBLE,NO,1990/02/28 00:00:00+00,PMT,RP-TF,DEFINITIVA,"VEHICULAR, PEATONAL, CICLISTA",6,18,4,"3,12",N/A,"23,212",N/A,"43,412",0,N/A,1906
-74.06627224,4.652572432,3937,289,1211,KR 16 X CL 64,BARRIOS UNIDOS,C900,DOBLE,SI,1990/02/28 00:00:00+00,PMT,RP-TF,DEFINITIVA,"VEHICULAR, PEATONAL, CICLISTA",10,18,3,"2,3A,4",N/A,"22,23A,24,32,34","722,724","41,44",0,Activación de sonoro,1906
-74.06769042,4.65505342799997,3938,320,1215,KR 19 X CL 66,BARRIOS UNIDOS,C900,DOBLE,SI,1990/02/28 00:00:00+00,NORMAL,RP-TF,DEFINITIVA,"VEHICULAR, PEATONAL, CICLISTA",7,14,3,"1,13",N/A,"21,31,213,313",N/A,413,0,N/A,1906
-74.06844562,4.65560053899998,3939,331,1215,KR 20 X CL 66,BARRIOS UNIDOS,NO,DOBLE,NO,1990/02/28 00:00:00+00,NORMAL,RP-TF,DEFINITIVA,"VEHICULAR, PEATONAL, CICLISTA",7,14,3,"2,3",N/A,"22,23,32,33",N/A,43,0,N/A,1906
-74.06651494,4.656890385,3940,294,1219,KR 19 X AC 68,BARRIOS UNIDOS,ACTROS,DOBLE,SI,1990/07/01 00:00:00+00,NORMAL,RP-TF,DEFINITIVA,"VEHICULAR, PEATONAL",8,15,3,"1,4,8",N/A,"21,24,31,34",N/A,44,0,N/A,1906
-74.06729197,4.65738652300001,3941,312,1219,KR 20 X AC 68,BARRIOS UNIDOS,NO,DOBLE,NO,1990/07/01 00:00:00+00,NORMAL,RP-TF,DEFINITIVA,"VEHICULAR, PEATONAL",7,15,3,"2,14",N/A,"22,214,32,314",N/A,414,0,N/A,1906
-74.06843248,4.65811950900002,3942,333,1220,KR 22 X AC 68,BARRIOS UNIDOS,ACTROS,SENCILLA,SI,2006/11/02 00:00:00+00,NORMAL,RP-TF,DEFINITIVA,"VEHICULAR, PEATONAL, CICLISTA",8,8,3,"1,4,8",N/A,"21,24,31,34",N/A,44,0,N/A,1906
-74.09740888,4.700137256,3943,648,1221,KR 81 X AC 80,ENGATIVA,C900,SENCILLA,SI,1990/04/16 00:00:00+00,NORMAL,CA-TA,DEFINITIVA,"VEHICULAR, PEATONAL",10,10,2,"2,3A,4A","3B,4B","22,24A,24B,33A,33B",N/A,NO,0,"Conteo, Brechas, Cola - Siguiente Intersección",1135
-74.04002766,4.69566668599998,3944,34,1225,KR 13 X AC 116,USAQUEN,C900,SENCILLA,SI,1997/04/08 00:00:00+00,NORMAL,CA-TA,DEFINITIVA,"VEHICULAR, PEATONAL, CICLISTA",17,17,4,"1,3,4,4A,7",N/A,"21,23,24,33,34","721, 723, 724, 733, 734 ","43, 44",0,"Conteo, Brechas, Fases por demanda, Cola - Siguiente Intersección",1212
-74.03757487,4.73958014999999,3945,1610,1226,AK 15 X AC 161,USAQUEN,C900,SENCILLA,SI,2021/01/28 00:00:00+00,NORMAL,RP-TA,DEFINITIVA,"VEHICULAR, PEATONAL, CICLISTA",14,14,3,"2,3,4,13",N/A,"22,23,34,313","722, 723, 734, 7313","43, 44",0,"Brechas, Fases por demanda, Fases por demanda peatonal sonoro",1201
-74.02916373,4.71164906199999,3946,11,1229,AK 7 X AC 134,USAQUEN,C900,SENCILLA,SI,1990/01/12 00:00:00+00,NORMAL,CA-TA,DEFINITIVA,"VEHICULAR, PEATONAL",8,8,3,"1,2,6,7,93",N/A,"21,22,37",N/A,NO,0,"Brechas, Fases por demanda",1218
-74.03037985,4.69805581899999,3947,12,1230,AK 7 X CL 121,USAQUEN,ACTROS,SENCILLA,SI,1990/05/13 00:00:00+00,NORMAL,CA-TF,DEFINITIVA,"VEHICULAR, PEATONAL",6,6,2,"1,2,5,94",N/A,"21,22",N/A,NO,0,"Conteo, Brechas, Cola - Siguiente Intersección",1204
-74.07420261,4.67837634300002,3948,466,1352,KR 58 X AC 80,BARRIOS UNIDOS,C900,SENCILLA,SI,1990/05/20 00:00:00+00,NORMAL,BT-TA,DEFINITIVA,"VEHICULAR, PEATONAL",17,17,4,"1,2,3A,4A,94","3B,4B","21,22,23A,23B,24A,24B,33A,33B,34A,34B",N/A,NO,0,"Brechas, Fases por demanda",1129
-74.0825862,4.68833910000001,3949,550,1353,KR 69H X AC 80,ENGATIVA,C900,SENCILLA,SI,1984/01/16 00:00:00+00,NORMAL,CA-TA,DEFINITIVA,"VEHICULAR, PEATONAL",13,13,3,"2,3A,4A,91,94A","3B,4B","24A,24B,32,33A,33B,291",N/A,NO,0,"Conteo, Brechas, Fases por demanda",1106
-74.07044232,4.67583881100001,3950,351,1354,KR 54 X AC 80,BARRIOS UNIDOS,C900,SENCILLA,SI,2007/12/20 00:00:00+00,NORMAL,BT-TA,DEFINITIVA,EXCLUSIVA VEHICULAR,4,4,3,"2,93","3,4",N/A,N/A,NO,0,"Brechas, Fases por demanda",1129
-74.08391909,4.66845599700002,3951,1309,1355,AK 60 X CL 66C,BARRIOS UNIDOS,ACTROS,DOBLE,SI,2013/08/04 00:00:00+00,NORMAL,R-TF,DEFINITIVA,"VEHICULAR, PEATONAL",8,19,3,"2,3,11,13,911",N/A,"22,23,311",N/A,NO,0,Conteo,1306
-74.0827958,4.67004628500001,3952,1310,1355,AK 60 X CL 67B,BARRIOS UNIDOS,NO,DOBLE,NO,2013/08/04 00:00:00+00,NORMAL,R-TF,DEFINITIVA,"VEHICULAR, PEATONAL, CICLISTA",11,19,3,"1,4,8,12",N/A,"21,34,212",N/A,"43,44,413,414",0,Conteo,1306
-74.07010447,4.665266401,3953,367,1356,KR 28 X AC 72,BARRIOS UNIDOS,C900,DOBLE,SI,2005/06/12 00:00:00+00,NORMAL,CA-TA,DEFINITIVA,"VEHICULAR, PEATONAL, CICLISTA",13,22,3,"2,4,4A,13,13A",N/A,"22,24,32,34,213,313",N/A,"41,42",0,"Conteo, Brechas",1914
-74.07054548,4.66558946499998,3954,380,1356,KR 28A X AC 72,BARRIOS UNIDOS,NO,DOBLE,NO,2005/06/12 00:00:00+00,NORMAL,CA-TA,DEFINITIVA,"VEHICULAR, PEATONAL",9,22,3,"1,3,3A,14,14A",N/A,"21,31,33,214",N/A,NO,0,"Conteo, Brechas",1914
-74.09155679,4.68394629099998,3955,610,1357,AK 70 X AC 72,ENGATIVA,ACTROS,SENCILLA,SI,1993/06/13 00:00:00+00,NORMAL,BT-TF,DEFINITIVA,"VEHICULAR, PEATONAL",8,8,3,"1,2,3,4,6",N/A,"22,24,31",N/A,NO,0,"Conteo, Brechas, Fases por demanda",1304
-74.090498,4.68281940899999,3956,602,1358,KR 69J Y KR 69K X AC 72,ENGATIVA,ACTROS,SENCILLA,SI,1983/07/04 00:00:00+00,NORMAL,BT-TA,DEFINITIVA,"VEHICULAR, PEATONAL",9,9,3,"1,3,4,8",N/A,"21,23,32,34,38",N/A,NO,0,"Conteo, Brechas, Fases por demanda",1304
-74.08839109,4.680517506,3957,589,1359,KR 68H X AC 72,ENGATIVA,ACTROS,SENCILLA,SI,1983/07/22 00:00:00+00,NORMAL,BT-TA,DEFINITIVA,"VEHICULAR, PEATONAL",5,5,2,"2,3,4",N/A,"22,24",N/A,NO,0,"Conteo, Brechas, Fases por demanda, Fases por demanda peatonal",1304
-74.08382782,4.674477948,3958,559,1360,KR 65 X AC 68,BARRIOS UNIDOS,ACTROS,SENCILLA,SI,1983/07/12 00:00:00+00,NORMAL,CA-TA,DEFINITIVA,"VEHICULAR, PEATONAL",10,10,3,"2,3,4,7,92",N/A,"22,24,32,33,292",N/A,NO,0,"Conteo, Brechas",1306
-74.08167694,4.671299003,3959,547,1361,AK 60 X AC 68,BARRIOS UNIDOS,ACTROS,SENCILLA,SI,1983/04/07 00:00:00+00,NORMAL,R-TA,DEFINITIVA,"VEHICULAR, PEATONAL",7,7,3,"2,3,4,8",N/A,"22,24,38",N/A,NO,0,"Conteo, Brechas",1306
-74.08080444,4.67002600199999,3960,541,1362,KR 58 X AC 68,BARRIOS UNIDOS,ACTROS,SENCILLA,SI,1983/07/10 00:00:00+00,NORMAL,R-TA,DEFINITIVA,"VEHICULAR, PEATONAL",7,7,3,"1,3,4",N/A,"21,23,31,34",N/A,NO,0,"Conteo, Brechas, Fases por demanda peatonal",1306
-74.07849899,4.66667704499997,3961,523,1363,KR 54 X AC 68,BARRIOS UNIDOS,ACTROS,SENCILLA,SI,1986/12/12 00:00:00+00,NORMAL,R-TF,DEFINITIVA,"VEHICULAR, PEATONAL",7,7,2,"1,3,4",N/A,"21,23,31,34",N/A,NO,0,N/A,1306
-74.07911711,4.67215911699998,3962,533,1364,KR 58 X AC 72,BARRIOS UNIDOS,C900,SENCILLA,SI,1990/02/28 00:00:00+00,NORMAL,BT-TF,DEFINITIVA,"VEHICULAR, PEATONAL",6,6,2,"1,3,4",N/A,"21,23,31",N/A,NO,0,N/A,1314
-74.07285947,4.66135784400001,3963,434,1365,KR 28 X AC 68,BARRIOS UNIDOS,ACTROS,DOBLE,SI,1983/08/08 00:00:00+00,NORMAL,RP-TF,DEFINITIVA,"VEHICULAR, PEATONAL",5,12,2,"2,4",N/A,"22,24,32",N/A,NO,0,N/A,1906
-74.07334737,4.66171606799998,3964,446,1365,KR 28A X AC 68,BARRIOS UNIDOS,NO,DOBLE,NO,1983/08/08 00:00:00+00,NORMAL,RP-TF,DEFINITIVA,"VEHICULAR, PEATONAL",7,12,3,"1,14,18",N/A,"21,31,214,314",N/A,NO,0,N/A,1906
-74.07984502,4.67272674700001,3965,534,1366,KR 60 X AC 72,BARRIOS UNIDOS,C900,SENCILLA,SI,1990/07/26 00:00:00+00,NORMAL,BT-TA,DEFINITIVA,"VEHICULAR, PEATONAL",8,8,3,"2,3,4",N/A,"22,24,32",723,NO,0,"Brechas, Fases por demanda, Activación de sonoro",1314
-74.07402297,4.65962682100002,3966,460,1367,KR 28 X CL 66,BARRIOS UNIDOS,C900,DOBLE,SI,1983/02/13 00:00:00+00,NORMAL,RP-TF,DEFINITIVA,"VEHICULAR, PEATONAL, CICLISTA",7,14,3,"1,3",N/A,"21,23,31,33",N/A,NO,0,N/A,1906
-74.0745615,4.65999984699999,3967,477,1367,KR 28A X CL 66,BARRIOS UNIDOS,NO,DOBLE,NO,1983/02/13 00:00:00+00,NORMAL,RP-TF,DEFINITIVA,"VEHICULAR, PEATONAL, CICLISTA",7,14,3,"2,13",N/A,"22,32,213,313",N/A,NO,0,N/A,1906
-74.07553868,4.66939169699998,3968,493,1368,KR 53 X AC 72,BARRIOS UNIDOS,C900,SENCILLA,SI,1998/04/16 00:00:00+00,NORMAL,BT-TA,DEFINITIVA,"VEHICULAR, PEATONAL",14,14,2,"1,2,3,4",N/A,"21,22,23,24","721, 722, 723, 724",NO,0,Fases por demanda peatonal sonoro,1314
-74.07286977,4.65883777900001,3969,435,1369,KR 27A X CL 66,BARRIOS UNIDOS,C900,SENCILLA,SI,2006/11/02 00:00:00+00,NORMAL,RP-TF,DEFINITIVA,"VEHICULAR, PEATONAL",7,7,3,"2,3",N/A,"22,23,32,33",N/A,43,0,N/A,1906
-74.07098497,4.66591460400002,3970,391,1370,KR 28B X AC 72,BARRIOS UNIDOS,C900,SENCILLA,SI,2006/11/01 00:00:00+00,NORMAL,CA-TA,DEFINITIVA,"VEHICULAR, PEATONAL",14,14,3,"2,3,3A,4,4A",N/A,"22,23,24,32,33,34","722, 724, 733",NO,0,"Conteo, Brechas, Fases por demanda peatonal",1914
-74.08253022,4.67476229099998,3971,551,1371,KR 64 X AC 72,BARRIOS UNIDOS,C900,DOBLE,SI,1998/08/13 00:00:00+00,NORMAL,BT-TA,DEFINITIVA,"VEHICULAR, PEATONAL",5,12,2,"1,4,13",N/A,"21,213",N/A,NO,0,Brechas,1314
-74.08321612,4.67528111000001,3972,556,1371,KR 65 X AC 72,BARRIOS UNIDOS,NO,DOBLE,NO,1998/08/13 00:00:00+00,NORMAL,BT-TA,DEFINITIVA,"VEHICULAR, PEATONAL",7,12,3,"2,3,14,92",N/A,"22,33,214",N/A,NO,0,Brechas,1314
-74.09894992,4.69032587599997,3973,663,1372,KR 76 X AC 72,ENGATIVA,NO,DOBLE,NO,1990/05/04 00:00:00+00,NORMAL,BT-TF,DEFINITIVA,"VEHICULAR, PEATONAL",9,16,3,"1,4,7,13",N/A,"21,24,34,213,313 (Reg)",N/A,NO,0,N/A,1308
-74.09987915,4.69107371400003,3974,670,1372,KR 77A X AC 72,ENGATIVA,ACTROS,DOBLE,SI,1990/05/04 00:00:00+00,NORMAL,BT-TF,DEFINITIVA,"VEHICULAR, PEATONAL",7,16,3,"2,3,8,14",N/A,"22,33,214",N/A,NO,0,N/A,1308
-74.09745321,4.69226665299999,3975,1302,1373,KR 76 X CL 74,ENGATIVA,C900,SENCILLA,SI,2013/03/23 00:00:00+00,NORMAL,BT-TA,DEFINITIVA,"VEHICULAR, PEATONAL, CICLISTA",14,14,4,"1,2,3,8,94",N/A,"21,22,23,28","722, 723, 728",41.42,0,"Brechas, Fases por demanda, Fases por demanda peatonal sonoro",1308
-74.09005945,4.69825085999997,3976,1447,1374,KR 73A X CL 81B,ENGATIVA,C900,SENCILLA,SI,2016/03/02 00:00:00+00,NORMAL,BT-TA,DEFINITIVA,EXCLUSIVA PEATONAL,3,3,2,2,N/A,22 (Exc),722,NO,0,Fases por demanda peatonal sonoro,1112
-74.07772543,4.66555573099998,3977,1496,1375,KR 52 X AC 68,BARRIOS UNIDOS,ACTROS,SENCILLA,SI,2017/05/30 00:00:00+00,NORMAL,R-TA,DEFINITIVA,"VEHICULAR, PEATONAL",11,11,2,"3,4,92",N/A,"23,24,292,394","723, 724, 7292, 7394",NO,0,"Conteo, Activación de sonoro",1306
-74.0684168,4.65392012900003,3978,328,1315,KR 19 X CL 64,BARRIOS UNIDOS,NO,DOBLE,NO,1990/04/11 00:00:00+00,NORMAL,RP-TA,DEFINITIVA,"VEHICULAR, PEATONAL, CICLISTA",7,16,3,"1,4",N/A,"21,24,31",N/A,41.44,0,N/A,1906
-74.06914664,4.65447509500001,3979,347,1315,KR 20 X CL 64,BARRIOS UNIDOS,C900,DOBLE,SI,1990/04/11 00:00:00+00,NORMAL,RP-TA,DEFINITIVA,"VEHICULAR, PEATONAL",9,16,3,"2,14",N/A,"22,32,214,314","722, 7214, 7314",NO,0,Activación de sonoro,1906
-74.05080025,4.69350913199997,3980,1577,1316,KR 19 X CL 106A,USAQUEN,ACTROS,SENCILLA,SI,2020/09/25 00:00:00+00,NORMAL,CA-TA,DEFINITIVA,"VEHICULAR, PEATONAL, CICLISTA",16,16,3,"1,2,3,4",N/A,"21,22,23,24,31,32","721, 723, 724, 732",41.42,0,"Conteo, Brechas, Fases por demanda, Cola - Siguiente Intersección, Activación de sonoro",1211
-74.10799818,4.71734604800002,3981,1581,1318,KR 102 X DG 86A,ENGATIVA,C900,SENCILLA,SI,2020/06/10 00:00:00+00,NORMAL,BT-TA,DEFINITIVA,"VEHICULAR, PEATONAL, CICLISTA",18,18,4,"1,2,3,4,92",N/A,"21,22,23,24,31,33,34","721, 723, 724, 733, 734",493,0,"Brechas, Fases por demanda, Fases por demanda peatonal sonoro",1114
-74.06192396,4.68087695100002,3982,1608,1320,KR 49 X CL 93,BARRIOS UNIDOS,ACTROS,SENCILLA,SI,2020/07/27 00:00:00+00,NORMAL,RP-TA,DEFINITIVA,"VEHICULAR, PEATONAL",12,12,4,"1,2,3,4",N/A,"21,22,23,24","721, 722, 723, 724",NO,0,"Fases por demanda, Activación de sonoro",1105
-74.06272756,4.69012329399999,3983,1585,1321,KR 53 X CL 102A,SUBA,ACTROS,DOBLE,SI,2020/06/12 00:00:00+00,NORMAL,BT-TA,DEFINITIVA,"VEHICULAR, PEATONAL",15,22,3,"1,2,14,91",N/A,"21,22,214,314,31,32","721, 722, 7214, 731, 732",NO,0,Activación de sonoro,1133
-74.06146736,4.689900008,3984,1737,1321,KR 50 X CL 102A,SUBA,NO,DOBLE,NO,2021/10/04 00:00:00+00,NORMAL,BT-TA,PROVISIONAL_PMT,"VEHICULAR, PEATONAL, CICLISTA",7,22,3,"2A,4",N/A,"22A,24,32A",N/A,"41,42A",0,N/A,1133
-74.05664096,4.72525704100002,3985,1592,1323,KR 53 X AC 138,SUBA,C900,SENCILLA,SI,2020/05/27 00:00:00+00,PMT,BT-TA,DEFINITIVA,"VEHICULAR, PEATONAL",12,12,3,"2,3,4,92",N/A,"22,23,24,32,33","722, 724, 733",NO,0,"Brechas, Fases por demanda peatonal sonoro",1126
-74.12123782,4.70892777799997,3986,1594,1324,TV 106 X CL 73,ENGATIVA,C900,SENCILLA,SI,2020/07/22 00:00:00+00,NORMAL,BT-TA,DEFINITIVA,"VEHICULAR, PEATONAL",18,18,5,"1,2,3,4,5,6",N/A,"21,22,23,24,31,32","721, 722, 723, 724, 731, 732",NO,0,Activación de sonoro,1313
-74.05083293,4.75804359599999,3987,1596,1325,KR 52 A X CL 176,SUBA,C900,SENCILLA,SI,2020/07/28 00:00:00+00,NORMAL,BT-TA,DEFINITIVA,"VEHICULAR, PEATONAL",12,12,2,"1,2,3,4",N/A,"21,22,23,24","721, 722, 723, 724",NO,0,Fases por demanda peatonal sonoro,1122
-74.05153017,4.75608559900002,3988,1601,1326,KR 52A X CL 174A,SUBA,C900,SENCILLA,SI,2020/07/23 00:00:00+00,NORMAL,BT-TA,DEFINITIVA,"VEHICULAR, PEATONAL",12,12,4,"3,4,5,91",N/A,"23,24,33,291","723, 724, 733, 7291",NO,0,"Brechas, Fases por demanda peatonal sonoro",1122
-74.05335915,4.69319716500002,3989,1602,1327,KR 21 X CL 106,USAQUEN,ACTROS,SENCILLA,SI,2020/09/04 00:00:00+00,NORMAL,R-TA,DEFINITIVA,"VEHICULAR, PEATONAL, CICLISTA",11,11,6,"1,2,3,4",N/A,"22,23,24","722, 723","43, 44",0,"Conteo, Brechas, Fases por demanda, Fases por demanda peatonal sonoro",1215
-74.0526288,4.70233829199998,3990,1603,1328,KR 22 X CL 122,USAQUEN,ACTROS,SENCILLA,SI,2020/08/20 00:00:00+00,NORMAL,RP-TA,DEFINITIVA,"VEHICULAR, PEATONAL",11,11,4,"1,2,3,4",N/A,"21,22,23,24","721, 723, 724",NO,0,"Brechas, Fases por demanda, Activación de sonoro",1211
-74.05339291,4.74909895299999,3991,1607,1329,KR 54 X CL 167,SUBA,C900,SENCILLA,SI,2020/11/08 00:00:00+00,PMT,BT-TF,DEFINITIVA,"VEHICULAR, PEATONAL",21,21,3,"1,2,2A,3,4,7,8,13,14,792,793",N/A,"21,22,22A,23,24,32","722,722A,723,724 (Desconectados)",NO,0,Activación de sonoro,1121
-74.07210108,4.71099598900003,3992,416,1330,TV 60 X AC 127,SUBA,ACTROS,SENCILLA,SI,1997/06/19 00:00:00+00,NORMAL,CA-TA,DEFINITIVA,"VEHICULAR, PEATONAL, CICLISTA",21,21,3,"1A,2A,3,4,8,91,94","1B,2B","21,22,23,24,31,32,33,34,291,294",N/A,"43,44",0,"Conteo, Brechas, Cola - Siguiente Intersección",1110
-74.07007005,4.70000223,3993,371,1331,TV 60 X AC 116,SUBA,ACTROS,SENCILLA,SI,1983/07/07 00:00:00+00,NORMAL,CA-TA,DEFINITIVA,"VEHICULAR, PEATONAL, CICLISTA",32,32,3,"1A,2A,3,4,91,93,62","1B,2B","21,22,23,291,293,24,31,32,33,34","721, 722, 723,7291,7293,724,731,732,733,734","43, 44",0,"Conteo, Brechas, Cola, Fases por demanda, Cola - Siguiente Intersección",1110
-74.0668108,4.69269711200002,3994,301,1332,KR 64 X TV 60,SUBA,ACTROS,SENCILLA,SI,1983/10/11 00:00:00+00,NORMAL,BT-TA,DEFINITIVA,"VEHICULAR, PEATONAL",9,9,2,"1A,2A,3","1B,2B","21,22,23,53",N/A,NO,0,"Conteo, Brechas, Cola - Siguiente Intersección",1133
-74.06957066,4.69835110700001,3995,358,1333,AK 70 X TV 60,SUBA,ACTROS,SENCILLA,SI,1983/05/25 00:00:00+00,NORMAL,CA-TA,DEFINITIVA,"VEHICULAR, PEATONAL",11,11,3,"1A,2A,3,91,63","1B,2B","22,23,31,291",N/A,NO,0,"Conteo, Brechas, Cola - Siguiente Intersección",1110
-74.06838572,4.69536066299997,3996,330,1334,TV 60 X CL 113,SUBA,ACTROS,SENCILLA,SI,2004/09/28 00:00:00+00,NORMAL,CA-TA,DEFINITIVA,"VEHICULAR, PEATONAL",8,8,2,"1A,2A,8","1B,2B","21,28,32",N/A,NO,0,"Conteo, Brechas, Cola - Siguiente Intersección",1110
-74.06288604,4.683972208,3997,229,1335,KR 50 X TV 55,BARRIOS UNIDOS,NO,DOBLE,NO,1983/07/29 00:00:00+00,NORMAL,CA-TA,DEFINITIVA,"VEHICULAR, PEATONAL",7,13,2,"1A,2A,14","1B,2B","21A,32A",N/A,NO,0,"Conteo, Brechas, Cola - Siguiente Intersección",1105
-74.06224244,4.68429352800001,3998,1140,1335,KR 50 X CL 95,BARRIOS UNIDOS,ACTROS,DOBLE,SI,2004/10/22 00:00:00+00,NORMAL,CA-TA,DEFINITIVA,"VEHICULAR, PEATONAL",6,13,2,"1,2,4",N/A,"21,24,32",N/A,NO,0,N/A,1105
-74.07102702,4.706014998,3999,392,1336,TV 60 X CL 120,SUBA,ACTROS,SENCILLA,SI,1988/02/11 00:00:00+00,NORMAL,CA-TA,DEFINITIVA,"VEHICULAR, PEATONAL",10,10,3,"1A,2A,3,6","1B,2B","21,22,23,53",N/A,NO,0,"Conteo, Brechas, Cola - Siguiente Intersección",1110
-74.09258995,4.69080001399999,4000,616,1337,AK 72 X CL 75,ENGATIVA,C900,SENCILLA,SI,1993/06/02 00:00:00+00,NORMAL,BT-TF,DEFINITIVA,"VEHICULAR, PEATONAL",7,7,2,"1,2,3",N/A,"22,23,31,33 (Reg)",N/A,NO,0,N/A,1309
-74.11625719,4.72438311899998,4001,1618,1339,KR 113 X CL 83A,ENGATIVA,C900,SENCILLA,SI,2020/11/11 00:00:00+00,NORMAL,BT-TA,DEFINITIVA,"VEHICULAR, PEATONAL, CICLISTA",19,19,5,"1,2,3,4,7,8",N/A,"21,22,23,24,33,34","722, 723, 724, 733, 734 (Desconectados)","43,44",0,Fases por demanda peatonal sonoro,1114
-74.06272185,4.691575527,4002,231,1340,KR 53 X CL 103B,SUBA,NO,DOBLE,NO,2004/08/18 00:00:00+00,NORMAL,BT-TA,DEFINITIVA,"VEHICULAR, PEATONAL",9,13,4,"2,3A,4,5,11",N/A,"22,23A,24,311",N/A,NO,0,"Brechas, Fases por demanda, Cola - Siguiente Intersección, Fases por demanda peatonal",1133
-74.06271296,4.69189607200002,4003,233,1340,KR 53 X TV 54,SUBA,ACTROS,DOBLE,SI,2004/08/18 00:00:00+00,NORMAL,BT-TA,DEFINITIVA,"VEHICULAR, PEATONAL",4,13,3,"1,3,12",N/A,23,N/A,NO,0,"Brechas, Fases por demanda",1133
-74.0603349,4.69705899299998,4004,196,1341,KR 50 X CL 111,SUBA,NO,DOBLE,NO,1998/08/12 00:00:00+00,NORMAL,BT-TA,DEFINITIVA,"VEHICULAR, PEATONAL",8,19,4,"1,3,4A,12",N/A,"21,23,24A,212",N/A,NO,0,Brechas,1133
-74.06045169,4.696154718,4005,198,1341,KR 50 X CL 108,SUBA,C900,DOBLE,SI,1998/08/12 00:00:00+00,NORMAL,BT-TA,DEFINITIVA,"VEHICULAR, PEATONAL, CICLISTA",11,19,4,"2,3A,4,15",N/A,"22,23A,24,33A,34,215",N/A,42,0,Brechas,1133
-74.06266603,4.69723578200001,4006,230,1342,KR 53 X CL 108,SUBA,C900,SENCILLA,SI,1998/03/15 00:00:00+00,NORMAL,BT-TF,DEFINITIVA,"VEHICULAR, PEATONAL",12,12,3,"1,2,3,4",N/A,"21,22,23,24,31,32,33,34 (Reg)",N/A,NO,0,N/A,1133
-74.06268177,4.69471600700001,4007,232,1343,KR 53 X CL 106,SUBA,ACTROS,SENCILLA,SI,1994/11/10 00:00:00+00,NORMAL,BT-TA,DEFINITIVA,"VEHICULAR, PEATONAL",10,10,4,"1,2,3,6,93",N/A,"21,22,23,31,32",N/A,NO,0,"Brechas, Fases por demanda",1133
-74.06078008,4.68779600900001,4008,206,1344,KR 49 X AC 100,SUBA,ACTROS,SENCILLA,SI,1997/09/29 00:00:00+00,PMT,BT-TF,DEFINITIVA,"VEHICULAR, PEATONAL",8,8,2,"2,3,4",N/A,"22,24,31,33",N/A,NO,0,N/A,1133
-74.06270303,4.68834054500002,4009,234,1345,KR 53 X AC 100,SUBA,ACTROS,SENCILLA,SI,1984/06/20 00:00:00+00,PMT,BT-TF,DEFINITIVA,"VEHICULAR, PEATONAL",10,10,2,"3,3A,4,4A,5",N/A,"23,23A,34,34A",N/A,NO,0,N/A,1133
-74.06834141,4.68966577800001,4010,329,1346,KR 64 X AC 100,SUBA,ACTROS,TRIPLE,SI,1983/06/13 00:00:00+00,Desvío - PMT,BT-TF,DEFINITIVA,"VEHICULAR, PEATONAL",12,22,4,"2,7,8,13,14,14A,93",N/A,"22,213,214,214A,32,313,314,314A",N/A,NO,0,N/A,1133
-74.06779636,4.68961882999997,4011,1746,1346,KR 63 X AC 100,SUBA,NO,TRIPLE,NO,2022/04/08 00:00:00+00,Desvío - PMT,BT-TF,PROVISIONAL_PMT,"VEHICULAR, PEATONAL",6,22,2,"1,4,5,113,1113",N/A,31,N/A,NO,0,N/A,1133
-74.06942044,4.68971336800001,4012,1774,1346,KR 65 X AC 100,SUBA,NO,TRIPLE,NO,2023/05/24 00:00:00+00,Desvío - PMT,BT-TF,PROVISIONAL_PMT,"VEHICULAR, PEATONAL",4,22,2,"1A,3,114",N/A,21A,N/A,NO,0,N/A,1133
-74.07402301,4.68796306799999,4013,461,1347,AK 68 X CL 98,SUBA,ACTROS,SENCILLA,SI,1997/04/16 00:00:00+00,PMT,BT-TF,DEFINITIVA,"VEHICULAR, PEATONAL",11,11,3,"1,2,2A,3,94",N/A,"22,22A, 23,294,31,33",N/A,NO,0,N/A,1133
-74.07202445,4.68910825400002,4014,1314,1348,KR 68A X AC 100,SUBA,ACTROS,SENCILLA,SI,2013/09/15 00:00:00+00,PMT,BT-TF,DEFINITIVA,"VEHICULAR, PEATONAL",7,7,3,"1,3,4,103",N/A,"21,23,24",N/A,NO,0,N/A,1133
-74.06032812,4.68060635799998,4015,194,1349,KR 47 X CL 93,BARRIOS UNIDOS,ACTROS,SENCILLA,SI,1998/05/13 00:00:00+00,NORMAL,RP-TF,DEFINITIVA,"VEHICULAR, PEATONAL",7,7,3,"1,2,3,4",N/A,"21,22,24",N/A,NO,0,N/A,1105
-74.07084279,4.67173102999999,4016,387,1350,KR 50 X DG 76BIS,BARRIOS UNIDOS,C900,SENCILLA,SI,1998/05/21 00:00:00+00,NORMAL,BT-TF,DEFINITIVA,"VEHICULAR, PEATONAL",4,4,2,"1,3",N/A,"21,23",N/A,NO,0,N/A,1320
-74.08861877,4.687973677,4017,591,1351,AK 70 X CL 75,ENGATIVA,ACTROS,SENCILLA,SI,1995/10/05 00:00:00+00,NORMAL,BT-TF,DEFINITIVA,"VEHICULAR, PEATONAL",11,11,3,"1,2,2A,3",N/A,"21,22,22A,23,31,32A,33 (Reg)",N/A,NO,0,Cola - Siguiente Intersección,1309
-74.07952891,4.69111905199998,4018,1369,1417,AK 70 X CL 95,SUBA,C900,SENCILLA,SI,2015/08/22 00:00:00+00,NORMAL,R-TA,DEFINITIVA,"VEHICULAR, PEATONAL",11,11,3,"1,2,5,92,94",N/A,"21,22,294","721, 722, 7294",NO,0,"Conteo, Brechas, Activación de sonoro",1107
-74.07734256,4.69271201599997,4019,1515,1418,AK 70 X CL 98,SUBA,NO,DOBLE,NO,2016/12/30 00:00:00+00,NORMAL,R-TA,DEFINITIVA,"VEHICULAR, PEATONAL",9,16,3,"2,5,11",N/A,"22,35,211","722, 735, 7211",NO,0,"Conteo, Brechas, Activación de sonoro",1107
-74.07594169,4.69372688599998,4020,1516,1418,AK 70 X CL 99,SUBA,C900,DOBLE,SI,2016/12/30 00:00:00+00,NORMAL,R-TA,DEFINITIVA,"VEHICULAR, PEATONAL",7,16,3,"1,12,102",N/A,"21,212","721, 7212",NO,0,"Brechas, Cola, Activación de sonoro",1107
-74.05799248,4.65828895800001,4021,172,1420,AK 11 X CL 73,CHAPINERO,ACTROS,SENCILLA,SI,1993/08/31 00:00:00+00,PMT,CA-TA,DEFINITIVA,"VEHICULAR, PEATONAL",4,4,2,"1,4",N/A,"21,24",N/A,NO,0,"Conteo, Brechas",1910
-74.0666485,4.72900685600001,4022,295,1421,KR 58D X AC 138,SUBA,C900,SENCILLA,SI,2006/10/05 00:00:00+00,NORMAL,BT-TF,DEFINITIVA,"VEHICULAR, PEATONAL",5,5,4,"1,3,4",N/A,"21,23",N/A,NO,0,N/A,1102
-74.06884125,4.7180444,4023,341,1422,AK 58 X CL 129,SUBA,ACTROS,SENCILLA,SI,1997/11/06 00:00:00+00,NORMAL,R-TA,DEFINITIVA,"VEHICULAR, PEATONAL",12,12,5,"1,2,3,4,5,6,63,92",N/A,"21,22,23,24",N/A,NO,0,"Brechas, Fases por demanda, Fases por demanda peatonal",1125
-74.06617065,4.72413304700001,4024,288,1423,AK 58 X AC 134,SUBA,ACTROS,SENCILLA,SI,2000/07/18 00:00:00+00,NORMAL,R-TF,DEFINITIVA,"VEHICULAR, PEATONAL",14,14,2,"1,2,3,4,13,14,91,94",N/A,"21,23,24,32,291,294",N/A,NO,0,N/A,1125
-74.05942529,4.70023042000003,4025,184,1424,KR 50 X AC 116,SUBA,C900,SENCILLA,SI,1986/11/12 00:00:00+00,NORMAL,BT-TF,DEFINITIVA,"VEHICULAR, PEATONAL, CICLISTA",15,15,3,"1,2,3,4,4A",N/A,"21,22,23,24,33,34","721, 722","43, 44",0,Fases por demanda peatonal sonoro,1128
-74.06222907,4.70069479400001,4026,223,1425,KR 53 X AC 116,SUBA,C900,SENCILLA,SI,1998/03/20 00:00:00+00,NORMAL,BT-TF,DEFINITIVA,"VEHICULAR, PEATONAL, CICLISTA",14,14,3,"3,4,4A,6,8,92",N/A,"22,23,24,33,34,38",N/A,"43, 44",0,N/A,1128
-74.05839316,4.719953406,4027,1282,1426,KR 53 X AC 134,SUBA,C900,SENCILLA,SI,2012/12/18 00:00:00+00,NORMAL,BT-TF,DEFINITIVA,"VEHICULAR, PEATONAL",5,5,2,"3,4,92",N/A,"22,23",N/A,NO,0,N/A,1126
-74.05885695,4.703603042,4028,179,1427,KR 50 X CL 122,SUBA,C900,SENCILLA,SI,2006/10/04 00:00:00+00,NORMAL,BT-TF,DEFINITIVA,"VEHICULAR, PEATONAL",8,8,3,"1,2,3,4",N/A,"21,22,23,24 (Reg)",N/A,NO,0,N/A,1128
-74.06741,4.70169965000002,4029,314,1428,AK 55 X AC 116,SUBA,C900,SENCILLA,SI,1997/10/31 00:00:00+00,NORMAL,RP-TF,DEFINITIVA,"VEHICULAR, PEATONAL",13,13,4,"1,2,4,4A,5",N/A,"22,24,31,33","722,724,731,733",NO,0,"Conteo, Brechas, Cola - Siguiente Intersección",1110
-74.08032094,4.68053332400001,4030,537,1434,KR 66 X CL 79,BARRIOS UNIDOS,NO,DOBLE,NO,2006/11/29 00:00:00+00,NORMAL,BT-TF,DEFINITIVA,"VEHICULAR, PEATONAL",5,10,3,"1,4,12",N/A,"21,24",N/A,NO,0,N/A,1315
-74.0805564,4.68022433300001,4031,540,1434,KR 66 X CL 78,BARRIOS UNIDOS,C900,DOBLE,SI,2006/11/29 00:00:00+00,NORMAL,BT-TF,DEFINITIVA,"VEHICULAR, PEATONAL",5,10,3,"2,3,11",N/A,"22,23",N/A,NO,0,N/A,1315
-74.03414726,4.69078555700003,4032,19,1438,AK 7 X CL 112,USAQUEN,ACTROS,SENCILLA,SI,1989/06/04 00:00:00+00,NORMAL,CA-TA,DEFINITIVA,"VEHICULAR, PEATONAL",7,7,3,"1,2,4,5",N/A,"21,24,32",N/A,NO,0,"Conteo, Brechas, Fases por demanda, Cola - Siguiente Intersección, Fases por demanda peatonal",1204
-74.06783627,4.73171813599998,4033,1518,1468,AK 72 X CL 145,SUBA,C900,SENCILLA,SI,2016/12/13 00:00:00+00,NORMAL,BT-TA,DEFINITIVA,"VEHICULAR, PEATONAL",10,10,2,"1,2,2A,94",N/A,"21,22,294","721, 722, 7294",NO,0,"Conteo, Activación de sonoro",1102
-74.0668033,4.677008677,4034,299,1469,AK 50 X CL 86A,BARRIOS UNIDOS,ACTROS,SENCILLA,SI,2006/05/03 00:00:00+00,NORMAL,CA-TA,DEFINITIVA,"VEHICULAR, PEATONAL",9,9,2,"1A,2A,4","1B,2B","21,22,24,54",N/A,NO,0,"Conteo, Brechas, Cola",1105
-74.07207008,4.69949787899998,4035,412,1470,KR 70C X AC 116,SUBA,ACTROS,SENCILLA,SI,2007/12/21 00:00:00+00,NORMAL,RP-TF,DEFINITIVA,"VEHICULAR, PEATONAL, CICLISTA",14,14,2,"3,4,4A,8",N/A,"23,34,38,394","723, 724, 738, 794","43,44",0,"Conteo, Brechas, Activación de sonoro, Fases por demanda peatonal sonoro",1110
-74.04629291,4.72335008099998,4036,70,1471,AK 19 X CL 140,USAQUEN,ACTROS,SENCILLA,SI,1988/02/11 00:00:00+00,NORMAL,CA-TA,DEFINITIVA,"VEHICULAR, PEATONAL, CICLISTA",18,18,3,"1,2,3,4",N/A,"21,22,23,24,31,32","721, 722, 723, 724, 731",41.42,0,"Conteo, Brechas, Activación de sonoro",1201
-74.04941041,4.70180528200001,4037,96,1472,AK 19 X CL 122,USAQUEN,ACTROS,SENCILLA,SI,1988/02/11 00:00:00+00,NORMAL,CA-TA,DEFINITIVA,"VEHICULAR, PEATONAL, CICLISTA",12,12,2,"1,2,3,4",N/A,"21,22,23,24,31,32",N/A,41.42,0,"Conteo, Brechas, Cola - Siguiente Intersección",1211
-74.05039769,4.75245937599999,4038,105,1492,KR 49B X CL 170,SUBA,C900,DOBLE,SI,2003/11/14 00:00:00+00,NORMAL,BT-TA,DEFINITIVA,EXCLUSIVA PEATONAL,6,17,4,"4,13",N/A,"24,213 (Exc)","724, 7213",NO,0,Activación de sonoro,1123
-74.05457838,4.753311145,4039,127,1492,KR 55 X CL 170,SUBA,NO,DOBLE,NO,2003/11/14 00:00:00+00,NORMAL,BT-TA,DEFINITIVA,"VEHICULAR, PEATONAL, CICLISTA",11,17,4,"3,14,91,103",N/A,"23,214,291","723, 7214",43.44,0,Activación de sonoro,1123
-74.06865382,4.72971802699999,4040,346,1493,AK 72 X AC 138,SUBA,C900,SENCILLA,SI,2000/07/10 00:00:00+00,NORMAL,BT-TA,DEFINITIVA,"VEHICULAR, PEATONAL",19,19,5,"1,2,2A,3,4,6,91,92,92A,93",N/A,"21,22,23,24,31,32,291,293,294",N/A,NO,0,"Conteo, Brechas",1102
-74.06489994,4.74697662400001,4041,266,1494,AK 72 X CL 163,SUBA,C900,SENCILLA,SI,2008/01/23 00:00:00+00,NORMAL,CA-TF,DEFINITIVA,EXCLUSIVA PEATONAL,7,7,2,"1,2,2A",N/A,"21,22 (Exc)",722,NO,0,"Cola - Siguiente Intersección, Activación de sonoro",1103
-74.0650815,4.750747187,4042,268,1495,AK 72 X CL 167,SUBA,C900,SENCILLA,SI,2001/10/10 00:00:00+00,NORMAL,CA-TA,DEFINITIVA,"VEHICULAR, PEATONAL",15,15,4,"1,2,2A,3,4,6,6A,91,92,92A",N/A,"21,23,24,32,291",N/A,NO,0,"Conteo, Brechas",1103
-74.0656587,4.75543232199999,4043,277,1496,AK 72 X CL 169B,SUBA,C900,SENCILLA,SI,2001/10/10 00:00:00+00,NORMAL,CA-TA,DEFINITIVA,"VEHICULAR, PEATONAL",15,15,4,"1,2,2A,3,4,6,6A,91,92A",N/A,"21,23,24,32,33,291",N/A,NO,0,"Conteo, Brechas, Fases por demanda",1103
-74.06579528,4.76042663099997,4044,278,1497,AK 72 X CL 170,SUBA,C900,SENCILLA,SI,2000/12/20 00:00:00+00,PMT,R-TF,DEFINITIVA,"VEHICULAR, PEATONAL, CICLISTA",24,24,4,"1,1A,2,2A,3,4,5,6,8,92",N/A,"21,22,23,24,31,32,33,34",721723732734 Desconectados,"43,44",0,"Conteo, Brechas, Cola, Fases por demanda",1103
-74.10354268,4.704187015,4045,694,1498,KR 89A X AC 80,ENGATIVA,C900,SENCILLA,SI,1993/09/29 00:00:00+00,NORMAL,CA-TA,DEFINITIVA,"VEHICULAR, PEATONAL",10,10,2,"1,3A,4A","3B,4B","21,23A,23B,34A,34B",N/A,NO,0,"Conteo, Brechas, Cola - Siguiente Intersección",1136
-74.10790032,4.70621847500001,4046,717,1499,TV 94 X AC 80,ENGATIVA,C900,SENCILLA,SI,1992/07/13 00:00:00+00,NORMAL,CA-TA,DEFINITIVA,"VEHICULAR, PEATONAL",14,14,4,"2,2A,3A,4A,94","3B,4B","22,24A,24B,32,33A,33B,294",N/A,NO,0,"Conteo, Brechas, Fases por demanda, Cola - Siguiente Intersección",1136
-74.10945475,4.70730682599998,4047,724,1500,TV 94L X AC 80,ENGATIVA,C900,SENCILLA,SI,1989/11/02 00:00:00+00,NORMAL,CA-TA,DEFINITIVA,"VEHICULAR, PEATONAL, CICLISTA",19,19,2,"1,3A,4A,91,93A","3B,4B","21,23A,23B,31,34A,34B,291,293A",N/A,"41, 42,411,412",0,"Conteo, Brechas",1136
-74.10288128,4.71182721000002,4048,689,1501,TV 94L X CL 86,ENGATIVA,ACTROS,SENCILLA,SI,1995/10/17 00:00:00+00,NORMAL,RP-TA,DEFINITIVA,"VEHICULAR, PEATONAL",7,7,4,"1,4,93",N/A,"21,24,31,293",N/A,NO,0,"Conteo, Brechas, Fases por demanda",1136
-74.07396338,4.699007451,4049,1502,1502,KR 70D X AC 116,SUBA,ACTROS,SENCILLA,SI,2017/08/01 00:00:00+00,NORMAL,R-TF,DEFINITIVA,"VEHICULAR, PEATONAL, CICLISTA",19,19,3,"1,2,3,4,4A",N/A,"21,22,23,24,33,34","721, 722, 723, 724, 733, 734","43,44",0,"Activación de sonoro, Brechas,Fases por demanda peatonal sonoro",1110
-74.11952932,4.71941178899999,4050,771,1503,KR 112A X AC 80,ENGATIVA,C900,SENCILLA,SI,1999/06/15 00:00:00+00,NORMAL,CA-TA,DEFINITIVA,"VEHICULAR, PEATONAL",6,6,2,"3,4",N/A,"23,24 (Exc)","723, 724",NO,0,Activación de sonoro,1134
-74.12111334,4.72158487000002,4051,778,1505,AK 114 X AC 80,ENGATIVA,C900,SENCILLA,SI,1999/06/15 00:00:00+00,NORMAL,CA-TA,DEFINITIVA,"VEHICULAR, PEATONAL",20,20,3,"1,2,3A,3B,4A,4B,13A,13B,14A,14B,91,94A",N/A,"21,23A,23B,32,291,294A,314A,314B",N/A,NO,0,"Conteo, Brechas",1134
-74.07556328,4.67558098699999,4052,492,1506,KR 56BIS X CL 78,BARRIOS UNIDOS,NO,DOBLE,NO,2000/07/19 00:00:00+00,NORMAL,BT-TF,DEFINITIVA,"VEHICULAR, PEATONAL, CICLISTA",8,15,4,"2,4,13,64",N/A,"24,32",N/A,"41,42A",0,N/A,1319
-74.07616189,4.67600104299999,4053,499,1506,KR 58 X CL 78,BARRIOS UNIDOS,C900,DOBLE,SI,2000/07/19 00:00:00+00,NORMAL,BT-TF,DEFINITIVA,"VEHICULAR, PEATONAL, CICLISTA",7,15,4,"1,3,14",N/A,"21,23",N/A,"41A,42",0,N/A,1319
-74.12241194,4.72315760700002,4054,783,1508,KR 115 X AC 80,ENGATIVA,C900,SENCILLA,SI,2001/10/26 00:00:00+00,NORMAL,CA-TA,DEFINITIVA,"VEHICULAR, PEATONAL",8,8,2,"3A,4A","3B,4B","23,24","723,724",NO,0,"Cola - Siguiente Intersección, Activación de sonoro",1134
-74.12490637,4.72613056500001,4055,789,1509,KR 119 X AC 80,ENGATIVA,C900,TRIPLE,SI,2001/07/25 00:00:00+00,NORMAL,CA-TA,DEFINITIVA,"VEHICULAR, PEATONAL",6,13,2,"3,4",N/A,"23,24 ","723,724",NO,0,"Conteo, Brechas, Fases por demanda peatonal sonoro",1134
-74.12559545,4.72768243600001,4056,1453,1509,KR 120 X AC 80,ENGATIVA,NO,TRIPLE,NO,2016/08/25 00:00:00+00,NORMAL,CA-TA,DEFINITIVA,"VEHICULAR, PEATONAL",5,13,3,"1,14,94",N/A,"21,294",N/A,NO,0,"Conteo, Brechas, Cola",1134
-74.12588547,4.727851499,4057,1519,1509,PUENTE DE GUADUA X AC 80,ENGATIVA,NO,TRIPLE,NO,2017/03/17 00:00:00+00,NORMAL,CA-TA,DEFINITIVA,EXCLUSIVA VEHICULAR,2,13,2,"6,114",N/A,N/A,N/A,NO,0,N/A,1134
-74.06586767,4.67859239199998,4058,281,1473,AK 50 X CL 87,BARRIOS UNIDOS,ACTROS,SENCILLA,SI,1988/04/28 00:00:00+00,NORMAL,CA-TA,DEFINITIVA,"VEHICULAR, PEATONAL",8,8,2,"1A,2A,5","1B,2B","22,31,35",N/A,NO,0,"Conteo, Cola - Siguiente Intersección",1105
-74.06422473,4.68122286400001,4059,255,1474,AK 50 X CL 93,BARRIOS UNIDOS,ACTROS,SENCILLA,SI,1988/02/11 00:00:00+00,NORMAL,CA-TA,DEFINITIVA,"VEHICULAR, PEATONAL",13,13,3,"1A,2A,3,4","1B,2B","22,23,24,31","722, 723, 731",NO,0,"Conteo, Brechas, Cola - Siguiente Intersección, Activación de sonoro",1105
-74.09327361,4.69761365800002,4060,624,1475,KR 76 X AC 80,ENGATIVA,C900,SENCILLA,SI,1988/04/28 00:00:00+00,NORMAL,CA-TA,DEFINITIVA,"VEHICULAR, PEATONAL",12,12,3,"1,3A,4A,94A","3B,4B","21,23A,23B,32,34A,34B",N/A,NO,0,"Conteo, Brechas",1135
-74.06083013,4.66672737699997,4061,202,1476,AK 20 X CL 80BIS,BARRIOS UNIDOS,NO,DOBLE,NO,2006/12/14 00:00:00+00,NORMAL,CA-TA,DEFINITIVA,"VEHICULAR, PEATONAL",5,9,3,1A,"1B,3B,91B",23,N/A,NO,0,"Conteo, Brechas, Fases por demanda",1914
-74.06156115,4.66681153799999,4062,212,1476,KR 21 X AC 80,BARRIOS UNIDOS,C900,DOBLE,SI,2006/12/14 00:00:00+00,NORMAL,CA-TA,DEFINITIVA,EXCLUSIVA VEHICULAR,4,9,3,4A,"4B,7B,191B",N/A,N/A,NO,0,"Conteo, Brechas, Fases por demanda, Cola - Siguiente Intersección",1914
-74.06102381,4.66580014599998,4063,205,1477,AK 20 X AC 80,BARRIOS UNIDOS,C900,SENCILLA,SI,2006/02/10 00:00:00+00,PMT,CA-TA,DEFINITIVA,"VEHICULAR, PEATONAL",10,10,2,"1A,2A,3A","1B,2B","21A,22A,23A,32B,33A",N/A,NO,0,"Conteo, Brechas",1914
-74.06171624,4.664483249,4064,217,1478,KR 20B X CL 76,BARRIOS UNIDOS,C900,SENCILLA,SI,1993/09/30 00:00:00+00,NORMAL,BT-TF,DEFINITIVA,"VEHICULAR, PEATONAL",5,5,3,"1,4",N/A,"21,24,31",N/A,NO,0,Cola - Siguiente Intersección,1913
-74.07510052,4.71055369200002,4065,503,1479,KR 70G X AC 127,SUBA,ACTROS,SENCILLA,SI,2007/12/26 00:00:00+00,NORMAL,RP-TF,DEFINITIVA,"VEHICULAR, PEATONAL, CICLISTA",8,8,3,"3,4,103,104",N/A,"23,24",N/A,44.43,0,"Cola, Cola - Siguiente Intersección",1110
-74.06136379,4.68414451699999,4066,209,1480,KR 49 X CL 95,BARRIOS UNIDOS,ACTROS,SENCILLA,SI,1998/05/14 00:00:00+00,NORMAL,RP-TF,DEFINITIVA,"VEHICULAR, PEATONAL",8,8,3,"1,2,3,4",N/A,"21,22,23,24",N/A,NO,0,Cola - Siguiente Intersección,1105
-74.05977168,4.68386727699999,4067,187,1481,KR 47 X CL 95,BARRIOS UNIDOS,ACTROS,SENCILLA,SI,1998/06/04 00:00:00+00,NORMAL,RP-TF,DEFINITIVA,"VEHICULAR, PEATONAL",8,8,4,"1,2,3,4",N/A,"21,22,23,24",N/A,NO,0,Cola - Siguiente Intersección,1105
-74.09844567,4.74166937699999,4068,661,1482,AK 104 X CL 139,SUBA,C900,SENCILLA,SI,2002/06/23 00:00:00+00,NORMAL,BT-TF,DEFINITIVA,"VEHICULAR, PEATONAL, CICLISTA",12,12,4,"1,2,3,4,5",N/A,"21,22,23,24,31,32",N/A,43,0,"Brechas, Fases por demanda",1117
-74.09025493,4.741789332,4069,598,1483,KR 98B X AC 145,SUBA,C900,SENCILLA,SI,2006/04/28 00:00:00+00,NORMAL,CA-TA,DEFINITIVA,"VEHICULAR, PEATONAL, CICLISTA",12,12,3,"1,3A,4A,8","3B,4B","21,23,34A,34B",N/A,"41,42",0,"Conteo, Brechas, Fases por demanda",1101
-74.10827601,4.74536591499998,4070,718,1484,TV 127 X CL 139,SUBA,ACTROS,SENCILLA,SI,2006/11/30 00:00:00+00,NORMAL,BT-TF,DEFINITIVA,"VEHICULAR, PEATONAL",6,6,4,"1,2,4",N/A,"21,22,34",N/A,NO,0,N/A,1132
-74.07494408,4.72177274199998,4071,484,1485,TV 76 X AV BOYACÁ (CONECTANTE E-S),SUBA,C900,SENCILLA,SI,2006/04/28 00:00:00+00,NORMAL,BT-TA,DEFINITIVA,EXCLUSIVA PEATONAL,3,3,2,1,N/A,21,721,NO,0,Activación de sonoro,1120
-74.07114131,4.72607402400001,4072,393,1486,AK 72 X AC 134,SUBA,C900,SENCILLA,SI,2000/07/21 00:00:00+00,NORMAL,BT-TA,DEFINITIVA,"VEHICULAR, PEATONAL",14,14,3,"1,2,4,5,92,94",N/A,"21,24,32,294","721, 724, 732, 7294",NO,0,"Conteo, Brechas, Cola, Fases por demanda, Cola - Siguiente Intersección, Activación de sonoro",1102
-74.07048432,4.71142046300002,4073,377,1487,AK 58 X AC 127,SUBA,ACTROS,SENCILLA,SI,1992/07/28 00:00:00+00,NORMAL,RP-TA,DEFINITIVA,"VEHICULAR, PEATONAL, CICLISTA",8,8,3,"1,4,94",N/A,"21,291,294",N/A,"43,44",0,"Conteo, Brechas",1110
-74.06438857,4.70906141,4074,258,1488,AK 55 X AC 127,SUBA,C900,SENCILLA,SI,1988/12/21 00:00:00+00,NORMAL,BT-TF,DEFINITIVA,"VEHICULAR, PEATONAL, CICLISTA",19,19,3,"1,2,3,4,12,92,93",N/A,"22,24,31,33,292,293",N/A,"41,42,43,44,413,414",0,Cola - Siguiente Intersección,1127
-74.07247772,4.71279092100002,4075,428,1489,TV 60 X CL 127D,SUBA,ACTROS,SENCILLA,SI,1988/11/09 00:00:00+00,NORMAL,CA-TA,DEFINITIVA,EXCLUSIVA PEATONAL,10,10,4,"1A,2A","1B,2B","21,22,32 (Exc)","721, 722, 732",NO,0,Activación de sonoro,1110
-74.07032073,4.71311305799998,4076,376,1490,AK 58 X CL 127D,SUBA,ACTROS,SENCILLA,SI,1988/09/11 00:00:00+00,NORMAL,RP-TF,DEFINITIVA,"VEHICULAR, PEATONAL",12,12,2,"1,2,3,93",N/A,"22,23,31,293","722, 723, 731, 7293",NO,0,Activación de sonoro,1110
-74.06968161,4.716123176,4077,361,1491,AK 58 X CL 128B,SUBA,ACTROS,SENCILLA,SI,1988/12/21 00:00:00+00,NORMAL,R-TA,DEFINITIVA,"VEHICULAR, PEATONAL",9,9,4,"1,2,3,4,6",N/A,"21,23,24,32",N/A,NO,0,"Brechas, Fases por demanda, Cola - Siguiente Intersección",1125
-74.10994886,4.70337793800002,4078,1155,1383,KR 94 X CL 75,ENGATIVA,C900,SENCILLA,SI,2009/07/31 00:00:00+00,NORMAL,RP-TF,DEFINITIVA,"VEHICULAR, PEATONAL",6,6,3,"2,3,4",N/A,"22,24,32",N/A,NO,0,Cola - Siguiente Intersección,1136
-74.11035142,4.69901897599999,4079,749,1384,KR 91A X AC 72,ENGATIVA,ACTROS,DOBLE,SI,2009/09/09 00:00:00+00,NORMAL,BT-TA,DEFINITIVA,"VEHICULAR, PEATONAL",7,12,2,"1,3,14",N/A,"21,23,32,314",N/A,NO,0,Brechas,1313
-74.10859167,4.69776825700001,4080,1236,1384,KR 90 X AC 72,ENGATIVA,NO,DOBLE,NO,2011/11/30 00:00:00+00,NORMAL,BT-TA,DEFINITIVA,"VEHICULAR, PEATONAL",5,12,2,"2,4,13",N/A,"22,24",N/A,NO,0,"Brechas, Cola - Siguiente Intersección",1313
-74.11336228,4.70110248999998,4081,745,1385,AK 96 X AC 72,ENGATIVA,NO,DOBLE,NO,1995/11/29 00:00:00+00,NORMAL,BT-TA,DEFINITIVA,"VEHICULAR, PEATONAL, CICLISTA",9,16,3,"2,4,6,13",N/A,"22,24,32",N/A,"41,42",0,N/A,1313
-74.11388953,4.70155217400003,4082,1201,1385,KR 96 X AC 72,ENGATIVA,ACTROS,DOBLE,SI,1995/11/29 00:00:00+00,NORMAL,BT-TA,DEFINITIVA,"VEHICULAR, PEATONAL",7,16,3,"1,3,5,14",N/A,"21,23,314",N/A,NO,0,N/A,1313
-74.1058083,4.69581104000002,4083,707,1386,AK 86 X AC 72,ENGATIVA,ACTROS,SENCILLA,SI,1995/11/27 00:00:00+00,NORMAL,CA-TA,DEFINITIVA,"VEHICULAR, PEATONAL",15,15,4,"1,2,3,4,5,6,8",N/A,"21,22,23,24,31,32,33,34",N/A,NO,0,"Conteo, Brechas",2305
-74.10160779,4.692461331,4084,682,1387,KR 80 X AC 72,ENGATIVA,ACTROS,SENCILLA,SI,1990/08/23 00:00:00+00,NORMAL,BT-TF,DEFINITIVA,"VEHICULAR, PEATONAL",6,6,3,"2,3,4,7",N/A,"22,24",N/A,NO,0,N/A,1308
-74.07665018,4.69895003900001,4085,510,1392,KR 70H X AC 116,SUBA,NO,TRIPLE,NO,1998/06/09 00:00:00+00,NORMAL,R-TA,DEFINITIVA,"VEHICULAR, PEATONAL, CICLISTA",12,32,3,"1,13,14,14A",N/A,"21,213,31,314","721,731","413,414",0,"Conteo, Brechas, Fases por demanda, Cola - Siguiente Intersección, Fases por demanda peatonal",1110
-74.07708461,4.69917235000003,4086,515,1392,KR 71 X AC 116,SUBA,ACTROS,TRIPLE,SI,1998/06/09 00:00:00+00,NORMAL,R-TA,DEFINITIVA,"VEHICULAR, PEATONAL, CICLISTA",10,32,3,"2,3,114,114A",N/A,"22,23,3114",722,"434,114",0,"Conteo, Brechas, Cola, Fases por demanda",1110
-74.07599,4.69873000000001,4087,1797,1392,DG 115 X AC 116,SUBA,NO,TRIPLE,NO,2024/01/17 00:00:00+00,NORMAL,R-TA,DEFINITIVA,"VEHICULAR, PEATONAL, CICLISTA",10,32,3,"2A,4,4A,113",N/A,"22A,2113,34",722A,"4113,44",0,"Conteo, Brechas, Cola, Fases por demanda",1110
-74.09005855,4.68608692200002,4088,1584,1401,AK 70 X CL 73A,ENGATIVA,ACTROS,SENCILLA,SI,2020/08/21 00:00:00+00,NORMAL,BT-TF,DEFINITIVA,"VEHICULAR, PEATONAL",17,17,5,"1,2,3,5,6",N/A,"21,22,23,31,32,33","721, 722, 723, 731, 732, 733",NO,0,"Brechas, Fases por demanda, Activación de sonoro",1309
-74.06395418,4.66083148899997,4089,253,1404,KR 20B X AC 72,BARRIOS UNIDOS,C900,TRIPLE,SI,1983/03/16 00:00:00+00,NORMAL,BT-TF,DEFINITIVA,"VEHICULAR, PEATONAL",10,22,3,"1,3A,3C,4",N/A,"21,23A,24,31,33A,34",N/A,NO,0,N/A,1913
-74.064829,4.659516,4090,1880,1404,KR 19 X CL 71,BARRIOS UNIDOS,NO,TRIPLE,NO,2024/11/13 00:00:00+00,NORMAL,BT-TF,PROVISIONAL_PMT,"VEHICULAR, PEATONAL",5,22,2,"3,111",N/A,"23,2111, 3111",N/A,NO,0,N/A,1913
-74.06439,4.66015299999998,4091,1892,1404,KR 19 X CL 71A,BARRIOS UNIDOS,NO,TRIPLE,NO,2025/02/16 00:00:00+00,NORMAL,BT-TF,DEFINITIVA,"VEHICULAR, PEATONAL, CICLISTA",7,22,3,"4A,11",N/A,"24A, 2111,34A",N/A,"43,44",0,N/A,1913
-74.06466494,4.66132964299999,4092,263,1405,KR 20C X AC 72,BARRIOS UNIDOS,C900,SENCILLA,SI,1983/03/22 00:00:00+00,NORMAL,BT-TA,DEFINITIVA,"VEHICULAR, PEATONAL, CICLISTA",8,8,3,"2,3,4",N/A,"22,24,32",N/A,41.42,0,"Conteo, Brechas",1913
-74.06284771,4.66269357300001,4093,236,1407,KR 20B X CL 74,BARRIOS UNIDOS,C900,TRIPLE,SI,1993/07/14 00:00:00+00,NORMAL,BT-TF,DEFINITIVA,"VEHICULAR, PEATONAL",6,22,3,"1,13",N/A,"21,31,213,313",N/A,NO,0,N/A,1913
-74.06357462,4.66331647999999,4094,246,1407,KR 20C X CL 74,BARRIOS UNIDOS,NO,TRIPLE,NO,1993/07/14 00:00:00+00,NORMAL,BT-TF,DEFINITIVA,"VEHICULAR, PEATONAL, CICLISTA",13,22,4,"2,3,7,94",N/A,"22,23,27,33,294",N/A,"41,411,42,412",0,N/A,1913
-74.06328329,4.66192782500002,4095,1752,1407,KR 20B X CL 73,BARRIOS UNIDOS,NO,TRIPLE,NO,2022/06/08 00:00:00+00,Desvío - PMT,BT-TF,PROVISIONAL_PMT,"VEHICULAR, PEATONAL",6,22,2,"4,11",N/A,"24,34,211",N/A,NO,0,N/A,1913
-74.08565219,4.692198211,4096,569,1415,AK 70 X AC 80,ENGATIVA,C900,SENCILLA,SI,1997/08/04 00:00:00+00,NORMAL,CA-TA,DEFINITIVA,"VEHICULAR, PEATONAL",11,11,3,"2,3A,4A,92","3B,4B","22,24A,24B,33A,33B",N/A,NO,0,"Conteo, Brechas, Fases por demanda, Cola - Siguiente Intersección",1106
-74.08504598,4.69452934200001,4097,1256,1416,KR 70C X CL 86A,ENGATIVA,C900,SENCILLA,SI,2012/07/03 00:00:00+00,NORMAL,BT-TF,DEFINITIVA,"VEHICULAR, PEATONAL",7,7,4,"3,4,6,8,92",N/A,"22,23 (Reg)",N/A,NO,0,N/A,1113
-74.10141784,4.73648667200001,4098,1467,1557,KR 106 X CL 132,SUBA,C900,SENCILLA,SI,2016/12/20 00:00:00+00,NORMAL,BT-TA,DEFINITIVA,"VEHICULAR, PEATONAL",6,6,4,"2,3,4",N/A,"22,23,24",N/A,NO,0,"Brechas, Fases por demanda",1117
-74.11263225,4.72230238999998,4099,1506,1561,KR 111A X DG 86,ENGATIVA,C900,SENCILLA,SI,2018/06/14 00:00:00+00,NORMAL,BT-TA,DEFINITIVA,"VEHICULAR, PEATONAL, CICLISTA",21,21,4,"1,2,3,4,93,94",N/A,"21,22,23,24,33,34,293,294","721, 722, 723, 734, 7293, 7294",44,0,"Brechas, Activación de sonoro",1114
-74.12555405,4.712846818,4100,1504,1563,KR 110G X CL 72F,ENGATIVA,ACTROS,SENCILLA,SI,2018/01/24 00:00:00+00,NORMAL,BT-TA,DEFINITIVA,"VEHICULAR, PEATONAL",16,16,4,"1,2,6,7,91,93",N/A,"21,22,23,31,32","721, 722, 723, 731, 732",NO,0,Activación de sonoro,1313
-74.11715804,4.70437036499999,4101,760,1564,KR 101 X AC 72,ENGATIVA,ACTROS,SENCILLA,SI,2006/09/20 00:00:00+00,NORMAL,BT-TA,DEFINITIVA,"VEHICULAR, PEATONAL",8,8,3,"1,2,3,4",N/A,"21,22,24,33",N/A,NO,0,Brechas,1313
-74.12183704,4.70826822100003,4102,777,1565,TV 106 X AC 72,ENGATIVA,ACTROS,DOBLE,SI,2000/09/25 00:00:00+00,NORMAL,BT-TF,DEFINITIVA,"VEHICULAR, PEATONAL",10,18,4,"4,5,7,13,91,94",N/A,"21,24,294,313",N/A,NO,0,N/A,1313
-74.12222807,4.70856394100002,4103,782,1565,KR 106A X AC 72,ENGATIVA,NO,DOBLE,NO,2000/09/25 00:00:00+00,NORMAL,BT-TF,DEFINITIVA,"VEHICULAR, PEATONAL",8,18,4,"3,6,8,14,92",N/A,"22,23,314",N/A,NO,0,N/A,1313
-74.12657492,4.71180957399997,4104,1166,1566,KR 110G X AC 72,ENGATIVA,ACTROS,SENCILLA,SI,2009/11/06 00:00:00+00,NORMAL,BT-TA,DEFINITIVA,"VEHICULAR, PEATONAL",8,8,4,"1,2,3,4",N/A,"21,24,32,33",N/A,NO,0,"Brechas, Fases por demanda",1313
-74.12935399,4.70877340599998,4105,1192,1567,KR 111C X CL 70C,ENGATIVA,ACTROS,SENCILLA,SI,2010/03/29 00:00:00+00,NORMAL,BT-TF,DEFINITIVA,"VEHICULAR, PEATONAL",5,5,2,"1,2,3",N/A,"22,23",N/A,NO,0,N/A,1313
-74.12496672,4.710589669,4106,1216,1568,KR 110 X AC 72,ENGATIVA,ACTROS,SENCILLA,SI,2011/05/17 00:00:00+00,NORMAL,BT-TA,DEFINITIVA,"VEHICULAR, PEATONAL",8,8,3,"1,2,3,4",N/A,"21,22,23,34",N/A,NO,0,Brechas,1313
-74.05598408,4.71587832500001,4107,155,1570,KR 49 X CL 129,SUBA,NO,DOBLE,NO,2000/04/26 00:00:00+00,NORMAL,BT-TA,DEFINITIVA,"VEHICULAR, PEATONAL",5,10,3,"1,4,13",N/A,"21,213",N/A,NO,0,Brechas,1126
-74.05681754,4.71596366400001,4108,163,1570,KR 50 X CL 129,SUBA,ACTROS,DOBLE,SI,2000/04/26 00:00:00+00,NORMAL,BT-TA,DEFINITIVA,"VEHICULAR, PEATONAL",5,10,3,"2,3,14",N/A,"22,214",N/A,NO,0,Brechas,1126
-74.06365198,4.71667528,4109,245,1571,AK 55 X CL 129,SUBA,ACTROS,SENCILLA,SI,2004/11/11 00:00:00+00,PMT,BT-TF,DEFINITIVA,"VEHICULAR, PEATONAL",5,5,2,"2,3,4",N/A,"22,24",N/A,NO,0,N/A,1126
-74.07664911,4.67023279300003,4110,505,1575,TV 56A X AC 72,BARRIOS UNIDOS,C900,SENCILLA,SI,2000/05/15 00:00:00+00,NORMAL,BT-TF,DEFINITIVA,"VEHICULAR, PEATONAL",8,8,3,"1,3,4",N/A,"21,23,24,31",N/A,NO,0,N/A,1314
-74.11181919,4.70466165900001,4111,1624,1576,KR 96 X Cl 75,ENGATIVA,C900,SENCILLA,SI,2021/04/10 00:00:00+00,NORMAL,RP-TA,DEFINITIVA,"VEHICULAR, PEATONAL, CICLISTA",16,16,4,"1,2,3,4,13,14",N/A,"21,22,23,24,393","721, 723, 724",41.42,0,"Brechas, Activación de sonoro",1136
-74.05275759,4.72387012000002,4112,124,1580,KR 46A X AC 138,SUBA,NO,DOBLE,NO,2000/06/13 00:00:00+00,NORMAL,BT-TF,DEFINITIVA,"VEHICULAR, PEATONAL",6,13,2,"2A,4,13",N/A,"22A,24,313",N/A,NO,0,N/A,1126
-74.05411562,4.724350426,4113,144,1580,KR 49 X AC 138,SUBA,C900,DOBLE,SI,2000/06/13 00:00:00+00,NORMAL,BT-TF,DEFINITIVA,"VEHICULAR, PEATONAL",7,13,3,"1,2,3,14",N/A,"21,33,214",N/A,NO,0,N/A,1126
-74.0902472,4.68922642500002,4114,600,1585,KR 70F X CL 75,ENGATIVA,ACTROS,SENCILLA,SI,2000/07/19 00:00:00+00,NORMAL,BT-TF,DEFINITIVA,"VEHICULAR, PEATONAL",5,5,3,"1,2,3",N/A,"22,23",N/A,NO,0,N/A,1309
-74.09163698,4.68723414599998,4115,611,1586,KR 70F X CL 73A,ENGATIVA,ACTROS,SENCILLA,SI,2004/07/26 00:00:00+00,NORMAL,BT-TF,DEFINITIVA,"VEHICULAR, PEATONAL",7,7,4,"1,2,3,4",N/A,"21,23,24",N/A,NO,0,N/A,1309
-74.0918261,4.70100886699998,4116,613,1595,TV 76 X DG 81I,ENGATIVA,C900,SENCILLA,SI,2000/05/06 00:00:00+00,NORMAL,BT-TF,DEFINITIVA,"VEHICULAR, PEATONAL",8,8,4,"1,2,3,4",N/A,"21,22,23,24 (Reg)",N/A,NO,0,Cola - Siguiente Intersección,1112
-74.0923928,4.70383158700002,4117,1301,1596,TV 76 X DG 83,ENGATIVA,C900,SENCILLA,SI,2013/03/23 00:00:00+00,NORMAL,BT-TA,DEFINITIVA,"VEHICULAR, PEATONAL",7,7,4,"1,2,3,4",N/A,"21,23,24",N/A,NO,0,"Brechas, Fases por demanda, Fases por demanda peatonal",1112
-74.04367996,4.746501524,4118,1420,1599,KR 20 X CL 166,USAQUEN,C900,SENCILLA,SI,2015/08/01 00:00:00+00,NORMAL,BT-TA,DEFINITIVA,"VEHICULAR, PEATONAL",11,11,3,"2,3,4",N/A,"22,23,24,32","722, 723, 724, 732",NO,0,Activación de sonoro,1207
-74.04082352,4.68775556100002,4119,1324,1600,AK 11 X CL 106,USAQUEN,C900,SENCILLA,SI,2013/12/13 00:00:00+00,NORMAL,R-TA,DEFINITIVA,"VEHICULAR, PEATONAL, CICLISTA",17,17,4,"1,2,3,4,5,7,91,92",N/A,"21,22,23,31,32,291,292",N/A,41.42,0,"Conteo, Brechas, Cola - Siguiente Intersección",1213
-74.04207306,4.68842202600001,4120,41,1601,AK 9 X CL 106,USAQUEN,C900,SENCILLA,SI,1988/02/25 00:00:00+00,NORMAL,R-TA,DEFINITIVA,"VEHICULAR, PEATONAL",13,13,2,"1,2,3,4",N/A,"21,22,23,24,31,32,33,34,293",N/A,NO,0,"Conteo, Brechas, Cola - Siguiente Intersección",1213
-74.05251528,4.73523770000003,4121,1175,1602,KR 50 X CL 152,SUBA,C900,SENCILLA,SI,2009/09/01 00:00:00+00,NORMAL,CA-TA,DEFINITIVA,"VEHICULAR, PEATONAL",9,9,4,"1,2,3,4,7",N/A,"21,22,23,34",N/A,NO,0,"Conteo, Brechas, Fases por demanda",1104
-74.05369273,4.66913458900001,4122,138,1603,KR 13 X AC 85,CHAPINERO,C900,DOBLE,SI,1993/12/22 00:00:00+00,NORMAL,CA-TA,DEFINITIVA,"VEHICULAR, PEATONAL, CICLISTA",10,21,4,"1,3,4",N/A,"21,23,24,31",N/A,"43,44,142",0,"Conteo, Brechas",1915
-74.05394589,4.668695652,4123,143,1603,KR 13 X CL 84A,CHAPINERO,NO,DOBLE,NO,1993/12/22 00:00:00+00,NORMAL,CA-TA,DEFINITIVA,"VEHICULAR, PEATONAL, CICLISTA",11,21,4,"4A,11",N/A,"211, 24A,311,34A","7211, 7311, 734A","41, 42",0,"Conteo, Brechas",1915
-74.05916693,4.66019994800001,4124,181,1604,KR 13 X CL 74,CHAPINERO,NO,DOBLE,NO,1993/12/03 00:00:00+00,NORMAL,BT-TF,DEFINITIVA,"VEHICULAR, PEATONAL",10,17,4,"3,1,12",N/A,"21,23,33,212","721, 733, 7212 (APAGADOS)",NO,0,N/A,1913
-74.05966984,4.65947381299998,4125,185,1604,KR 13 X CL 73,CHAPINERO,ACTROS,DOBLE,SI,1993/12/03 00:00:00+00,PMT,BT-TF,DEFINITIVA,"VEHICULAR, PEATONAL",7,17,3,"2,4,11",N/A,"22,24,34,211",N/A,NO,0,N/A,1913
-74.05852523,4.66111872200003,4126,175,1605,KR 13 X CL 75,CHAPINERO,ACTROS,SENCILLA,SI,2006/11/22 00:00:00+00,NORMAL,BT-TF,DEFINITIVA,"VEHICULAR, PEATONAL",7,7,3,"1,2,3,4",N/A,"21,22,24",N/A,NO,0,"Brechas, Fases por demanda",1913
-74.09451226,4.71002943299999,4127,631,1510,AK 86 X AC 90,ENGATIVA,C900,SENCILLA,SI,2000/02/02 00:00:00+00,NORMAL,CA-TA,DEFINITIVA,"VEHICULAR, PEATONAL",7,7,4,"1,2,3,4,6",N/A,"21,24",N/A,NO,0,"Brechas, Fases por demanda",1111
-74.11360748,4.71131605699998,4128,748,1511,KR 102 X AC 80,ENGATIVA,C900,SENCILLA,SI,2000/06/27 00:00:00+00,NORMAL,CA-TA,DEFINITIVA,"VEHICULAR, PEATONAL",8,8,3,"1,3A,4A,94A","3B, 4B","21,294A",N/A,NO,0,"Conteo, Brechas, Fases por demanda",1136
-74.11081902,4.71438619700001,4129,1377,1512,KR 102 X CL 82,ENGATIVA,C900,DOBLE,SI,2015/10/25 00:00:00+00,NORMAL,BT-TF,DEFINITIVA,"VEHICULAR, PEATONAL",18,32,3,"2,3A,4,11,911",N/A,"22,23A,24,32,33A,34,211,311","722,723A,724,733A,7311 (desconectados)",NO,0,Activación de sonoro,1114
-74.10958152,4.71568864099999,4130,1378,1512,KR 102 X CL 83,ENGATIVA,NO,DOBLE,NO,2015/10/25 00:00:00+00,NORMAL,BT-TF,DEFINITIVA,"VEHICULAR, PEATONAL, CICLISTA",14,32,3,"1,3,4A,5,12",N/A,"21,23,24A,31,212,312","724A,731,7212",12_41,0,Activación de sonoro,1114
-74.11034851,4.720956575,4131,1372,1513,AK 104 X DG 86A,ENGATIVA,NO,DOBLE,NO,2015/09/01 00:00:00+00,NORMAL,BT-TF,DEFINITIVA,"VEHICULAR, PEATONAL",15,32,3,"1,2,3,14,93,914",N/A,"21,22,33,214","721, 722, 733, 7214 (Desconectados)",NO,0,Activación de sonoro,1114
-74.10941039,4.71994418499997,4132,1374,1513,KR 103 D X DG 86A,ENGATIVA,C900,DOBLE,SI,2015/09/01 00:00:00+00,NORMAL,BT-TF,DEFINITIVA,"VEHICULAR, PEATONAL, CICLISTA",17,32,4,"2A,4,8,13,92A,94,913",N/A,"22A,24,32,34,213,313","722A,724,732,7313",44,0,Activación de sonoro,1114
-74.06520234,4.74249659100002,4133,272,1514,AK 72 X AC 153,SUBA,C900,SENCILLA,SI,2008/03/07 00:00:00+00,NORMAL,CA-TA,DEFINITIVA,"VEHICULAR, PEATONAL",16,16,3,"1,2,2A,3,4,10.2,92,92A",N/A,"21,22,23,24,31,32,34",N/A,NO,0,"Conteo, Brechas, Cola",1103
-74.08399857,4.74745263099999,4134,560,1515,KR 92 X CL 151B,SUBA,ACTROS,DOBLE,SI,2000/07/12 00:00:00+00,NORMAL,BT-TA,DEFINITIVA,"VEHICULAR, PEATONAL",5,11,3,"2,3,11",N/A,"22,23",N/A,NO,0,N/A,1118
-74.08292832,4.74974616700001,4135,554,1515,KR 92 X AC 153,SUBA,NO,DOBLE,NO,2000/07/12 00:00:00+00,NORMAL,BT-TA,DEFINITIVA,"VEHICULAR, PEATONAL",6,11,2,"1,6",N/A,"26,36","726, 736",NO,0,Activación de sonoro,1118
-74.08014465,4.75494322899999,4136,1439,1516,KR 92 X CL 157C,SUBA,NO,DOBLE,NO,2017/06/16 00:00:00+00,NORMAL,BT-TA,DEFINITIVA,"VEHICULAR, PEATONAL",3,12,4,"2,4",N/A,24,724,NO,0,N/A,1118
-74.08009191,4.75512907699999,4137,1449,1516,KR 92 X CL 158,SUBA,ACTROS,DOBLE,SI,2017/05/09 00:00:00+00,NORMAL,BT-TA,DEFINITIVA,"VEHICULAR, PEATONAL",9,12,2,"1,3,12",N/A,"21,23,212","721, 723, 7212",NO,0,Activación de sonoro,1118
-74.06675717,4.734781795,4138,1522,1517,AK 72 X AC 147,SUBA,C900,SENCILLA,SI,2017/02/01 00:00:00+00,NORMAL,BT-TA,DEFINITIVA,EXCLUSIVA PEATONAL,7,7,2,"1,2,2A",N/A,"21,22 (Exc)",722,NO,0,"Conteo, Cola, Fases por demanda peatonal sonoro",1102
-74.08220398,4.75098715600001,4139,1533,1518,KR 92 X CL 154A,SUBA,ACTROS,SENCILLA,SI,2017/05/17 00:00:00+00,NORMAL,BT-TA,DEFINITIVA,"VEHICULAR, PEATONAL",7,7,3,"1,2,3",N/A,"22,23",723,NO,0,Activación de sonoro,1118
-74.08715104,4.73067065800001,4140,581,1519,AK 91 X AC 132,SUBA,C900,SENCILLA,SI,2006/09/28 00:00:00+00,NORMAL,BT-TF,DEFINITIVA,"VEHICULAR, PEATONAL",5,5,3,"1,2",N/A,"21,22,36",N/A,NO,0,N/A,1119
-74.09285529,4.71713806700001,4141,623,1520,KR 91 X TV 86,SUBA,C900,SENCILLA,SI,2005/03/12 00:00:00+00,NORMAL,CA-TA,DEFINITIVA,"VEHICULAR, PEATONAL",16,16,5,"1,2,3,4,93,94",N/A,"21,22,23,24,33,34,293","723, 734, 7293",NO,0,"Brechas, Activación de sonoro",1138
-74.08538616,4.73537477000002,4142,567,1521,KR 91 X CL 137,SUBA,C900,SENCILLA,SI,2006/05/19 00:00:00+00,NORMAL,BT-TA,DEFINITIVA,"VEHICULAR, PEATONAL",11,11,4,"1,2,3,4",N/A,"21,22,23,24","721, 722, 724",NO,0,Activación de sonoro,1131
-74.09793245,4.706660602,4143,654,1522,AK 86 X DG 85,ENGATIVA,C900,SENCILLA,SI,2000/07/07 00:00:00+00,NORMAL,CA-TA,DEFINITIVA,EXCLUSIVA PEATONAL,3,3,2,"1,2",N/A,21,N/A,NO,0,N/A,1111
-74.09754526,4.73511311200002,4144,1543,1523,KR 102A X AC 132,SUBA,C900,SENCILLA,SI,2018/01/18 00:00:00+00,NORMAL,BT-TA,DEFINITIVA,"VEHICULAR, PEATONAL",19,19,4,"1,2,3,93,4,94,61",N/A,"21,22,23,24,33,34","721, 722, 723, 724, 733, 734",NO,0,Activación de sonoro,1117
-74.09435858,4.73430830400002,4145,1635,1524,KR 99 X AC 132,SUBA,C900,SENCILLA,SI,2019/08/01 00:00:00+00,NORMAL,BT-TA,DEFINITIVA,EXCLUSIVA PEATONAL,6,6,2,"3,4",N/A,"23,24",724,NO,0,Fases por demanda peatonal sonoro,1117
-74.055691,4.72491779000001,4146,154,1525,KR 52 X AC 138,SUBA,C900,SENCILLA,SI,2000/05/12 00:00:00+00,NORMAL,BT-TA,DEFINITIVA,"VEHICULAR, PEATONAL",7,7,2,"1,3,4,61",N/A,"21,24,33",N/A,NO,0,Brechas,1126
-74.05896778,4.72609900600003,4147,1373,1526,KR 54D X AC 138,SUBA,C900,SENCILLA,SI,2016/03/07 00:00:00+00,NORMAL,BT-TF,DEFINITIVA,"VEHICULAR, PEATONAL",8,8,3,"1,2,3,4",N/A,"21,22,23,34",N/A,NO,0,N/A,1126
-74.0923426,4.73335030999999,4148,1636,1534,KR 96A X AC 132,SUBA,C900,SENCILLA,SI,2019/08/15 00:00:00+00,NORMAL,BT-TA,DEFINITIVA,"VEHICULAR, PEATONAL",8,8,2,"3,4,103,104",N/A,"33,34",734,NO,0,"Brechas, Fases por demanda, Fases por demanda peatonal sonoro",1117
-74.10593188,4.70979305100002,4149,710,1535,TV 94L X CL 82,ENGATIVA,ACTROS,SENCILLA,SI,2000/09/19 00:00:00+00,NORMAL,RP-TA,DEFINITIVA,"VEHICULAR, PEATONAL",4,4,2,"1,3",N/A,"21,23",N/A,NO,0,"Conteo, Brechas, Fases por demanda, Fases por demanda peatonal",1136
-74.10447371,4.71075969200001,4150,1322,1536,TV 94L X CL 83,ENGATIVA,ACTROS,SENCILLA,SI,2013/11/14 00:00:00+00,NORMAL,RP-TA,DEFINITIVA,"VEHICULAR, PEATONAL",5,5,3,"1,91,93",N/A,"21,293",N/A,NO,0,"Conteo, Brechas, Fases por demanda, Fases por demanda peatonal",1136
-74.10365961,4.69955697400002,4151,697,1540,AK 86 X CL 75,ENGATIVA,ACTROS,DOBLE,SI,2000/05/26 00:00:00+00,NORMAL,CA-TA,DEFINITIVA,"VEHICULAR, PEATONAL",7,13,3,"1,4,12,93",N/A,"21,24,293",N/A,NO,0,"Conteo, Brechas, Fases por demanda, Fases por demanda peatonal",2305
-74.10391645,4.699180308,4152,699,1540,AK 86 X DG 74B,ENGATIVA,NO,DOBLE,NO,2000/05/26 00:00:00+00,NORMAL,CA-TA,DEFINITIVA,"VEHICULAR, PEATONAL",6,13,2,"2,3,11",N/A,"22,23,33",N/A,NO,0,"Conteo, Brechas, Cola - Siguiente Intersección, Fases por demanda peatonal",2305
-74.10632207,4.700749578,4153,1445,1541,KR 89A X CL 75,ENGATIVA,C900,SENCILLA,SI,2015/12/10 00:00:00+00,NORMAL,BT-TA,DEFINITIVA,"VEHICULAR, PEATONAL",10,10,4,"1,2,3,4",N/A,"21,22,24","721, 722, 724",NO,0,"Brechas, Fases por demanda, Activación de sonoro",1313
-74.09215573,4.75429827800002,4154,614,1545,AK 104 X AC 153,SUBA,C900,DOBLE,SI,2002/11/22 00:00:00+00,NORMAL,BT-TA,DEFINITIVA,"VEHICULAR, PEATONAL",18,22,3,"2,3,4,11,91,92,93,94",N/A,"22,23,24,32,211,291,292,293,294,311",N/A,NO,0,N/A,1115
-74.09103995,4.75642268399997,4155,1535,1545,AK 104 X CL 155A,SUBA,NO,DOBLE,NO,2017/04/25 00:00:00+00,NORMAL,BT-TA,DEFINITIVA,EXCLUSIVA PEATONAL,4,22,2,"1,12",N/A,"21,212",N/A,NO,0,Brechas,1115
-74.08444744,4.74414431299999,4156,1344,1546,KR 92 X CL 148,SUBA,ACTROS,SENCILLA,SI,2014/06/12 00:00:00+00,NORMAL,BT-TF,DEFINITIVA,"VEHICULAR, PEATONAL",6,6,4,"1,2,3",N/A,"21,22,23",N/A,NO,0,"Brechas, Fases por demanda, Fases por demanda peatonal",1118
-74.09478481,4.71989483999999,4157,633,1548,KR 93 X CL 127,SUBA,C900,SENCILLA,SI,2008/01/23 00:00:00+00,NORMAL,CA-TA,DEFINITIVA,"VEHICULAR, PEATONAL",7,7,3,"3, 4, 5, 91",N/A,"21,23,34",N/A,NO,0,"Brechas, Fases por demanda peatonal",1138
-74.09791717,4.72284397999999,4158,658,1549,KR 95A X CL 127,SUBA,C900,SENCILLA,SI,2008/01/23 00:00:00+00,NORMAL,BT-TF,DEFINITIVA,"VEHICULAR, PEATONAL",6,6,2,"1,3,4",N/A,"21,23,34",N/A,NO,0,N/A,1117
-74.09906998,4.72514710500002,4159,669,1550,KR 98 X CL 127,SUBA,C900,SENCILLA,SI,2008/01/23 00:00:00+00,NORMAL,BT-TF,DEFINITIVA,"VEHICULAR, PEATONAL",6,6,2,"1,3,4",N/A,"21,23,34",N/A,NO,0,N/A,1117
-74.10083758,4.72996440999998,4160,676,1551,AK 104 X CL 129,SUBA,C900,SENCILLA,SI,2008/01/24 00:00:00+00,NORMAL,BT-TA,DEFINITIVA,"VEHICULAR, PEATONAL",9,9,4,"1,2,3,5,92",N/A,"22,23,31,33",N/A,NO,0,"Brechas, Fases por demanda",1117
-74.0999342,4.735850169,4161,671,1552,AK 104 X AC 132,SUBA,C900,SENCILLA,SI,2002/08/22 00:00:00+00,NORMAL,BT-TA,DEFINITIVA,"VEHICULAR, PEATONAL",10,10,5,"1,2,3,4,5,6",N/A,"22,23,24,31",N/A,NO,0,"Brechas, Fases por demanda",1117
-74.09905492,4.71430099299999,4162,662,1553,KR 94G X AC 90,ENGATIVA,ACTROS,SENCILLA,SI,2002/08/15 00:00:00+00,NORMAL,RP-TF,DEFINITIVA,"VEHICULAR, PEATONAL",6,6,3,"1,3,4",N/A,"21,23,34",N/A,NO,0,N/A,1111
-74.10040441,4.73271051099999,4163,1122,1554,AK 104 X CL 130C,SUBA,C900,SENCILLA,SI,2008/12/18 00:00:00+00,NORMAL,BT-TF,DEFINITIVA,"VEHICULAR, PEATONAL",12,12,3,"1,2,2A,4,6,14",N/A,"21,22A,24,32,32A,214",N/A,NO,0,N/A,1117
-74.08641053,4.68526850000001,4164,575,1555,KR 69H X CL 75,ENGATIVA,NO,DOBLE,NO,2000/09/14 00:00:00+00,NORMAL,BT-TF,DEFINITIVA,"VEHICULAR, PEATONAL",4,8,2,"2,13",N/A,"22,213",N/A,NO,0,N/A,1309
-74.08692397,4.68592019900001,4165,579,1555,KR 69K X CL 75,ENGATIVA,ACTROS,DOBLE,SI,2000/09/14 00:00:00+00,NORMAL,BT-TF,DEFINITIVA,"VEHICULAR, PEATONAL",4,8,2,"1,3",N/A,"21,23",N/A,NO,0,N/A,1309
-74.08550107,4.685995924,4166,568,1556,KR 69H X CL 77,ENGATIVA,NO,DOBLE,NO,2004/07/17 00:00:00+00,NORMAL,BT-TF,DEFINITIVA,"VEHICULAR, PEATONAL",4,8,2,"2,4",N/A,"22,24",N/A,NO,0,N/A,1309
-74.0860099,4.68664303499997,4167,573,1556,KR 69K X CL 77,ENGATIVA,ACTROS,DOBLE,SI,2004/07/17 00:00:00+00,NORMAL,BT-TF,DEFINITIVA,"VEHICULAR, PEATONAL",4,8,2,"1,14",N/A,"21,214",N/A,NO,0,N/A,1309
-74.11062854,4.70840640500001,4168,729,1624,CABECERA PORTAL 80 X AC 80,ENGATIVA,C900,SENCILLA,SI,2000/12/27 00:00:00+00,NORMAL,CA-TF,DEFINITIVA,"VEHICULAR, PEATONAL",13,13,3,"3A,4A","1B,2B,3B,4B,7B,91B,94B,291B","21,22,32",N/A,NO,0,"Conteo, Brechas, Fases por demanda",1136
-74.03527946,4.718829927,4169,23,1625,KR 11 X CL 140,USAQUEN,C900,SENCILLA,SI,1993/05/11 00:00:00+00,NORMAL,CA-TA,DEFINITIVA,"VEHICULAR, PEATONAL",8,8,3,"1,2,3,4",N/A,"21,22,23,24",N/A,NO,0,"Conteo, Brechas, Cola - Siguiente Intersección",1203
-74.08637283,4.73824043000002,4170,1412,1626,KR 94 X AC 145,SUBA,C900,SENCILLA,SI,2014/12/18 00:00:00+00,NORMAL,CA-TA,DEFINITIVA,"VEHICULAR, PEATONAL",5,5,2,"3,92",N/A,292,"793, 7292",NO,0,"Conteo, Brechas, Activación de sonoro",1101
-74.04493685,4.73161976599999,4171,1355,1627,AK 19 X CL 150,USAQUEN,ACTROS,SENCILLA,SI,2015/08/01 00:00:00+00,NORMAL,CA-TA,DEFINITIVA,"VEHICULAR, PEATONAL, CICLISTA",18,18,2,"1,2,3,4,792",N/A,"21,22,23,24,31,32","721, 722, 724, 731, 732",41.42,0,"Conteo, Activación de sonoro",1201
-74.03989919,4.72077029100001,4172,32,1628,KR 13 X CL 140,USAQUEN,C900,SENCILLA,SI,1993/05/11 00:00:00+00,NORMAL,CA-TA,DEFINITIVA,"VEHICULAR, PEATONAL",7,7,3,"1,3,4",N/A,"21,23,24,31",N/A,NO,0,"Conteo, Brechas",1203
-74.03758745,4.719791939,4173,27,1629,KR 12 X CL 140,USAQUEN,C900,SENCILLA,SI,2006/11/08 00:00:00+00,NORMAL,CA-TA,DEFINITIVA,"VEHICULAR, PEATONAL",8,8,3,"1,2,3,4",N/A,"21,22,23,24",N/A,NO,0,"Conteo, Brechas",1203
-74.03907644,4.72276248999998,4174,29,1630,KR 13 X CL 142,USAQUEN,C900,SENCILLA,SI,1998/04/04 00:00:00+00,NORMAL,R-TA,DEFINITIVA,"VEHICULAR, PEATONAL",5,5,2,"1,3,4",N/A,"21,23",N/A,NO,0,"Conteo, Brechas, Cola",1203
-74.04591611,4.72588092500001,4175,1353,1631,AK 19 X CL 144,USAQUEN,ACTROS,DOBLE,SI,2015/08/01 00:00:00+00,NORMAL,CA-TA,DEFINITIVA,"VEHICULAR, PEATONAL, CICLISTA",12,30,2,"2,4,3A,11",N/A,"22,23A,24,211,32,311",validar,42.411,0,Conteo,1201
-74.04579594,4.72672821999998,4176,1354,1631,AK 19 X CL 145,USAQUEN,NO,DOBLE,NO,2015/08/01 00:00:00+00,NORMAL,CA-TA,DEFINITIVA,"VEHICULAR, PEATONAL, CICLISTA",18,30,2,"1,3,4A,12,7912",N/A,"21,212,23,24A,31,312","721,731,7212,724A,7312",41.412,0,"Conteo, Activación de sonoro",1201
-74.0510744,4.70207867900001,4177,111,1633,KR 20 X CL 122,USAQUEN,ACTROS,SENCILLA,SI,1993/12/03 00:00:00+00,NORMAL,RP-TA,DEFINITIVA,"VEHICULAR, PEATONAL",8,8,3,"1,2,3,4",N/A,"21,22,23,24",N/A,NO,0,"Brechas, Cola, Cola - Siguiente Intersección",1211
-74.05060963,4.70480222899999,4178,108,1634,KR 20 X CL 125,USAQUEN,C900,SENCILLA,SI,1998/04/20 00:00:00+00,NORMAL,RP-TF,DEFINITIVA,"VEHICULAR, PEATONAL",6,6,3,"1,2,3,4",N/A,"21,23",N/A,NO,0,N/A,1211
-74.04145308,4.72140831600001,4179,38,1635,AK 15 X CL 140,USAQUEN,C900,SENCILLA,SI,1993/05/11 00:00:00+00,NORMAL,CA-TA,DEFINITIVA,"VEHICULAR, PEATONAL",12,12,2,"1,2,3,4,13,14",N/A,"21,22,23,24,31,32",N/A,NO,0,"Conteo, Brechas",1203
-74.04133729,4.72366912400003,4180,37,1636,AK 15 X CL 142,USAQUEN,C900,SENCILLA,SI,1998/04/01 00:00:00+00,NORMAL,R-TA,DEFINITIVA,"VEHICULAR, PEATONAL",12,12,2,"1,2,3,4,13,14",N/A,"21,22,23,24,31,32",N/A,NO,0,"Conteo, Brechas",1203
-74.04320819,4.71632478700002,4181,49,1637,AK 15 X AC 134,USAQUEN,C900,SENCILLA,SI,2000/08/15 00:00:00+00,NORMAL,RP-TF,DEFINITIVA,"VEHICULAR, PEATONAL",8,8,3,"1,2,3,4,11,14",N/A,"21,32 (Reg)",N/A,NO,0,Cola - Siguiente Intersección,1201
-74.06438249,4.72818069700003,4182,259,1648,AK 58 X AC 138,SUBA,ACTROS,SENCILLA,SI,1993/09/16 00:00:00+00,NORMAL,CA-TA,DEFINITIVA,"VEHICULAR, PEATONAL",11,11,4,"1,2,3,4,5,6,92",N/A,"22,23,24,31",N/A,NO,0,"Brechas, Fases por demanda vehicular",1125
-74.06274411,4.73317065399999,4183,1179,1649,AK 58 X AC 147,SUBA,ACTROS,SENCILLA,SI,2010/01/19 00:00:00+00,NORMAL,RP-TA,DEFINITIVA,"VEHICULAR, PEATONAL",7,7,3,"1,2,3,11,12",N/A,"22,211",N/A,NO,0,"Conteo, Brechas",1137
-74.06355414,4.73067474499999,4184,1343,1650,AK 58 X CL 145,SUBA,ACTROS,SENCILLA,SI,2014/07/22 00:00:00+00,NORMAL,R-TA,DEFINITIVA,"VEHICULAR, PEATONAL",8,8,3,"1,2,4,6",N/A,"21,24,32,34",N/A,NO,0,Brechas,1125
-74.05991919,4.73606103600002,4185,1292,1652,KR 56 X CL 152,SUBA,ACTROS,DOBLE,SI,2012/12/26 00:00:00+00,NORMAL,R-TA,DEFINITIVA,"VEHICULAR, PEATONAL",11,19,4,"1,2A,4,13",N/A,"21,22A,24,213,31,34,313",N/A,NO,0,N/A,1137
-74.06212821,4.73635158000002,4186,1338,1652,AK 58 X CL 152,SUBA,NO,DOBLE,NO,2016/03/16 00:00:00+00,NORMAL,R-TA,DEFINITIVA,"VEHICULAR, PEATONAL",8,19,5,"1A,2,3,14",N/A,"23,21A,214,33",N/A,NO,0,"Brechas, Fases por demanda vehicular, Fases por demanda peatonal",1137
-74.05953939,4.74026086100002,4187,1392,1653,KR 56 X AC 153,SUBA,C900,SENCILLA,SI,2014/07/08 00:00:00+00,PMT,BT-TF,DEFINITIVA,"VEHICULAR, PEATONAL",15,15,3,"1,2,3,4,6",N/A,"21,22,23",N/A,NO,0,"Conteo, Brechas, Fases por demanda, Congestión",1104
-74.05448209,4.73900675300001,4188,1403,1654,KR 54 X AC 153,SUBA,C900,DOBLE,SI,2014/11/25 00:00:00+00,PMT,BT-TF,DEFINITIVA,"VEHICULAR, PEATONAL",6,10,2,"1,3,14",N/A,23,N/A,"41, 42",0,N/A,1104
-74.0519718,4.738429962,4189,1402,1654,KR 50 X AC 153,SUBA,NO,DOBLE,NO,2014/10/30 00:00:00+00,PMT,BT-TF,DEFINITIVA,"VEHICULAR, PEATONAL",4,10,2,"2,4,13",N/A,22,N/A,NO,0,N/A,1104
-74.06084724,4.66027655900001,4190,204,1768,AK 15 X CL 73,CHAPINERO,C900,DOBLE,SI,1994/11/12 00:00:00+00,PMT,BT-TF,DEFINITIVA,"VEHICULAR, PEATONAL",3,3,2,"2,4",N/A,24,N/A,NO,0,N/A,1913
-74.05747672,4.65904801599999,4191,166,1770,AK 11 X CL 74,CHAPINERO,ACTROS,SENCILLA,SI,1994/11/13 00:00:00+00,NORMAL,CA-TA,DEFINITIVA,"VEHICULAR, PEATONAL, CICLISTA",12,12,3,"1,3",N/A,"21,23,31,34","721, 723, 731, 734","41, 42",0,"Conteo, Brechas, Activación de sonoro",1910
-74.07870061,4.71177337199998,4192,528,1774,AK 72 X CL 127A,SUBA,C900,SENCILLA,SI,1998/04/20 00:00:00+00,PMT,BT-TF,DEFINITIVA,"VEHICULAR, PEATONAL",6,6,2,"1,2,94",N/A,"21, 22, 294",N/A,NO,0,N/A,1108
-74.06003477,4.669497079,4193,192,1775,AK 20 X CL 82,BARRIOS UNIDOS,C900,SENCILLA,SI,2001/11/08 00:00:00+00,NORMAL,CA-TA,DEFINITIVA,"VEHICULAR, PEATONAL",7,7,3,"2,2A,5,92A","1B,2B",35,N/A,NO,0,"Conteo, Brechas, Fases por demanda, Cola - Siguiente Intersección",1916
-74.05981495,4.65566773199998,4194,189,1776,AK 11 X CL 70A,CHAPINERO,ACTROS,DOBLE,SI,1993/12/07 00:00:00+00,NORMAL,CA-TA,DEFINITIVA,"VEHICULAR, PEATONAL",9,18,3,"1,3",N/A,"21,23,31,33","721, 723, 733",NO,0,"Conteo, Brechas, Activación de sonoro",1910
-74.06023979,4.65504020399999,4195,193,1776,AK 11 X CL 70,CHAPINERO,NO,DOBLE,NO,1993/12/07 00:00:00+00,NORMAL,CA-TA,DEFINITIVA,"VEHICULAR, PEATONAL",9,18,3,"4,11",N/A,"24,34,211,311","724, 734, 7311",NO,0,"Conteo, Brechas, Activación de sonoro",1910
-74.04542218,4.67860886900002,4196,62,1801,AK 11 X CL 95,CHAPINERO,ACTROS,SENCILLA,SI,1994/10/30 00:00:00+00,NORMAL,CA-TA,DEFINITIVA,"VEHICULAR, PEATONAL",7,7,3,"1,1A,2,4",N/A,"21,24,34",N/A,NO,0,"Conteo, Brechas, Fases por demanda, Fases por demanda peatonal",1904
-74.04617642,4.724115584,4197,68,1802,AK 19 X CL 142,USAQUEN,ACTROS,SENCILLA,SI,1993/12/06 00:00:00+00,NORMAL,CA-TA,DEFINITIVA,"VEHICULAR, PEATONAL, CICLISTA",12,12,3,"1,2,3,4",N/A,"21,22,23,24,31,32",N/A,41.42,0,"Conteo, Brechas",1201
-74.05324003,4.65320924100001,4198,133,1803,KR 4 X CL 71,CHAPINERO,NO,DOBLE,NO,2004/09/15 00:00:00+00,NORMAL,CA-TA,DEFINITIVA,"VEHICULAR, PEATONAL",8,17,3,"1,8,14,93",N/A,"21,214,293,314",N/A,NO,0,Conteo,1909
-74.05393816,4.65367691699998,4199,140,1803,KR 5 X AC 72,CHAPINERO,ACTROS,DOBLE,SI,1999/12/15 00:00:00+00,NORMAL,CA-TA,DEFINITIVA,"VEHICULAR, PEATONAL",9,17,3,"2,2A,4,12,94",N/A,"22,22A,24,294",N/A,NO,0,"Conteo, Cola - Siguiente Intersección",1909
-74.04963343,4.65465343699998,4200,97,1804,AK 1 X DG 76,CHAPINERO,ACTROS,SENCILLA,SI,2005/07/19 00:00:00+00,NORMAL,CA-TA,DEFINITIVA,"VEHICULAR, PEATONAL",9,9,4,"1,2,3,7,92",N/A,"21,23,32,33",N/A,NO,0,"Conteo, Brechas, Fases por demanda, Fases por demanda peatonal",1911
-74.05246012,4.65727886899998,4201,121,1805,KR 5 X CL 75,CHAPINERO,ACTROS,SENCILLA,SI,2000/08/09 00:00:00+00,NORMAL,RP-TA,DEFINITIVA,"VEHICULAR, PEATONAL",4,4,2,"1,4",N/A,"21,24",N/A,NO,0,Brechas,1908
-74.04887458,4.656203898,4202,90,1806,AK 1 X CL 76A,CHAPINERO,ACTROS,SENCILLA,SI,2005/07/19 00:00:00+00,NORMAL,CA-TA,DEFINITIVA,"VEHICULAR, PEATONAL",7,7,2,"1,2,4",N/A,"21,24,32,34",N/A,NO,0,"Conteo, Brechas, Fases por demanda, Fases por demanda peatonal",1911
-74.05228901,4.65555412100002,4203,119,1807,KR 4 X CL 74,CHAPINERO,NO,DOBLE,NO,2003/12/24 00:00:00+00,NORMAL,RP-TA,DEFINITIVA,"VEHICULAR, PEATONAL",4,8,2,"2,13",N/A,"22,213",N/A,NO,0,Brechas,1908
-74.05303744,4.65595901,4204,129,1807,KR 5 X CL 74,CHAPINERO,ACTROS,DOBLE,SI,2003/12/24 00:00:00+00,NORMAL,RP-TA,DEFINITIVA,"VEHICULAR, PEATONAL",4,8,2,"1,3",N/A,"21,23",N/A,NO,0,Brechas,1908
-74.04710285,4.66194931899997,4205,78,1808,AK 1 X CL 83,CHAPINERO,ACTROS,SENCILLA,SI,2006/09/15 00:00:00+00,NORMAL,CA-TA,DEFINITIVA,"VEHICULAR, PEATONAL",7,7,4,"1,2,4,5",N/A,"21,24,32",N/A,NO,0,"Conteo, Brechas, Fases por demanda, Cola - Siguiente Intersección, Fases por demanda peatonal",1901
-74.05096592,4.64871926500001,4206,91,1809,AK 2 ESTE X TV 1 ESTE,CHAPINERO,ACTROS,SENCILLA,SI,2006/09/13 00:00:00+00,NORMAL,BT-TA,DEFINITIVA,"VEHICULAR, PEATONAL",4,4,2,"1,2,3",N/A,23,N/A,NO,0,"Brechas, Fases por demanda",2902
-74.02613971,4.72278299599998,4207,7,1837,AK 7 X AC 147,USAQUEN,C900,SENCILLA,SI,1993/05/13 00:00:00+00,NORMAL,CA-TA,DEFINITIVA,"VEHICULAR, PEATONAL",8,8,3,"1,2,3,6",N/A,"21,22,23,33",N/A,NO,0,"Brechas, Fases por demanda",1218
-74.04753759,4.76555432100002,4208,1283,1863,KR 54D X CL 187,SUBA,C900,SENCILLA,SI,2012/12/13 00:00:00+00,NORMAL,BT-TF,DEFINITIVA,"VEHICULAR, PEATONAL",8,8,4,"1,2,3,4,8",N/A,"21,22,23",N/A,NO,0,N/A,1124
-74.06206602,4.66218475800002,4209,220,1864,KR 20A X CL 74,BARRIOS UNIDOS,C900,SENCILLA,SI,1993/05/13 00:00:00+00,Desvío - PMT,BT-TF,DEFINITIVA,"VEHICULAR, PEATONAL",5,5,3,"2,3",N/A,"22,23,32",N/A,NO,0,N/A,1913
-74.04744491,4.76123841399999,4210,1398,1865,KR 50B X AC 183,SUBA,ACTROS,SENCILLA,SI,2014/10/16 00:00:00+00,NORMAL,BT-TA,DEFINITIVA,"VEHICULAR, PEATONAL",10,10,3,"2,3,4,93",N/A,"22,24,33","722, 724, 733",NO,0,Activación de sonoro,1124
-74.11994326,4.70674364799999,4211,1509,1870,KR 105A X AC 72,ENGATIVA,ACTROS,DOBLE,SI,2019/06/23 00:00:00+00,NORMAL,BT-TA,DEFINITIVA,"VEHICULAR, PEATONAL",8,16,3,"1,2A,4,13",N/A,"21,24,22A,313",N/A,NO,0,Brechas,1313
-74.12061988,4.70731138100001,4212,1511,1870,KR 105F X AC 72,ENGATIVA,NO,DOBLE,NO,2019/06/23 00:00:00+00,NORMAL,BT-TA,DEFINITIVA,"VEHICULAR, PEATONAL",8,16,3,"1A,2,3,14",N/A,"21A,22,23,314",N/A,NO,0,Brechas,1313
-74.10487644,4.70827625300001,4213,704,1871,TV 94 X CL 82,ENGATIVA,C900,SENCILLA,SI,2007/12/28 00:00:00+00,NORMAL,RP-TA,DEFINITIVA,"VEHICULAR, PEATONAL",6,6,3,"2,94",N/A,"22,294","722, 7294",NO,0,"Brechas, Activación de sonoro",1136
-74.09773222,4.71307255699998,4214,652,1872,KR 91 X AC 90,ENGATIVA,ACTROS,SENCILLA,SI,1993/09/30 00:00:00+00,NORMAL,RP-TF,DEFINITIVA,"VEHICULAR, PEATONAL",12,12,3,"1,2,3,4,91",N/A,"21,22,23,24,32,33,291",N/A,NO,0,Fases por demanda,1111
-74.08470746,4.74261712999999,4215,564,1874,KR 92 X CL 147B BIS,SUBA,ACTROS,SENCILLA,SI,1995/01/29 00:00:00+00,NORMAL,BT-TA,DEFINITIVA,"VEHICULAR, PEATONAL",9,9,3,"1,3,4",N/A,"21,23,24","721, 723, 724",NO,0,"Brechas, Fases por demanda, Fases por demanda peatonal sonoro",1118
-74.11831646,4.70536265999999,4216,766,1875,KR 103 X AC 72,ENGATIVA,NO,DOBLE,NO,1998/09/05 00:00:00+00,NORMAL,BT-TA,DEFINITIVA,"VEHICULAR, PEATONAL",7,12,3,"1,4,7,13",N/A,"21,34,213",N/A,NO,0,Brechas,1313
-74.11897928,4.70593270900002,4217,768,1875,AK 104 X AC 72,ENGATIVA,ACTROS,DOBLE,SI,1998/09/05 00:00:00+00,NORMAL,BT-TA,DEFINITIVA,"VEHICULAR, PEATONAL",5,12,2,"1A,3,14",N/A,"23,314",N/A,NO,0,"Brechas, Cola - Siguiente Intersección",1313
-74.09626224,4.74654257700001,4218,643,1876,AK 104 X AC 145,SUBA,C900,SENCILLA,SI,1998/06/02 00:00:00+00,NORMAL,CA-TA,DEFINITIVA,"VEHICULAR, PEATONAL",24,24,3,"1,2,3,4,7,8,13,14,91,92,93,94",N/A,"21,22,31,32,213,214,291,292,293,294,313,314",N/A,NO,0,"Conteo, Brechas, Cola",1101
-74.05801371,4.75392253699999,4219,167,1877,AK 58 X CL 169B,SUBA,NO,TRIPLE,NO,2006/10/12 00:00:00+00,NORMAL,BT-TA,DEFINITIVA,"VEHICULAR, PEATONAL",10,19,3,"3,8,13A,92,113A",N/A,"23,28,38,213A,292",N/A,NO,0,"Brechas, Fases por demanda",1123
-74.05948163,4.75418001200001,4220,183,1877,KR 62 X CL 169B,SUBA,C900,TRIPLE,SI,2006/10/12 00:00:00+00,NORMAL,BT-TA,DEFINITIVA,"VEHICULAR, PEATONAL",7,19,4,"2,18,3A,4",N/A,"22,23A,34",N/A,NO,0,"Brechas, Fases por demanda",1123
-74.05806581,4.75436224999999,4221,1133,1877,AK 58 X CL 170,SUBA,NO,TRIPLE,NO,2006/10/12 00:00:00+00,NORMAL,BT-TA,DEFINITIVA,EXCLUSIVA PEATONAL,2,19,2,4A,N/A,24A (Exc),N/A,NO,0,N/A,1123
-74.05976684,4.70773783700002,4222,190,1878,KR 51A X AC 127,SUBA,C900,SENCILLA,SI,2002/02/15 00:00:00+00,NORMAL,BT-TF,DEFINITIVA,"VEHICULAR, PEATONAL",6,6,4,"1,3,4",N/A,"21,23,24",N/A,NO,0,N/A,1127
-74.10018161,4.74882964300002,4223,673,1879,KR 111 X AC 145,SUBA,C900,SENCILLA,SI,2007/10/25 00:00:00+00,NORMAL,CA-TA,DEFINITIVA,EXCLUSIVA PEATONAL,6,6,2,"3,4",N/A,"23,24 (Exc)",724,NO,0,Fases por demanda peatonal sonoro,1101
-74.09366621,4.744591668,4224,639,1880,KR 102B BIS X AC 145,SUBA,C900,SENCILLA,SI,2006/04/28 00:00:00+00,NORMAL,CA-TA,DEFINITIVA,"VEHICULAR, PEATONAL",10,10,2,"3,4A,5",94B,"23,25,34","723, 725, 734",NO,0,"Brechas, Cola - Siguiente Intersección, Activación de sonoro",1101
-74.09497114,4.74895264899999,4225,640,1881,AK 104 X ENTRADA PORTAL SUBA,SUBA,C900,SENCILLA,SI,2006/04/28 00:00:00+00,NORMAL,RP-TA,DEFINITIVA,"VEHICULAR, PEATONAL",7,7,3,"1,2,5","4,94","24,35",N/A,NO,0,"Brechas, Fases por demanda, Cola - Siguiente Intersección",1101
-74.04451754,4.74669210399998,4226,57,1606,KR 21 X CL 166,USAQUEN,C900,SENCILLA,SI,2006/09/05 00:00:00+00,NORMAL,BT-TF,DEFINITIVA,"VEHICULAR, PEATONAL",6,6,3,"1,3,4",N/A,"21,23,31",N/A,NO,0,N/A,1207
-74.06147185,4.75006824000002,4227,211,1607,KR 62 X CL 167,SUBA,C900,SENCILLA,SI,2004/03/04 00:00:00+00,NORMAL,BT-TF,DEFINITIVA,"VEHICULAR, PEATONAL",6,6,4,"1,2,3,4",N/A,"22,23",N/A,NO,0,N/A,1121
-74.07734176,4.75900320900001,4228,508,1608,KR 92 X AC 170,SUBA,ACTROS,DOBLE,SI,2004/03/17 00:00:00+00,NORMAL,CA-TA,DEFINITIVA,"VEHICULAR, PEATONAL",5,10,3,"1,4,12",N/A,"21,24",N/A,NO,0,"Brechas, Fases por demanda",1130
-74.07750994,4.75855140599998,4229,1308,1608,KR 92 X CL 169B,SUBA,NO,DOBLE,NO,2012/12/19 00:00:00+00,NORMAL,CA-TA,DEFINITIVA,"VEHICULAR, PEATONAL",5,10,3,"2,5,11",N/A,"22,35",N/A,NO,0,"Brechas, Fases por demanda",1130
-74.04980731,4.68088756700001,4230,98,1609,AK 15 X CL 95,CHAPINERO,C900,SENCILLA,SI,1980/10/29 00:00:00+00,NORMAL,CA-TA,DEFINITIVA,"VEHICULAR, PEATONAL",4,4,2,"2,4",N/A,"22,24",N/A,NO,0,"Conteo, Brechas, Cola - Siguiente Intersección",1904
-74.04116093,4.729349754,4231,36,1610,AK 15 X AC 147,USAQUEN,C900,SENCILLA,SI,1998/06/09 00:00:00+00,NORMAL,BT-TA,DEFINITIVA,"VEHICULAR, PEATONAL",12,12,4,"1,2,3,4,13,14",N/A,"22,23,24,31,313,314",N/A,NO,0,"Brechas, Fases por demanda",1216
-74.07455747,4.728040663,4232,1123,1612,TV 76 X CL 136,SUBA,C900,SENCILLA,SI,2007/12/21 00:00:00+00,NORMAL,BT-TA,DEFINITIVA,"VEHICULAR, PEATONAL",4,4,2,"2,94",N/A,"24,294",N/A,NO,0,"Brechas, Fases por demanda",1120
-74.08161032,4.73552305499999,4233,1124,1613,AC 145 X CL 137,SUBA,C900,SENCILLA,SI,2007/12/28 00:00:00+00,NORMAL,BT-TF,DEFINITIVA,EXCLUSIVA VEHICULAR,2,2,2,"1,4",N/A,N/A,N/A,NO,0,N/A,1131
-74.04464723,4.73289166799998,4234,60,1614,AK 19 X CL 151,USAQUEN,ACTROS,SENCILLA,SI,1998/06/09 00:00:00+00,NORMAL,CA-TA,DEFINITIVA,"VEHICULAR, PEATONAL",7,7,3,"1,2,4,5",N/A,"21,24,32",N/A,NO,0,"Conteo, Brechas, Fases por demanda",1201
-74.04532259,4.729681411,4235,61,1615,AK 19 X AC 147,USAQUEN,ACTROS,DOBLE,SI,1989/10/01 00:00:00+00,PMT,CA-TA,DEFINITIVA,"VEHICULAR, PEATONAL, CICLISTA",15,27,3,"1,12,3,4A,8",N/A,"21,212,23,24A,31,312,33,34A",N/A,"41,412",0,"Conteo, Brechas",1201
-74.04553191,4.72843810199998,4236,1622,1615,AK 19 X AC 146,USAQUEN,NO,DOBLE,NO,2019/01/10 00:00:00+00,Desvío - PMT,CA-TA,DEFINITIVA,"VEHICULAR, PEATONAL, CICLISTA",12,27,3,"11,2,3A,4",N/A,"211,22,23A,24,311,32",N/A,"42,411",0,"Conteo, Brechas",1201
-74.04377956,4.73660227800002,4237,54,1616,AK 19 X AC 153,USAQUEN,C900,SENCILLA,SI,2004/08/19 00:00:00+00,PMT,CA-TA,DEFINITIVA,"VEHICULAR, PEATONAL, CICLISTA",24,24,4,"1,2,3,4,8,93",N/A,"21,22,23,24,31,32,33,34","721, 722, 723, 724, 731, 732, 733, 734","41,42",0,"Conteo, Brechas",1201
-74.0400381,4.74004378000001,4238,33,1617,KR 16C X AC 161,USAQUEN,ACTROS,SENCILLA,SI,2000/08/15 00:00:00+00,NORMAL,RP-TA,DEFINITIVA,"VEHICULAR, PEATONAL",8,8,3,"1,2,3,4",N/A,"21,22,24,33",N/A,NO,0,"Brechas, Fases por demanda, Cola - Siguiente Intersección, Fases por demanda peatonal",1201
-74.04568577,4.74134913900002,4239,64,1618,KR 21 X AC 161,USAQUEN,ACTROS,SENCILLA,SI,2001/05/21 00:00:00+00,NORMAL,RP-TA,DEFINITIVA,"VEHICULAR, PEATONAL, CICLISTA",9,9,3,"1,3,4",N/A,"21,22,23,34",N/A,"43,44",0,"Conteo, Brechas, Fases por demanda",1201
-74.04299992,4.75046295700002,4240,44,1619,KR 20 X AC 170,USAQUEN,C900,SENCILLA,SI,2000/07/13 00:00:00+00,NORMAL,CA-TA,DEFINITIVA,"VEHICULAR, PEATONAL, CICLISTA",8,8,2,"2,3,4",N/A,"22,24,33",N/A,"43,44",0,"Conteo, Brechas",1202
-74.0444455,4.73373106600002,4241,58,1620,AK 19 X CL 152,USAQUEN,ACTROS,SENCILLA,SI,2001/07/02 00:00:00+00,NORMAL,CA-TA,DEFINITIVA,"VEHICULAR, PEATONAL, CICLISTA",13,13,4,"1,2,3,6",N/A,"21,22,23,31,32",722,"41,42",0,"Conteo, Brechas, Cola, Cola - Siguiente Intersección, Fases por demanda peatonal sonoro",1201
-74.11515778,4.71321322199998,4242,752,1621,AK 104 X AC 80,ENGATIVA,C900,SENCILLA,SI,1993/12/29 00:00:00+00,NORMAL,CA-TA,DEFINITIVA,"VEHICULAR, PEATONAL",18,18,5,"1,2,3A,4A,91,92, 94","3B,4B","21,22, 24A, 24B, 32,291, 292, 33A, 33B",N/A,NO,0,"Conteo, Brechas, Fases por demanda, Cola - Siguiente Intersección",1136
-74.116732,4.71547743299999,4243,757,1622,KR 107 X AC 80,ENGATIVA,C900,SENCILLA,SI,1994/01/03 00:00:00+00,NORMAL,CA-TA,DEFINITIVA,"VEHICULAR, PEATONAL",12,12,4,"2,3A,3B,4A,4B,8",N/A,"22,24A,24B,33A,33B,38",N/A,NO,0,"Conteo, Brechas, Fases por demanda",1136
-74.05788849,4.73585474399999,4244,1405,1623,KR 55 X CL 152,SUBA,ACTROS,SENCILLA,SI,2015/07/08 00:00:00+00,NORMAL,RP-TF,DEFINITIVA,"VEHICULAR, PEATONAL",8,8,3,"1,2,3,4",N/A,"21,22,23,24",N/A,NO,0,N/A,1137
-74.06889216,4.61582527000002,4245,1333,2020,AK 7 X CL 29,SANTA FE,NO,TRIPLE,NO,2014/05/06 00:00:00+00,NORMAL,RP-TF,DEFINITIVA,EXCLUSIVA PEATONAL,3,14,2,112,N/A,2112 (Exc),72112,NO,0,Activación de sonoro,2807
-74.06499235,4.62048170700001,4246,265,2021,KR 5 X CL 34,SANTA FE,ACTROS,SENCILLA,SI,1997/04/25 00:00:00+00,NORMAL,BT-TA,DEFINITIVA,"VEHICULAR, PEATONAL",4,4,2,"1,3",N/A,"21,23",N/A,NO,0,Brechas,2804
-74.06102793,4.648492809,4247,1342,2022,KR 9 X AC 63,CHAPINERO,C900,SENCILLA,SI,2016/01/21 00:00:00+00,PMT,RP-TA,DEFINITIVA,"VEHICULAR, PEATONAL",8,8,2,"2,3",N/A,"22,23,293","722, 723, 7293",NO,0,Activación de sonoro,1909
-74.0704467,4.60908386099999,4248,379,2023,KR 7 X CL 23,SANTA FE,C900,SENCILLA,SI,1995/05/05 00:00:00+00,NORMAL,RP-TA,DEFINITIVA,"VEHICULAR, PEATONAL, CICLISTA",9,9,2,3,N/A,"22,23,32,33",724,41.42,0,Activación de sonoro,2708
-74.07158712,4.60534318399999,4249,401,2024,KR 7 X AC 19,SANTA FE,C900,SENCILLA,SI,1994/06/01 00:00:00+00,NORMAL,RP-TA,DEFINITIVA,"VEHICULAR, PEATONAL, CICLISTA",14,14,2,"3,4",N/A,"22,23,24,32,33,34","723, 724, 733, 734",41.42,0,Activación de sonoro,2708
-74.07229031,4.60349560499998,4250,421,2025,KR 7 X CL 17,SANTA FE,C900,DOBLE,SI,1997/04/23 00:00:00+00,NORMAL,RP-TA,DEFINITIVA,"VEHICULAR, PEATONAL, CICLISTA",9,13,2,4,N/A,"24,34,212,312",725,41.412,0,Activación de sonoro,2708
-74.07273262,4.60254251800001,4251,433,2025,KR 7 X CL 16,SANTA FE,NO,DOBLE,NO,1997/04/23 00:00:00+00,NORMAL,RP-TA,DEFINITIVA,"PEATONAL, CICLISTA",4,13,2,N/A,N/A,"22,32 (Exc)",N/A,42.411,0,N/A,2708
-74.07148604,4.64027112500003,4252,397,2026,KR 20 X CL 52,TEUSAQUILLO,NO,DOBLE,NO,2004/10/29 00:00:00+00,NORMAL,RP-TF,DEFINITIVA,"VEHICULAR, PEATONAL",5,10,2,"13,2A",N/A,"213,313,22A",N/A,NO,0,N/A,2811
-74.07216121,4.64039515100001,4253,414,2026,KR 21 X CL 52,TEUSAQUILLO,ACTROS,DOBLE,SI,2000/08/11 00:00:00+00,NORMAL,RP-TF,DEFINITIVA,"VEHICULAR, PEATONAL",5,10,2,"1,2,3",N/A,"22,23",N/A,NO,0,N/A,2811
-74.0733628,4.60140769899999,4254,448,2027,KR 7 X CL 13,CANDELARIA,C900,SENCILLA,SI,1997/10/06 00:00:00+00,NORMAL,RP-TA,DEFINITIVA,"VEHICULAR, PEATONAL, CICLISTA",9,9,2,N/A,"3B,4B","22,23,24,32",723,"41,42",0,Activación de sonoro,2708
-74.07429299,4.60000671,4255,469,2028,KR 7 X CL 12B,CANDELARIA,NO,DOBLE,NO,1994/05/30 00:00:00+00,NORMAL,RP-TA,DEFINITIVA,"VEHICULAR, PEATONAL, CICLISTA",9,18,2,4,N/A,"24,34,212,312",725,"41,412",0,Activación de sonoro,2708
-74.07482624,4.59918617300002,4256,480,2028,AK 7 X CL 12,CANDELARIA,C900,DOBLE,SI,1994/05/30 00:00:00+00,NORMAL,RP-TA,DEFINITIVA,"VEHICULAR, PEATONAL, CICLISTA",9,18,2,3,N/A,"22,23,32,33",724,"42,411",0,Activación de sonoro,2708
-74.07155136,4.61078801100001,4257,400,2029,AK 10 X CL 24,SANTA FE,C900,SENCILLA,SI,1993/01/12 00:00:00+00,Desvío - PMT,R-TA,DEFINITIVA,"VEHICULAR, PEATONAL",11,11,3,"1A,2A,3","1B,2B","21,22,23,31,32,33",N/A,NO,0,"Conteo, Brechas",2708
-74.0720611,4.60988819300002,4258,413,2030,AK 10 X CL 23,SANTA FE,C900,SENCILLA,SI,1993/06/12 00:00:00+00,NORMAL,R-TF,DEFINITIVA,EXCLUSIVA PEATONAL,6,6,2,"1A,2A","1B,2B","21,22",N/A,NO,0,N/A,2708
-74.0670064,4.61377780499998,4259,304,2031,KR 5 X CL 27,SANTA FE,ACTROS,DOBLE,SI,1989/10/10 00:00:00+00,NORMAL,BT-TA,DEFINITIVA,"VEHICULAR, PEATONAL",3,6,2,"1,3",N/A,21,N/A,NO,0,Brechas,2804
-74.06722531,4.61293337699999,4260,316,2031,KR 5 X CL 26C,SANTA FE,NO,DOBLE,NO,1989/10/10 00:00:00+00,NORMAL,BT-TA,DEFINITIVA,"VEHICULAR, PEATONAL",3,6,2,"8,11",N/A,211,N/A,NO,0,Brechas,2804
-74.07384931,4.60684758299999,4261,456,2032,AK 10 X AC 19,SANTA FE,C900,SENCILLA,SI,1978/08/16 00:00:00+00,NORMAL,R-TA,DEFINITIVA,"VEHICULAR, PEATONAL",14,14,2,"1A,2A,3,4","1B,2B","21,22,23,24,31,32,33,34",N/A,NO,0,"Conteo, Brechas",2708
-74.08627763,4.61307092700002,4262,576,2033,KR 25 X CL 17,LOS MARTIRES,C900,SENCILLA,SI,1993/12/30 00:00:00+00,NORMAL,RP-TF,DEFINITIVA,"VEHICULAR, PEATONAL",15,15,3,"2,3,4",N/A,"22,23,24,32,33,34","722, 723, 724, 732, 733, 734",NO,0,Activación de sonoro,2709
-74.07484704,4.605191037,4263,479,2034,AK 10 X CL 17,SANTA FE,C900,SENCILLA,SI,1997/02/25 00:00:00+00,NORMAL,R-TF,DEFINITIVA,"VEHICULAR, PEATONAL",9,9,2,"1A,2A,4","1B,2B","21,24,32,34",N/A,NO,0,N/A,2708
-74.07665389,4.60219324799999,4264,507,2035,AK 10 X CL 13,CANDELARIA,C900,SENCILLA,SI,1996/05/28 00:00:00+00,NORMAL,R-TF,DEFINITIVA,"VEHICULAR, PEATONAL",14,14,3,"1A,2A","1B,2B,3B,4B,7B,91B","21,22,23,24,31,32",N/A,NO,0,Conteo,2708
-74.07341653,4.59941312400002,4265,1426,2036,KR 6 X CL 12B,CANDELARIA,C900,SENCILLA,SI,2015/06/14 00:00:00+00,NORMAL,RP-TF,DEFINITIVA,"VEHICULAR, PEATONAL, CICLISTA",7,7,3,"1,4",N/A,"21,24,31,34",N/A,44,0,N/A,2708
-74.07860836,4.59914489699997,4266,525,2037,AK 10 X CL 10,CANDELARIA,C900,DOBLE,SI,1993/11/08 00:00:00+00,NORMAL,R-TF,DEFINITIVA,EXCLUSIVA PEATONAL,6,12,2,"2A,11A","2B,11B","22,211 (Exc)",N/A,NO,0,Conteo,2708
-74.07811596,4.59991985099998,4267,1251,2037,AK 10 X CL 11,CANDELARIA,NO,DOBLE,NO,2012/05/25 00:00:00+00,NORMAL,R-TF,DEFINITIVA,EXCLUSIVA PEATONAL,6,12,2,"1A,12A","1B,12B","21,212 (Exc)",N/A,NO,0,Conteo,2708
-74.10576229,4.66647781299997,4268,1582,2039,AK 70 X CL 51,ENGATIVA,ACTROS,SENCILLA,SI,2020/05/13 00:00:00+00,NORMAL,RP-TA,DEFINITIVA,"VEHICULAR, PEATONAL",10,10,2,"1,2,791,93",N/A,"21,22,23","721, 722, 723",NO,0,Activación de sonoro,2302
-74.06867118,4.63877201499997,4269,336,2040,KR 16 X CL 51,TEUSAQUILLO,ACTROS,SENCILLA,SI,1990/05/12 00:00:00+00,NORMAL,RP-TF,DEFINITIVA,"VEHICULAR, PEATONAL",4,4,2,"2,4",N/A,"22,24",N/A,NO,0,N/A,2811
-74.06804195,4.63662531300002,4270,322,2041,KR 15 X CL 49,TEUSAQUILLO,NO,DOBLE,NO,1994/12/05 00:00:00+00,NORMAL,RP-TA,DEFINITIVA,"VEHICULAR, PEATONAL",4,13,2,"1,4",N/A,"21,24",N/A,NO,0,N/A,2809
-74.06903165,4.63681475300001,4271,342,2041,KR 16 X CL 49,TEUSAQUILLO,C900,DOBLE,SI,1994/12/05 00:00:00+00,NORMAL,RP-TA,DEFINITIVA,"VEHICULAR, PEATONAL",9,13,2,"2,14",N/A,"22,32,214,314","722, 7214, 7314",NO,0,Activación de sonoro,2809
-74.0700095,4.63698771899999,4272,368,2042,KR 17 X CL 49,TEUSAQUILLO,NO,DOBLE,NO,1998/06/29 00:00:00+00,NORMAL,RP-TF,DEFINITIVA,"VEHICULAR, PEATONAL",4,8,2,"2,4",N/A,"22,24",N/A,NO,0,N/A,2811
-74.07068712,4.63710303099998,4273,382,2042,KR 18 X CL 49,TEUSAQUILLO,C900,DOBLE,SI,1998/06/29 00:00:00+00,NORMAL,RP-TF,DEFINITIVA,"VEHICULAR, PEATONAL",4,8,2,"1,14",N/A,"21,214",N/A,NO,0,N/A,2811
-74.07254884,4.60908092,4274,429,2043,AK 10 X CL 22,SANTA FE,C900,DOBLE,SI,1995/04/10 00:00:00+00,NORMAL,R-TF,DEFINITIVA,"VEHICULAR, PEATONAL",11,17,2,"2A,4,1A","2B,1B","24,22A,21,31,32A,34",N/A,NO,0,N/A,2708
-74.10244306,4.74305405199999,4275,686,1882,KR 111BIS X CL 139,SUBA,ACTROS,SENCILLA,SI,2008/01/22 00:00:00+00,NORMAL,BT-TA,DEFINITIVA,"PEATONAL, CICLISTA",6,6,2,"3,4",N/A,23 (Exc),723,43.44,0,Activación de sonoro,1132
-74.10451598,4.75096665299998,4276,1235,1883,KR 115 X AC 145,SUBA,C900,SENCILLA,SI,2011/11/17 00:00:00+00,NORMAL,CA-TA,DEFINITIVA,"VEHICULAR, PEATONAL",8,8,4,"1,2,8,94",N/A,"21,22,24,33",N/A,NO,0,"Conteo, Brechas, Fases por demanda",1101
-74.11206371,4.742508681,4277,1273,1884,TV 127 X CL 132D,SUBA,ACTROS,SENCILLA,SI,2012/09/18 00:00:00+00,NORMAL,BT-TA,DEFINITIVA,"VEHICULAR, PEATONAL",10,10,5,"1,2,3,4,11,12",N/A,"21,22,23,24",N/A,NO,0,"Brechas, Fases por demanda, Fases por demanda peatonal",1132
-74.09320767,4.739774125,4278,1241,1885,KR 100 X CL 139,SUBA,ACTROS,SENCILLA,SI,2011/12/18 00:00:00+00,NORMAL,BT-TF,DEFINITIVA,"VEHICULAR, PEATONAL, CICLISTA",11,11,5,"1,2,3,4,8",N/A,"21,22,23,24",N/A,43.44,0,N/A,1116
-74.09153593,4.739211356,4279,1528,1886,KR 98B X CL 139,SUBA,ACTROS,SENCILLA,SI,2017/05/26 00:00:00+00,NORMAL,BT-TA,DEFINITIVA,"VEHICULAR, PEATONAL, CICLISTA",10,10,4,"1,3,4",N/A,"21,24","721, 724","41,43,44",0,Activación de sonoro,1116
-74.08877373,4.73834470100002,4280,1526,1887,KR 95A X CL 139,SUBA,ACTROS,SENCILLA,SI,2017/05/10 00:00:00+00,NORMAL,BT-TA,DEFINITIVA,"VEHICULAR, PEATONAL, CICLISTA",11,11,4,"2,3,4",N/A,"22,23,24","722, 723, 724","43, 44",0,Activación de sonoro,1116
-74.10657196,4.74472820599999,4281,1529,1888,KR 118_(W) X CL 139,SUBA,NO,TRIPLE,NO,2017/05/30 00:00:00+00,NORMAL,BT-TF,DEFINITIVA,"VEHICULAR, PEATONAL, CICLISTA",8,22,4,"2,3,114",N/A,"22,23,2114",N/A,43.4114,0,N/A,1132
-74.10559298,4.74429321999997,4282,1530,1888,KR 118 X CL 139,SUBA,ACTROS,TRIPLE,SI,2017/05/30 00:00:00+00,NORMAL,BT-TF,DEFINITIVA,"VEHICULAR, PEATONAL, CICLISTA",7,22,3,"1,13,14",N/A,"21,213",N/A,413.414,0,N/A,1132
-74.10526085,4.744108283,4283,1531,1888,KR 118_(E) X CL 139,SUBA,NO,TRIPLE,NO,2017/05/30 00:00:00+00,NORMAL,BT-TF,DEFINITIVA,"VEHICULAR, PEATONAL, CICLISTA",7,22,2,"2A,4,113",N/A,"22A,24",N/A,44.4113,0,N/A,1132
-74.10770035,4.74511154200002,4284,1532,1889,KR 126A X CL 139,SUBA,ACTROS,SENCILLA,SI,2017/05/26 00:00:00+00,NORMAL,BT-TA,DEFINITIVA,"VEHICULAR, PEATONAL, CICLISTA",8,8,3,"3, 4",N/A,"24, 393","724, 7393","43, 44",0,Activación de sonoro,1132
-74.06052401,4.75651341399998,4285,1572,1991,KR 65 X CL 170,SUBA,C900,SENCILLA,SI,2018/10/19 00:00:00+00,NORMAL,BT-TA,DEFINITIVA,EXCLUSIVA PEATONAL,6,6,2,"3,4",N/A,"23,24 (Exc)",724,NO,0,Activación de sonoro,1123
-74.07747255,4.59449041099998,4286,947,2001,KR 7 X CL 7,CANDELARIA,ACTROS,DOBLE,SI,1987/05/05 00:00:00+00,NORMAL,BT-TA,DEFINITIVA,"VEHICULAR, PEATONAL",5,8,3,"12,3,4",N/A,"24,212",N/A,NO,0,N/A,3607
-74.07814572,4.59330456399999,4287,1483,2001,KR 7 X CL 6C,CANDELARIA,NO,DOBLE,NO,2016/07/28 00:00:00+00,NORMAL,BT-TA,DEFINITIVA,EXCLUSIVA PEATONAL,3,8,2,2,N/A,22 (Exc),722,NO,0,Activación de sonoro,3607
-74.15843009,4.68577997300002,4288,889,2002,KR 120 X DG 16,FONTIBON,C900,SENCILLA,SI,1994/12/25 00:00:00+00,NORMAL,CA-TA,DEFINITIVA,"VEHICULAR, PEATONAL",10,10,5,"3,4,4A,7,14,14A",N/A,"23,24,24A,37",N/A,NO,0,"Conteo, Brechas",2402
-74.13647818,4.67207747200001,4289,823,2003,KR 96C X AC 22,FONTIBON,C900,SENCILLA,SI,1993/12/20 00:00:00+00,NORMAL,BT-TA,DEFINITIVA,"VEHICULAR, PEATONAL",10,10,3,"1,2,3,4",N/A,"21,22,23,24,33,34",N/A,NO,0,Brechas,2433
-74.07422159,4.59389754300003,4290,944,2004,KR 4 X CL 7,CANDELARIA,ACTROS,SENCILLA,SI,1998/09/05 00:00:00+00,NORMAL,BT-TF,DEFINITIVA,"VEHICULAR, PEATONAL",7,7,3,"1,3,4,8",N/A,"21,24,33",N/A,NO,0,N/A,3607
-74.07098443,4.60265746900001,4291,390,2005,KR 5 X CL 17,SANTA FE,C900,SENCILLA,SI,1998/06/30 00:00:00+00,NORMAL,RP-TF,DEFINITIVA,"VEHICULAR, PEATONAL",4,4,2,"1,4",N/A,"21,24",N/A,NO,0,N/A,2708
-74.07319537,4.604092487,4292,443,2006,KR 8 X CL 17,SANTA FE,NO,DOBLE,NO,1998/06/30 00:00:00+00,NORMAL,RP-TF,DEFINITIVA,"VEHICULAR, PEATONAL",4,8,2,"1,4",N/A,"21,24",N/A,NO,0,N/A,2708
-74.07405408,4.60467518299998,4293,465,2006,KR 9 X CL 17,SANTA FE,C900,DOBLE,SI,1998/06/30 00:00:00+00,NORMAL,RP-TF,DEFINITIVA,"VEHICULAR, PEATONAL",4,8,2,"2,14",N/A,"22,214",N/A,NO,0,N/A,2708
-74.07530905,4.59411694400001,4294,945,2007,KR 5 X CL 7,CANDELARIA,ACTROS,DOBLE,SI,1998/09/05 00:00:00+00,NORMAL,BT-TF,DEFINITIVA,"VEHICULAR, PEATONAL",8,17,3,"2,4,7,13",N/A,"22,24,34,213",N/A,NO,0,N/A,3607
-74.07630704,4.59443021599998,4295,946,2007,KR 6 X CL 7,CANDELARIA,NO,DOBLE,NO,1998/09/05 00:00:00+00,NORMAL,BT-TF,DEFINITIVA,"VEHICULAR, PEATONAL",9,17,4,"1,3,14",N/A,"21,23,31,33,214,314",N/A,NO,0,N/A,3607
-74.07463057,4.60369608100001,4296,1359,2008,KR 9 X CL 16,SANTA FE,C900,DOBLE,SI,2015/01/06 00:00:00+00,NORMAL,RP-TA,DEFINITIVA,EXCLUSIVA PEATONAL,3,6,2,2,N/A,22 (Exc),722,NO,0,Activación de sonoro,2708
-74.07372885,4.60313689899999,4297,1362,2008,KR 8 X CL 16,SANTA FE,NO,DOBLE,NO,2015/01/06 00:00:00+00,NORMAL,RP-TA,DEFINITIVA,EXCLUSIVA PEATONAL,3,6,2,1,N/A,21 (Exc),721,NO,0,Activación de sonoro,2708
-74.15415924,4.65075174999998,4298,764,2009,AK 89 X CL 8,KENNEDY,C900,SENCILLA,SI,2023/02/22 00:00:00+00,NORMAL,BT-TF,DEFINITIVA,"VEHICULAR, PEATONAL, CICLISTA",8,8,2,"1,2",N/A,"21,22",PROYECTADOS,"41,42",0,Activación de sonoro,2437
-74.07027248,4.59209730100002,4299,942,2010,KR 3 ESTE X CL 9,CANDELARIA,NO,DOBLE,NO,2004/10/07 00:00:00+00,NORMAL,BT-TF,DEFINITIVA,"VEHICULAR, PEATONAL",7,14,3,"1,4,6,12",N/A,"21,24,312",N/A,NO,0,N/A,3607
-74.07042392,4.5917905,4300,943,2010,KR 3 ESTE X CL 7,CANDELARIA,ACTROS,DOBLE,SI,2004/10/07 00:00:00+00,NORMAL,BT-TF,DEFINITIVA,"VEHICULAR, PEATONAL",7,14,3,"2,3,11,911",N/A,"22,23,3911",N/A,NO,0,N/A,3607
-74.0577687,4.64556889900001,4301,1463,2011,KR 3B X CL 62,CHAPINERO,ACTROS,SENCILLA,SI,2017/07/25 00:00:00+00,NORMAL,BT-TF,DEFINITIVA,"VEHICULAR, PEATONAL",4,4,2,"3,5",N/A,"23,25",N/A,NO,0,N/A,2803
-74.05975955,4.64787091400001,4302,188,2012,AK 7 X AC 63,CHAPINERO,C900,SENCILLA,SI,1998/05/14 00:00:00+00,NORMAL,CA-TA,DEFINITIVA,"VEHICULAR, PEATONAL",8,8,3,"1,2,2A,7,93",N/A,"22,23,31",N/A,NO,0,"Conteo, Brechas, Cola - Siguiente Intersección",1909
-74.06126529,4.64536031300003,4303,208,2013,AK 7 X CL 60,CHAPINERO,NO,DOBLE,NO,1986/06/03 00:00:00+00,NORMAL,RP-TF,DEFINITIVA,"VEHICULAR, PEATONAL, CICLISTA",10,19,2,"1,6,12,12A,91",N/A,"21,36,212,291",N/A,412,0,N/A,2810
-74.06160904,4.64430156700001,4304,216,2013,AK 7 X CL 59,CHAPINERO,C900,DOBLE,SI,1986/06/03 00:00:00+00,NORMAL,RP-TF,DEFINITIVA,"VEHICULAR, PEATONAL",9,19,2,"2,2A,4,11,64",N/A,"22,24,34,311",N/A,NO,0,N/A,2810
-74.06289994,4.63948428499998,4305,238,2014,AK 7 X AC 53,CHAPINERO,C900,DOBLE,SI,1980/01/13 00:00:00+00,NORMAL,R-TA,DEFINITIVA,"VEHICULAR, PEATONAL",11,21,3,"1,2,2A,4,7,13",N/A,"22,24,31,34,213",N/A,NO,0,"Conteo, Brechas",2810
-74.06362856,4.63968017600001,4306,249,2014,KR 9 X AC 53,CHAPINERO,NO,DOBLE,NO,1980/01/13 00:00:00+00,NORMAL,R-TA,DEFINITIVA,"VEHICULAR, PEATONAL",10,21,2,"2B,3,14,792B",N/A,"22B,33,214","722B,733,7214",NO,0,"Conteo, Brechas, Cola, Activación de sonoro",2810
-74.06390166,4.63261798899998,4307,251,2015,AK 7 X CL 46,CHAPINERO,C900,SENCILLA,SI,1980/10/13 00:00:00+00,NORMAL,RP-TF,DEFINITIVA,"VEHICULAR, PEATONAL",6,6,2,"1,2,2A,4",N/A,"21,24",N/A,NO,0,N/A,2810
-74.0642189,4.63142987999998,4308,256,2016,AK 7 X AC 45,CHAPINERO,C900,SENCILLA,SI,1998/02/17 00:00:00+00,NORMAL,CA-TA,DEFINITIVA,"VEHICULAR, PEATONAL",8,8,2,"1,2,2A,3",N/A,"22,23,33,391",N/A,NO,0,"Conteo, Brechas, Cola",2810
-74.06579894,4.62580627199998,4309,280,2017,AK 7 X DG 40A,SANTA FE,C900,SENCILLA,SI,1998/04/01 00:00:00+00,NORMAL,CA-TA,DEFINITIVA,"VEHICULAR, PEATONAL",14,14,3,"1,2,2A,3,4,11,12,12A",N/A,"21,22,23,24,311,312",N/A,NO,0,N/A,2807
-74.06638806,4.62331337699999,4310,292,2018,AK 7 X CL 36,SANTA FE,C900,SENCILLA,SI,1993/08/30 00:00:00+00,NORMAL,RP-TF,DEFINITIVA,"VEHICULAR, PEATONAL, CICLISTA",8,8,2,"1,2,3",N/A,"22,23,31,33",N/A,41,0,N/A,2807
-74.06708444,4.62140516300002,4311,307,2019,AK 7 X CL 34,SANTA FE,C900,DOBLE,SI,1998/06/12 00:00:00+00,NORMAL,CA-TA,DEFINITIVA,"VEHICULAR, PEATONAL",7,12,3,"1,3,12,94",N/A,"31,212,294",N/A,NO,0,"Conteo, Brechas, Fases por demanda vehicular",2807
-74.0678172,4.61975428800002,4312,1295,2019,AK 7 X CL 33,SANTA FE,NO,DOBLE,NO,2013/02/07 00:00:00+00,NORMAL,CA-TA,DEFINITIVA,"VEHICULAR, PEATONAL, CICLISTA",5,12,3,"2,11",N/A,22 (Exc),N/A,42.411,0,Brechas,2807
-74.06912782,4.61516764200002,4313,352,2020,AK 7 X CL 28,SANTA FE,C900,TRIPLE,SI,1993/08/30 00:00:00+00,NORMAL,RP-TF,DEFINITIVA,"VEHICULAR, PEATONAL",7,14,3,"12,94,912",N/A,"212,294","7212, 7294",NO,0,Activación de sonoro,2807
-74.06948415,4.613983942,4314,357,2020,AK 10 Y KR 7 X CL 27,SANTA FE,NO,TRIPLE,NO,1993/08/30 00:00:00+00,NORMAL,RP-TF,DEFINITIVA,EXCLUSIVA PEATONAL,4,14,2,"2,2A",N/A,"22,22A (Exc)",N/A,NO,0,N/A,2807
-74.06761128,4.62509890000001,4315,317,2060,KR 13 X CL 37,SANTA FE,C900,SENCILLA,SI,1993/09/09 00:00:00+00,NORMAL,RP-TF,DEFINITIVA,"VEHICULAR, PEATONAL",4,4,2,"1,4",N/A,"21,24",N/A,NO,0,N/A,2807
-74.06814181,4.62197057700001,4316,325,2061,KR 13 X CL 34,SANTA FE,NO,DOBLE,NO,1998/01/05 00:00:00+00,NORMAL,CA-TA,DEFINITIVA,"VEHICULAR, PEATONAL",6,12,2,"1,3",N/A,"21,23",722,NO,0,"Conteo, Brechas, Activación de sonoro",2807
-74.06842752,4.62028189900002,4317,332,2061,KR 13 X CL 33,SANTA FE,C900,DOBLE,SI,1998/01/05 00:00:00+00,NORMAL,CA-TA,DEFINITIVA,"VEHICULAR, PEATONAL",6,12,2,"4,11,61",N/A,"24,34,211",N/A,NO,0,Brechas,2807
-74.0684832,4.61735485000003,4318,339,2062,AK 7 X CL 31,SANTA FE,C900,DOBLE,SI,1993/09/09 00:00:00+00,NORMAL,RP-TF,DEFINITIVA,EXCLUSIVA PEATONAL,2,12,2,2,N/A,22,N/A,NO,0,N/A,2807
-74.06877551,4.61769222100003,4319,344,2062,AK 7 Y KR 13 X CL 32,SANTA FE,NO,DOBLE,NO,1993/09/09 00:00:00+00,NORMAL,RP-TF,DEFINITIVA,"VEHICULAR, PEATONAL",10,12,2,"1,1A,4,93",N/A,"21,21A,24,293,31,34",N/A,NO,0,N/A,2807
-74.149234,4.65438499999999,4320,838,2063,AK 89 X CL 11,KENNEDY,C900,SENCILLA,SI,2023/08/14 00:00:00+00,NORMAL,BT-TF,DEFINITIVA,"VEHICULAR, PEATONAL, CICLISTA",8,8,2,"1,2",N/A,"21,22","721, 722 ( Desconectados)","41, 42",0,N/A,2437
-74.07257892,4.611327684,4321,427,2064,KR 13 X CL 24,SANTA FE,NO,DOBLE,NO,1993/12/06 00:00:00+00,NORMAL,RP-TF,DEFINITIVA,"VEHICULAR, PEATONAL",5,9,3,"1,3",N/A,"21,23,31",N/A,NO,0,N/A,2708
-74.07324797,4.610495974,4322,442,2064,KR 13 X CL 23,SANTA FE,C900,DOBLE,SI,1993/12/06 00:00:00+00,NORMAL,RP-TF,DEFINITIVA,"VEHICULAR, PEATONAL",4,9,2,"3A,11",N/A,"23A,211",N/A,NO,0,N/A,2708
-74.07379939,4.60981773100002,4323,455,2065,KR 13 X CL 22,SANTA FE,C900,DOBLE,SI,1995/04/10 00:00:00+00,PMT,RP-TF,DEFINITIVA,"VEHICULAR, PEATONAL",6,10,3,"1,4A,8",N/A,"21,24A,31",N/A,NO,0,N/A,2708
-74.07467371,4.60878898599998,4324,478,2065,KR 13 X CL 20,SANTA FE,NO,DOBLE,NO,1995/04/10 00:00:00+00,PMT,RP-TF,DEFINITIVA,"VEHICULAR, PEATONAL",3,10,3,"4,11,93",N/A,211,N/A,NO,0,N/A,2708
-74.147244,4.655821,4325,877,2066,AK 89 X CL 12,KENNEDY,C900,SENCILLA,SI,2024/04/10 00:00:00+00,NORMAL,BT-TF,DEFINITIVA,"VEHICULAR, PEATONAL",11,11,4,"1,5,8,92,93",N/A,"28,292,31,392","728, 7392 (Desconectados)",NO,0,N/A,2437
-74.07531171,4.60799497300002,4326,485,2067,KR 13 X AC 19,SANTA FE,C900,SENCILLA,SI,1997/03/02 00:00:00+00,NORMAL,RP-TF,DEFINITIVA,"VEHICULAR, PEATONAL",7,7,2,"1,3,4",N/A,"21,23,31,34",N/A,NO,0,N/A,2708
-74.07654146,4.60632585299999,4327,506,2068,KR 13 X CL 17,SANTA FE,C900,SENCILLA,SI,1994/12/05 00:00:00+00,NORMAL,RP-TF,DEFINITIVA,"VEHICULAR, PEATONAL",4,4,2,"1,4",N/A,"21,24",N/A,NO,0,N/A,2708
-74.12767213,4.63809601200001,4328,1762,2069,CL 11 X TV 71 B,KENNEDY,C900,SENCILLA,SI,2022/09/12 00:00:00+00,NORMAL,BT-TF,DEFINITIVA,"VEHICULAR, PEATONAL, CICLISTA",17,17,4,"2, 3, 4, 93",N/A,"22, 23, 24, 33, 34","722, 723, 724, 733, 734  Desconectados","43, 44",0,N/A,2418
-74.07830303,4.60243311699998,4329,521,2070,KR 12 X AV JIMÉNEZ (CL 13),SANTA FE,NO,DOBLE,NO,1993/03/09 00:00:00+00,NORMAL,RP-TF,DEFINITIVA,EXCLUSIVA PEATONAL,5,8,2,7,"3B,4B","23,24 (Exc)",N/A,NO,0,N/A,2708
-74.07894893,4.60316339000002,4330,530,2070,KR 13 X AV JIMÉNEZ (CL 13),SANTA FE,C900,DOBLE,SI,1993/03/09 00:00:00+00,NORMAL,RP-TF,DEFINITIVA,EXCLUSIVA PEATONAL,3,8,2,"5,91",N/A,21 (Exc),N/A,NO,0,N/A,2708
-74.12353763,4.63572096600001,4331,1275,2071,KR 68D X CL 11,KENNEDY,C900,SENCILLA,SI,2022/09/12 00:00:00+00,NORMAL,BT-TF,DEFINITIVA,"VEHICULAR, PEATONAL",23,23,4,"1,2,2A,3,4,7,91,792,793",N/A," 21, 22, 23, 24, 22A, 32, 34","721,722,723,724,722A,732,734 DESCONECTADOS",NO,0,Activación de sonoro,2418
-74.1229282,4.63745115400002,4332,1370,2072,KR 68D X CL 12A,KENNEDY,C900,SENCILLA,SI,2022/09/12 00:00:00+00,NORMAL,BT-TA,DEFINITIVA,"VEHICULAR, PEATONAL, CICLISTA",8,8,2,"1, 2",N/A,"21, 22","721, 722","41, 42",0,Activación de sonoro,2418
-74.06463748,4.649588838,4333,261,2074,AK 14 X AC 63,BARRIOS UNIDOS,C900,SENCILLA,SI,1997/04/09 00:00:00+00,PMT,BT-TF,DEFINITIVA,"VEHICULAR, PEATONAL",6,6,2,3,"1B,2B","22,23,31",N/A,NO,0,"Conteo, Brechas",1913
-74.06508037,4.64711706000003,4334,270,2075,AK 14 X CL 60,TEUSAQUILLO,C900,SENCILLA,SI,1986/05/12 00:00:00+00,PMT,BT-TF,DEFINITIVA,"VEHICULAR, PEATONAL",6,6,2,4,"1B,2B","21,24,32",N/A,NO,0,"Conteo, Brechas",2809
-74.07749264,4.60698562099998,4335,518,2090,AK 14 X CL 17,SANTA FE,ACTROS,SENCILLA,SI,1995/03/23 00:00:00+00,PMT,R-TF,DEFINITIVA,"VEHICULAR, PEATONAL",8,8,2,"1A,2A,4","1B,2B","21,24,32",N/A,NO,0,N/A,2708
-74.07870389,4.60525109600002,4336,526,2091,AK 14 X CL 15,SANTA FE,ACTROS,SENCILLA,SI,1995/01/31 00:00:00+00,PMT,R-TF,DEFINITIVA,"VEHICULAR, PEATONAL",11,11,2,"1A,2A,3","1B,2B","21,22,23,31,32,33",N/A,NO,0,N/A,2708
-74.07985932,4.60365922699998,4337,535,2092,AK 14 X AC 13,SANTA FE,ACTROS,SENCILLA,SI,2001/01/15 00:00:00+00,PMT,R-TA,DEFINITIVA,"VEHICULAR, PEATONAL",22,22,4,"1A,2A,3A,4A,61A,64A","1B,2B,3B,4B,5B,7B,91B,,94B","21,22,23,24,31,32,33,34",N/A,NO,0,"Conteo, Brechas, Fases por demanda, Cola - Siguiente Intersección",2708
-74.08103012,4.60201377999999,4338,543,2093,AK 14 X CL 11,SANTA FE,ACTROS,SENCILLA,SI,1995/04/05 00:00:00+00,PMT,R-TF,DEFINITIVA,"VEHICULAR, PEATONAL",8,8,2,"1A,2A,94","1B,2B","21,22,294",N/A,NO,0,N/A,2708
-74.08165622,4.60112280099997,4339,544,2094,AK 14 X CL 10,SANTA FE,ACTROS,SENCILLA,SI,2001/01/15 00:00:00+00,PMT,R-TF,DEFINITIVA,"VEHICULAR, PEATONAL",12,12,2,"1A,2A,3,4","1B,2B","21,22,23,24,31,32",N/A,NO,0,N/A,2708
-74.11285904,4.63688357699999,4340,1623,2095,KR 65 X CL 17,PUENTE ARANDA,C900,SENCILLA,SI,2023/03/16 00:00:00+00,PMT,BT-TF,PROVISIONAL_PMT,"VEHICULAR, PEATONAL",8,8,3,"1,2,3,4",N/A,"21,22,23,34",N/A,NO,0,N/A,2408
-74.08467629,4.59703361599998,4341,563,2096,AK 14 X AC 6,SANTA FE,ACTROS,SENCILLA,SI,2000/12/19 00:00:00+00,PMT,BT-TF,DEFINITIVA,"VEHICULAR, PEATONAL",25,25,4,"1A,2A,3A,4A,11A,93A","1B,2B,3B,4B,6B,7B,11B,91B,93B","21,22,23,24,31,32,33,34,293",N/A,NO,0,N/A,2743
-74.12936635,4.65824785900003,4342,1702,2097,AK 80 X CL 19A,FONTIBON,C900,SENCILLA,SI,2020/12/11 00:00:00+00,NORMAL,BT-TA,DEFINITIVA,"VEHICULAR, PEATONAL",16,16,2,"1,2,3,4",N/A,"21,22,23,24,33,34","721, 722, 723, 724, 733, 734",NO,0,Fases por demanda peatonal sonoro,2434
-74.118813,4.62410999999997,4343,1763,2099,KR 60 X CL 4D,PUENTE ARANDA,C900,SENCILLA,SI,2024/11/01 00:00:00+00,NORMAL,BT-TF,DEFINITIVA,"VEHICULAR, PEATONAL",6,6,3,"2,4",N/A,"22,24,32,34",N/A,NO,0,N/A,3508
-74.0688905,4.60352343400001,4344,340,2100,KR 4 X AC 19,SANTA FE,C900,SENCILLA,SI,1997/02/26 00:00:00+00,NORMAL,RP-TA,DEFINITIVA,"VEHICULAR, PEATONAL",15,15,3,"1,3,4",N/A,"21,23,24,31,33,34","721, 723, 724, 731, 733, 734",NO,0,Activación de sonoro,2708
-74.07020446,4.60444600599999,4345,375,2101,KR 5 X AC 19,SANTA FE,C900,SENCILLA,SI,1997/01/03 00:00:00+00,NORMAL,RP-TF,DEFINITIVA,"VEHICULAR, PEATONAL",8,8,4,"1,3,4,8",N/A,"21,23,31,34",N/A,NO,0,N/A,2708
-74.07226647,4.605773,4346,419,2102,KR 8 X AC 19,SANTA FE,C900,DOBLE,SI,1995/04/10 00:00:00+00,NORMAL,RP-TA,DEFINITIVA,"VEHICULAR, PEATONAL",5,13,2,"1,4,13",N/A,"34,213",N/A,NO,0,N/A,2708
-74.07310837,4.60634321800001,4347,440,2102,KR 9 X AC 19,SANTA FE,NO,DOBLE,NO,1995/04/10 00:00:00+00,NORMAL,RP-TA,DEFINITIVA,"VEHICULAR, PEATONAL",8,13,3,"2,3,7,14",N/A,"22,32,33,214",N/A,NO,0,"Brechas, Fases por demanda",2708
-74.08582301,4.616155107,4348,570,2103,AK 27 X AC 19,LOS MARTIRES,C900,SENCILLA,SI,1993/09/16 00:00:00+00,NORMAL,CA-TA,DEFINITIVA,"VEHICULAR, PEATONAL",11,11,3,"1,2,3,4,6",N/A,"21,22,23,31,32,34",N/A,NO,0,"Conteo, Brechas, Cola, Fases por demanda",2701
-74.07907646,4.61064158300002,4349,532,2104,KR 17 X AC 19,LOS MARTIRES,C900,SENCILLA,SI,2005/06/20 00:00:00+00,NORMAL,RP-TF,DEFINITIVA,"VEHICULAR, PEATONAL",12,12,4,"1,2,3,4,7,8",N/A,"21,22,23,24,33,34 (Reg)",N/A,NO,0,N/A,2708
-74.08366624,4.61436403300002,4350,558,2105,KR 22 X AC 19,LOS MARTIRES,C900,SENCILLA,SI,1996/03/15 00:00:00+00,NORMAL,CA-TA,DEFINITIVA,"VEHICULAR, PEATONAL",12,12,4,"1,2,3,4,7,8",N/A,"21,22,24,31,32,33",N/A,NO,0,"Conteo, Brechas, Fases por demanda",2701
-74.0648119,4.59794003399998,4351,1462,2106,KR 5A Este X Instituto Roosevelt / U Distrital,SANTA FE,ACTROS,SENCILLA,SI,2016/08/20 00:00:00+00,NORMAL,BT-TA,DEFINITIVA,EXCLUSIVA PEATONAL,3,3,2,1,N/A,21 (Exc),721,NO,0,Fases por demanda peatonal,2704
-74.0649896,4.61276829000002,4352,1396,2107,KR 3 X CL 26C,SANTA FE,ACTROS,SENCILLA,SI,2014/08/02 00:00:00+00,NORMAL,BT-TF,DEFINITIVA,EXCLUSIVA PEATONAL,3,3,2,2,N/A,22,722,NO,0,Fases por demanda peatonal sonoro,2805
-74.06685723,4.60550776000002,4353,302,2108,KR 3 X CL 22,SANTA FE,C900,SENCILLA,SI,1996/04/24 00:00:00+00,NORMAL,RP-TF,DEFINITIVA,"VEHICULAR, PEATONAL",13,13,3,"1A,2A,4,64","1B,2B","21,22,24,31,32,34,54",N/A,NO,0,N/A,2708
-74.06564877,4.644044173,4354,275,2076,AK 14 X AC 57,TEUSAQUILLO,C900,SENCILLA,SI,1997/06/12 00:00:00+00,PMT,BT-TF,DEFINITIVA,"VEHICULAR, PEATONAL",13,13,2,"2A,3,4,791A","1B,2B","22,23,24,31","722, 723, 731",NO,0,"Conteo, Brechas, Fases por demanda peatonal sonoro",2809
-74.06602275,4.64187045,4355,284,2077,AK 14 X CL 54A,TEUSAQUILLO,NO,TRIPLE,NO,2000/12/28 00:00:00+00,PMT,R-TA,DEFINITIVA,EXCLUSIVA PEATONAL,5,22,2,1A,"1B,12B","21,212",N/A,NO,0,N/A,2809
-74.06628875,4.64036914399998,4356,290,2077,AK 14 X AC 53,TEUSAQUILLO,C900,TRIPLE,SI,2000/12/28 00:00:00+00,PMT,R-TA,DEFINITIVA,"VEHICULAR, PEATONAL",10,22,2,"2A,13,4","2B,11B","24,211,213,32,313",N/A,NO,0,"Conteo, Brechas, Cola - Siguiente Intersección, Activación de sonoro",2809
-74.067336,4.640512,4357,1835,2077,KR 15 X AC 53,TEUSAQUILLO,NO,TRIPLE,NO,2024/07/04 00:00:00+00,PMT,R-TA,PROVISIONAL_PMT,"VEHICULAR, PEATONAL",7,22,2,"1C,3,14",N/A,"21C,23,31C,314",N/A,NO,0,N/A,2809
-74.06697745,4.63642762000001,4358,305,2078,AK 14 X CL 49,TEUSAQUILLO,C900,SENCILLA,SI,1987/04/24 00:00:00+00,PMT,R-TF,DEFINITIVA,"VEHICULAR, PEATONAL",7,7,2,4,"1B,2B","21,24,32,34",N/A,NO,0,N/A,2809
-74.06768514,4.63250875699998,4359,321,2079,AK 14 X AC 45,TEUSAQUILLO,C900,DOBLE,SI,1997/04/10 00:00:00+00,PMT,R-TF,DEFINITIVA,"VEHICULAR, PEATONAL",11,18,2,"4,13,92","1B,2B","22,24,213,31,313,34",N/A,NO,0,"Conteo, Brechas, Cola - Siguiente Intersección",2809
-74.068728,4.63266199999998,4360,1837,2079,KR 15 X CL 45,TEUSAQUILLO,NO,DOBLE,NO,2024/07/05 00:00:00+00,PMT,R-TF,PROVISIONAL_PMT,"VEHICULAR, PEATONAL",7,18,2,"1C,3,14",N/A,"21C,23,31C,314",N/A,NO,0,N/A,2809
-74.06851211,4.627916336,4361,334,2080,AK 14 X DG 40A,SANTA FE,C900,SENCILLA,SI,1997/05/01 00:00:00+00,PMT,R-TA,DEFINITIVA,"VEHICULAR, PEATONAL, CICLISTA",18,18,2,"1A,2A,3,4","1B,2B","21,22,23,24,31,32,33,34","722,731","43, 44",0," Brechas, Activación de sonoro, fases por demanda peatonal sonoro",2807
-74.06944049,4.62274040800003,4362,356,2081,AK 14 X AC 34,SANTA FE,C900,SENCILLA,SI,1998/01/06 00:00:00+00,PMT,BT-TF,DEFINITIVA,"VEHICULAR, PEATONAL",8,8,2,"2A,3","1B,2B","22,23,31,33",N/A,NO,0,"Conteo, Brechas, Cola - Siguiente Intersección",2813
-74.0702386,4.62031452899998,4363,374,2082,AK 14 X AC 32,SANTA FE,C900,DOBLE,SI,2005/06/06 00:00:00+00,PMT,BT-TA,DEFINITIVA,"VEHICULAR, PEATONAL",10,23,2,"3,14","1B,2B","21,23,214,32",N/A,"43,414",0,Activación de sonoro,2813
-74.06958742,4.619665473,4364,1180,2082,KR 13A X CL 32,SANTA FE,NO,DOBLE,NO,2010/03/01 00:00:00+00,PMT,BT-TA,DEFINITIVA,"VEHICULAR, PEATONAL",13,23,3,"1C,4,13",N/A,"21C,24,31C,213","721C,724,731C,7213","44,413",0,"Activación de sonoro, Fases por demanda peatonal sonoro",2813
-74.0717033,4.61757736700002,4365,405,2083,AK 14 X DG 30,SANTA FE,C900,SENCILLA,SI,2001/01/15 00:00:00+00,PMT,R-TA,DEFINITIVA,"VEHICULAR, PEATONAL",11,11,2,"1A,2A,4","1B,2B","21,24,32,34","724, 734 Desconectados",NO,0,Brechas,2807
-74.07425928,4.61258797599999,4366,468,2084,AK 14 X CL 24,SANTA FE,ACTROS,SENCILLA,SI,2001/01/15 00:00:00+00,PMT,R-TF,DEFINITIVA,"VEHICULAR, PEATONAL",6,6,2,"2A,3","1B,2B","22,31",N/A,NO,0,N/A,2708
-74.06887674,4.62585268999999,4367,343,2085,AK 14 X CL 37,SANTA FE,C900,SENCILLA,SI,2000/12/15 00:00:00+00,PMT,BT-TF,DEFINITIVA,"VEHICULAR, PEATONAL",5,5,2,"1A,2A","1B,2B","21,22",N/A,NO,0,N/A,2813
-74.07522595,4.61064725599999,4368,487,2086,AK 14 X CL 22,SANTA FE,ACTROS,SENCILLA,SI,1993/12/01 00:00:00+00,NORMAL,R-TF,DEFINITIVA,"VEHICULAR, PEATONAL",9,9,2,"1A,2A,4","1B,2B","21,24,32,34",N/A,NO,0,N/A,2708
-74.07627105,4.60870436200003,4369,501,2088,AK 14 X AC 19,SANTA FE,ACTROS,SENCILLA,SI,1978/08/29 00:00:00+00,PMT,R-TF,DEFINITIVA,"VEHICULAR, PEATONAL",12,12,2,"1A,2A,3,4","1B,2B","21,22,23,31,32,34",N/A,NO,0,"Conteo, Brechas, Cola - Siguiente Intersección",2708
-74.06133416,4.60282014400002,4370,210,2089,CL 22 X FUNICULAR,CANDELARIA,NO,DOBLE,NO,1989/05/16 00:00:00+00,NORMAL,BT-TA,DEFINITIVA,"VEHICULAR, PEATONAL",9,15,3,"4,5,13,91",N/A,"25,34,213",N/A,NO,0,Fases por demanda peatonal sonoro,2704
-74.06233801,4.60329467899999,4371,225,2089,KR 1 ESTE X CL 22,CANDELARIA,ACTROS,DOBLE,SI,1989/05/16 00:00:00+00,NORMAL,BT-TA,DEFINITIVA,"VEHICULAR, PEATONAL",6,15,2,"3,3A,8,14",N/A,"23A,214","734, 7213",NO,0,N/A,2704
-74.0729743,4.60933257599999,4372,438,2043,KR 12 X CL 22,SANTA FE,NO,DOBLE,NO,1995/04/10 00:00:00+00,NORMAL,R-TF,DEFINITIVA,"VEHICULAR, PEATONAL",6,17,3,"2,14",N/A,"22,214,32,314",N/A,NO,0,N/A,2708
-74.07446222,4.60731868699997,4373,475,2044,KR 12 X AC 19,SANTA FE,C900,SENCILLA,SI,1997/05/23 00:00:00+00,NORMAL,RP-TF,DEFINITIVA,"VEHICULAR, PEATONAL",7,7,3,"2,3,4",N/A,"22,23,32,34",N/A,NO,0,N/A,2708
-74.07949567,4.595386099,4374,949,2045,KR 9 X CL 7,CANDELARIA,ACTROS,SENCILLA,SI,1995/04/10 00:00:00+00,NORMAL,BT-TA,DEFINITIVA,"VEHICULAR, PEATONAL",9,9,3,"1,3,4",N/A,"21,23,24,31,33,34",N/A,NO,0,Fases por demanda vehicular,3607
-74.151134,4.652963,4375,769,2046,AK 89 X CL 10,KENNEDY,C900,SENCILLA,SI,2023/08/15 00:00:00+00,NORMAL,BT-TF,DEFINITIVA,"VEHICULAR, PEATONAL, CICLISTA",18,18,2,"1,2,3,4",N/A,"21,22,23,24,31,32","721, 722, 723, 724, 731, 732","41, 42",0,Activación de sonoro,2437
-74.06784141,4.606169034,4376,1521,2047,KR 4 X CL 22,SANTA FE,C900,SENCILLA,SI,2017/05/11 00:00:00+00,NORMAL,RP-TF,DEFINITIVA,"VEHICULAR, PEATONAL",9,9,3,"1,4",N/A,"21,24,31,34","721, 724, 734",NO,0,Activación de sonoro,2708
-74.07274932,4.63743660799997,4377,431,2048,KR 21 X CL 49,TEUSAQUILLO,C900,SENCILLA,SI,1998/06/28 00:00:00+00,NORMAL,RP-TF,DEFINITIVA,"VEHICULAR, PEATONAL",7,7,2,"1,2,4",N/A,"21,24,24A,32",N/A,NO,0,N/A,2811
-74.06234689,4.63560194299998,4378,224,2049,TV 3 X CL 49,CHAPINERO,ACTROS,DOBLE,SI,2003/12/12 00:00:00+00,NORMAL,RP-TF,DEFINITIVA,"VEHICULAR, PEATONAL",3,3,3,"1,4",N/A,31,N/A,NO,0,N/A,2810
-74.06200576,4.63645288599997,4379,1508,2049,TV 3 X CL 51,CHAPINERO,NO,DOBLE,NO,2021/06/17 00:00:00+00,NORMAL,RP-TF,DEFINITIVA,"VEHICULAR, PEATONAL",7,12,4,"1,3,4A",N/A,"21, 23, 24A, 31",N/A,NO,0,N/A,2810
-74.06542555,4.63814953500003,4380,1279,2050,KR 13 X CL 51,CHAPINERO,ACTROS,SENCILLA,SI,2012/10/31 00:00:00+00,NORMAL,RP-TA,DEFINITIVA,"VEHICULAR, PEATONAL",9,9,3,"1,4,91",N/A,"21,24,34","721, 724, 734",NO,0,"Conteo, Brechas, Activación de sonoro",2809
-74.06353364,4.649431596,4381,244,2051,KR 13 X AC 63,CHAPINERO,ACTROS,SENCILLA,SI,1997/04/05 00:00:00+00,PMT,BT-TF,DEFINITIVA,"VEHICULAR, PEATONAL",6,6,3,"1,3,5",N/A,"21,23,33",N/A,NO,0,N/A,1913
-74.06398025,4.64679215899997,4382,252,2052,KR 13 X CL 60,CHAPINERO,ACTROS,SENCILLA,SI,1993/07/03 00:00:00+00,NORMAL,RP-TF,DEFINITIVA,"VEHICULAR, PEATONAL",4,4,2,"1,4",N/A,"21,24",N/A,NO,0,N/A,2809
-74.06223761,4.64593823799999,4383,222,2053,KR 9 X CL 60,CHAPINERO,C900,SENCILLA,SI,2004/10/22 00:00:00+00,NORMAL,RP-TF,DEFINITIVA,"VEHICULAR, PEATONAL",4,4,2,"2,4",N/A,"22,24",N/A,NO,0,N/A,2810
-74.0644631,4.64389470499998,4384,260,2054,KR 13 X CL 57,CHAPINERO,ACTROS,SENCILLA,SI,1993/07/02 00:00:00+00,NORMAL,RP-TF,DEFINITIVA,"VEHICULAR, PEATONAL",6,6,3,"1,3,4",N/A,"21,23,24",N/A,NO,0,N/A,2809
-74.06508574,4.64017506900001,4385,267,2055,KR 13 X AC 53,CHAPINERO,ACTROS,SENCILLA,SI,1983/11/13 00:00:00+00,NORMAL,R-TA,DEFINITIVA,"VEHICULAR, PEATONAL",10,10,3,"1,3,4,91",N/A,"21,23,24,33",722,NO,0,"Conteo, Brechas, Activación de sonoro",2809
-74.06558198,4.63719399199999,4386,274,2056,KR 13 X CL 50,CHAPINERO,NO,DOBLE,NO,1993/03/08 00:00:00+00,NORMAL,RP-TF,DEFINITIVA,"VEHICULAR, PEATONAL",4,8,2,"1,3",N/A,"21,23",N/A,NO,0,N/A,2809
-74.06572995,4.63623186500001,4387,279,2056,KR 13 X CL 49,CHAPINERO,ACTROS,DOBLE,SI,1993/03/08 00:00:00+00,NORMAL,RP-TF,DEFINITIVA,"VEHICULAR, PEATONAL",4,8,2,"4,11",N/A,"24,211",N/A,NO,0,N/A,2809
-74.06607418,4.634205447,4388,286,2057,KR 13 X CL 47,CHAPINERO,ACTROS,DOBLE,SI,1987/09/09 00:00:00+00,NORMAL,RP-TA,DEFINITIVA,"VEHICULAR, PEATONAL",4,10,2,"1,4A",N/A,"21,24A",N/A,NO,0,"Brechas, Fases por demanda",2809
-74.06626715,4.63311596900002,4389,291,2057,KR 13 X CL 46,CHAPINERO,NO,DOBLE,NO,1987/09/09 00:00:00+00,NORMAL,RP-TA,DEFINITIVA,"VEHICULAR, PEATONAL",6,10,3,"4,11,93",N/A,"24,211,293",N/A,NO,0,"Brechas, Fases por demanda",2809
-74.06643042,4.632179624,4390,293,2058,KR 13 X AC 45,CHAPINERO,C900,SENCILLA,SI,1988/06/30 00:00:00+00,NORMAL,BT-TA,DEFINITIVA,"VEHICULAR, PEATONAL",15,15,3,"1,3,4",N/A,"21,23,24,31,33,34","721, 723, 724, 731, 733, 734",NO,0,"Conteo, Brechas, Cola - Siguiente Intersección, Activación de sonoro",2809
-74.06724845,4.62721647199999,4391,310,2059,KR 13 X DG 40A,SANTA FE,C900,SENCILLA,SI,1979/07/16 00:00:00+00,NORMAL,CA-TA,DEFINITIVA,"VEHICULAR, PEATONAL, CICLISTA",12,12,4,"1,3,4,8",N/A,"21,23,24,31,33,34",N/A,"43, 44",0,Brechas,2807
-74.07265557,4.63342753699999,4392,430,2137,KR 20 X AC 45,TEUSAQUILLO,NO,DOBLE,NO,1996/06/26 00:00:00+00,NORMAL,CA-TF,DEFINITIVA,"VEHICULAR, PEATONAL",7,17,2,"2,3,14",N/A,"22,32,33,214",N/A,NO,0,"Conteo, Brechas",2811
-74.07231206,4.63121065299998,4393,418,2138,AK 19 X DG 42A,TEUSAQUILLO,C900,DOBLE,SI,1989/10/11 00:00:00+00,NORMAL,RP-TF,DEFINITIVA,"VEHICULAR, PEATONAL, CICLISTA",14,21,2,"1,3,4A,11,12,112",N/A,"21,23,24A,33,34A,212",N/A,"43, 44",0,Cola - Siguiente Intersección,2811
-74.07253343,4.63000148100002,4394,423,2138,AK 19 X CL 40,TEUSAQUILLO,NO,DOBLE,NO,2004/09/24 00:00:00+00,NORMAL,RP-TF,DEFINITIVA,"VEHICULAR, PEATONAL",7,21,3,"2,3A,4,111",N/A,"22,24,23A",N/A,NO,0,N/A,2811
-74.07293877,4.62741162700001,4395,436,2139,AK 19 X CL 39,TEUSAQUILLO,C900,DOBLE,SI,1981/07/14 00:00:00+00,NORMAL,RP-TF,DEFINITIVA,"VEHICULAR, PEATONAL",6,13,2,"1,2A,4,13",N/A,"21,32A",N/A,NO,0,N/A,2808
-74.0737366,4.62753180599998,4396,452,2139,KR 20 X CL 39,TEUSAQUILLO,NO,DOBLE,NO,1981/07/14 00:00:00+00,NORMAL,RP-TF,DEFINITIVA,"VEHICULAR, PEATONAL",7,13,3,"2,3,14",N/A,"22,23,32,214 (Reg)",N/A,NO,0,N/A,2808
-74.07369558,4.62369952699999,4397,451,2140,AK 19 X AC 34,TEUSAQUILLO,ACTROS,SENCILLA,SI,1993/07/01 00:00:00+00,NORMAL,CA-TA,DEFINITIVA,"VEHICULAR, PEATONAL",6,6,2,"1,3,4",N/A,"21,23,31",N/A,NO,0,"Conteo, Brechas",2808
-74.07428039,4.62034124199999,4398,470,2141,AK 19 X AC 32,TEUSAQUILLO,C900,SENCILLA,SI,1993/07/01 00:00:00+00,PMT,RP-TA,DEFINITIVA,"VEHICULAR, PEATONAL, CICLISTA",11,11,4,"4,5,91,92",N/A,"21,24,292,392",N/A,"41,43,44",0,N/A,2806
-74.07493208,4.61843486999999,4399,483,2142,AK 19 X AC 26,TEUSAQUILLO,C900,SENCILLA,SI,1993/01/07 00:00:00+00,PMT,R-TA,DEFINITIVA,"VEHICULAR, PEATONAL",12,12,2,"2,3A,4A,94","3B,4B, 93B","22,24,32,33,294",N/A,NO,0,"Conteo, Brechas",2806
-74.074937,4.62019792299998,4400,481,2143,KR 19B X AC 28,TEUSAQUILLO,C900,SENCILLA,SI,1993/01/01 00:00:00+00,PMT,RP-TF,DEFINITIVA,"VEHICULAR, PEATONAL, CICLISTA",10,10,2,"1,2,4,64",N/A,"22,24,31,34",N/A,"43, 44",0,N/A,2806
-74.07578291,4.61969818599999,4401,497,2144,KR 19B X AC 26,TEUSAQUILLO,C900,SENCILLA,SI,1997/04/13 00:00:00+00,PMT,CA-TA,DEFINITIVA,"VEHICULAR, PEATONAL, CICLISTA",11,11,2,"1,3A,4A","3B,4B","21,23,31,34",N/A,"41, 42",0,"Conteo, Brechas",2806
-74.07155155,4.64383212199999,4402,398,2145,KR 21 X DG 54,TEUSAQUILLO,C900,SENCILLA,SI,1998/06/30 00:00:00+00,NORMAL,RP-TF,DEFINITIVA,"VEHICULAR, PEATONAL",9,9,4,"1,2,3,4",N/A,"21,22,23,24,31",N/A,NO,0,N/A,2812
-74.07707689,4.64373999600002,4403,511,2146,KR 28 X CL 53B,TEUSAQUILLO,NO,DOBLE,NO,1994/11/11 00:00:00+00,NORMAL,R-TA,DEFINITIVA,"VEHICULAR, PEATONAL, CICLISTA",12,20,3,"3A,11",N/A,"23A,33A,211,311","723A,733A,7211,7311","43A,44",0,Activación de sonoro,2812
-74.07689922,4.64456637299998,4404,509,2146,TV 28 X CL 53B BIS,TEUSAQUILLO,C900,DOBLE,SI,1994/11/11 00:00:00+00,NORMAL,R-TA,DEFINITIVA,"VEHICULAR, PEATONAL, CICLISTA",8,20,3,"1,3",N/A,"21,23,31,33",N/A,"41, 43",0,Conteo,2812
-74.08301094,4.63005296400001,4405,555,2147,KR 33 X AC 26,TEUSAQUILLO,C900,SENCILLA,SI,1997/04/11 00:00:00+00,NORMAL,CA-TA,DEFINITIVA,"VEHICULAR, PEATONAL",20,20,3,"1,2,3A,4A,92","3B,4B,7B,91B","21,22,23A,24A,24B,31,32,33A,34A,34B,292",N/A,NO,0,"Conteo, Brechas, Fases por demanda",2301
-74.08202355,4.63069449,4406,1325,2148,KR 33 X CL 27A,TEUSAQUILLO,NO,TRIPLE,NO,2014/01/09 00:00:00+00,NORMAL,R-TA,DEFINITIVA,"VEHICULAR, PEATONAL",6,21,2,"1C,3",14,"21C,23,314",N/A,NO,0,"Conteo, Brechas",2301
-74.08165654,4.63095113499998,4407,1326,2148,KR 33 X CL 28,TEUSAQUILLO,C900,TRIPLE,SI,2014/01/09 00:00:00+00,NORMAL,R-TA,DEFINITIVA,"VEHICULAR, PEATONAL",7,21,2,"2,13",4,"22,24,32,313",N/A,NO,0,"Conteo, Brechas",2301
-74.07985732,4.631953184,4408,1327,2148,KR 33 X AK 30,TEUSAQUILLO,NO,TRIPLE,NO,2014/01/09 00:00:00+00,NORMAL,R-TA,DEFINITIVA,"VEHICULAR, PEATONAL",8,21,3,"1,1A,11A","1B,6B,93B","36B,293B",N/A,NO,0,"Conteo, Brechas, Fases por demanda, Cola - Siguiente Intersección",2301
-74.067985,4.62288999999998,4409,1794,2149,KR 13 X CL 35,SANTA FE,C900,SENCILLA,SI,2024/08/14 00:00:00+00,NORMAL,CA-TA,DEFINITIVA,"VEHICULAR, PEATONAL",6,6,2,"1,8",N/A,"21,28","721,728",NO,0,N/A,2807
-74.08514567,4.62865753300002,4410,1583,2151,KR 33 X CL 25B,TEUSAQUILLO,C900,SENCILLA,SI,2020/07/24 00:00:00+00,NORMAL,R-TA,DEFINITIVA,"VEHICULAR, PEATONAL",16,16,4,"1,2,4,6",N/A,"21,22,24,31,32,34","721, 722, 724, 731, 732, 734",NO,0,"Conteo, Brechas, Fases por demanda, Activación de sonoro",2301
-74.07246595,4.65099990499999,4411,424,2152,AK 24 X AC 63,BARRIOS UNIDOS,ACTROS,SENCILLA,SI,1993/09/30 00:00:00+00,NORMAL,CA-TA,DEFINITIVA,"VEHICULAR, PEATONAL",17,17,3,"1,2,3,4,91,794",N/A,"21,22,23,24,31,32,34","721, 723, 732, 734",NO,0,"Conteo, Brechas, Fases por demanda peatonal sonoro",1906
-74.07316228,4.64760421,4412,439,2153,TV 24 X DG 61B,TEUSAQUILLO,NO,DOBLE,NO,1993/08/26 00:00:00+00,NORMAL,R-TA,DEFINITIVA,"VEHICULAR, PEATONAL",7,22,3,"1,2A,4",N/A,"21,22A,24,32A",N/A,NO,0,"Conteo, Brechas, Activación de sonoro",2812
-74.07349595,4.64802401200001,4413,449,2153,AK 24 X DG 61D,TEUSAQUILLO,C900,DOBLE,SI,1993/08/26 00:00:00+00,NORMAL,R-TA,DEFINITIVA,"VEHICULAR, PEATONAL",15,22,3,"1A,2,14",N/A,"21A,22,31A,32,214,314","721A,722,731A,732,7214,7314",NO,0,"Conteo, Activación de sonoro",2812
-74.07404566,4.64731023500002,4414,463,2154,AK 24 X DG 61C,TEUSAQUILLO,NO,DOBLE,NO,1987/09/25 00:00:00+00,PMT,R-TA,DEFINITIVA,"VEHICULAR, PEATONAL",10,15,3,"1,2,3,5",N/A,"22,23,31","722, 723, 731",NO,0,"Conteo, Brechas, Activación de sonoro",2812
-74.07386125,4.64708331000003,4415,1323,2154,TV 25 X DG 61B,TEUSAQUILLO,C900,DOBLE,SI,1987/09/25 00:00:00+00,NORMAL,R-TA,DEFINITIVA,"VEHICULAR, PEATONAL",5,15,2,"2A,13",N/A,"22A,213",722A,NO,0,"Brechas, Activación de sonoro",2812
-74.07551631,4.64581266099998,4416,491,2155,TV 28 X AC 57,TEUSAQUILLO,C900,DOBLE,SI,1997/08/03 00:00:00+00,NORMAL,R-TA,DEFINITIVA,"VEHICULAR, PEATONAL, CICLISTA",10,21,4,"1,2,5,14",N/A,"22,214,31,35",N/A,"42, 414",0,"Conteo, Brechas",2812
-74.07414,4.64549299999999,4417,1761,2155,TV 27 X AC 57,TEUSAQUILLO,NO,DOBLE,NO,2024/08/10 00:00:00+00,NORMAL,R-TA,DEFINITIVA,"VEHICULAR, PEATONAL, CICLISTA",11,21,3,"2A,3,4",N/A,"22A,23,24,32A,33,34",N/A,"43,44",0,Brechas,2812
-74.10397068,4.64343545600002,4418,1586,2156,AK 60 X CL 22B,TEUSAQUILLO,C900,SENCILLA,SI,2020/06/02 00:00:00+00,NORMAL,RP-TA,DEFINITIVA,"VEHICULAR, PEATONAL",30,30,2,"1,2,3,4,11,12,13,14,791,792",N/A,"21,22,23,24,211,212,311,312,313,314","721, 7314,722, 7313, 723, 7211, 7311, 724, 7212, 7312",NO,0,Activación de sonoro,2435
-74.06849829,4.63975318199999,4419,1599,2158,KR 16 X CL 52,TEUSAQUILLO,ACTROS,SENCILLA,SI,2020/08/19 00:00:00+00,NORMAL,RP-TA,DEFINITIVA,"VEHICULAR, PEATONAL",9,9,3,"2,3",N/A,"22,23,32,33","722, 723, 733",NO,0,Activación de sonoro,2811
-74.07011739,4.60082789099999,4420,370,2109,KR 4 X CL 13,CANDELARIA,NO,DOBLE,NO,1994/06/14 00:00:00+00,NORMAL,RP-TF,DEFINITIVA,"VEHICULAR, PEATONAL",4,7,3,N/A,"3B,4B","23,31",N/A,NO,0,N/A,2708
-74.07004696,4.60097036299999,4421,1134,2109,KR 4 X CL 16,CANDELARIA,C900,DOBLE,SI,1994/06/14 00:00:00+00,PMT,RP-TF,DEFINITIVA,"VEHICULAR, PEATONAL",3,7,3,"1,3A",N/A,23A,N/A,NO,0,N/A,2708
-74.07197757,4.60076265399999,4422,399,2110,KR 5 X CL 13,CANDELARIA,C900,SENCILLA,SI,1997/05/24 00:00:00+00,NORMAL,RP-TF,DEFINITIVA,"VEHICULAR, PEATONAL",5,5,2,1,"3B,4B","21,23",N/A,NO,0,N/A,2708
-74.07430202,4.60201603399997,4423,474,2111,KR 8 X CL 13,CANDELARIA,C900,SENCILLA,SI,1993/07/06 00:00:00+00,PMT,RP-TF,DEFINITIVA,"VEHICULAR, PEATONAL",6,6,2,1,"3B,4B","21,23,31",N/A,NO,0,N/A,2708
-74.07541903,4.60231526400003,4424,494,2112,KR 9 X CL 13,CANDELARIA,C900,SENCILLA,SI,1993/08/02 00:00:00+00,NORMAL,RP-TF,DEFINITIVA,"VEHICULAR, PEATONAL",5,5,2,2,"3B,4B","24,32",N/A,NO,0,N/A,2708
-74.07565729,4.59971453899999,4425,1417,2113,KR 8 X CL 12,CANDELARIA,C900,DOBLE,SI,2015/03/01 00:00:00+00,NORMAL,RP-TA,DEFINITIVA,"VEHICULAR, PEATONAL, CICLISTA",10,19,3,"3,11",N/A,"23,33,211,311","723, 7211, 7311",411,0,Activación de sonoro,2708
-74.0751707,4.60058646599998,4426,1428,2113,KR 8 X CL 12B,CANDELARIA,NO,DOBLE,NO,2015/06/13 00:00:00+00,NORMAL,RP-TA,DEFINITIVA,"VEHICULAR, PEATONAL",9,19,3,"1,4",N/A,"21,24,31,34","721, 724, 731",NO,0,Activación de sonoro,2708
-74.08247005,4.60593128800002,4427,549,2114,KR 17 X AC 13,LOS MARTIRES,C900,DOBLE,SI,1993/09/16 00:00:00+00,NORMAL,R-TA,DEFINITIVA,"VEHICULAR, PEATONAL",8,16,2,"2,3A,14A","3B,14B","22,33,214",N/A,NO,0,"Conteo, Brechas",2709
-74.08150441,4.605121414,4428,545,2114,KR 16 X AC 13,LOS MARTIRES,NO,DOBLE,NO,2003/08/28 00:00:00+00,NORMAL,R-TA,DEFINITIVA,EXCLUSIVA PEATONAL,8,16,2,"4A,13A","4B,13B","24,213 (Exc)","724, 7213",NO,0,N/A,2709
-74.08336689,4.60670734899998,4429,557,2115,AK 18 X AC 13,LOS MARTIRES,C900,SENCILLA,SI,1993/09/16 00:00:00+00,NORMAL,R-TF,DEFINITIVA,"VEHICULAR, PEATONAL",11,11,4,"1,3A,4A,91,93A","3B,4B","21,23,31,34",N/A,NO,0,N/A,2709
-74.08736279,4.61022729199999,4430,583,2116,KR 23 X AC 13,LOS MARTIRES,C900,DOBLE,SI,2003/09/17 00:00:00+00,NORMAL,R-TF,DEFINITIVA,EXCLUSIVA PEATONAL,6,12,2,"4A,13A","4B,13B","24,213 (Exc)",N/A,NO,0,N/A,2709
-74.08791828,4.61072705200002,4431,586,2116,KR 24 X AC 13,LOS MARTIRES,NO,DOBLE,NO,1987/06/03 00:00:00+00,NORMAL,R-TF,DEFINITIVA,"VEHICULAR, PEATONAL",6,12,2,"2,14A,3A","14B,3B",22,N/A,NO,0,Conteo,2709
-74.08932655,4.61195819400001,4432,596,2117,AK 27 X AC 13,LOS MARTIRES,C900,SENCILLA,SI,1993/09/08 00:00:00+00,NORMAL,R-TA,DEFINITIVA,"VEHICULAR, PEATONAL",12,12,3,"1,3A,4A,93,94","3B,4B","21,23,31,34,394",N/A,NO,0,"Conteo, Brechas",2709
-74.09342505,4.61564973700001,4433,625,2118,KR 32 X AC 13,PUENTE ARANDA,C900,SENCILLA,SI,1995/04/25 00:00:00+00,NORMAL,BT-TA,DEFINITIVA,"VEHICULAR, PEATONAL",20,20,2,"2,3A,4A,62,64,792,794A","3B,4B","22,23,24,32,33,52 (Reg)",validar,NO,0,Activación de sonoro,2705
-74.08438813,4.60764080500002,4434,1261,2119,KR 19 X AC 13,LOS MARTIRES,C900,SENCILLA,SI,2012/07/11 00:00:00+00,NORMAL,R-TF,DEFINITIVA,"VEHICULAR, PEATONAL",9,9,2,"2,3A,4A","3B,4B","22,24,32,33",N/A,NO,0,N/A,2709
-74.06603246,4.61758234299998,4435,287,2120,KR 5 X CL 32,SANTA FE,ACTROS,SENCILLA,SI,1993/12/07 00:00:00+00,NORMAL,BT-TA,DEFINITIVA,"VEHICULAR, PEATONAL",3,3,2,"1,4",N/A,21,N/A,NO,0,Brechas,2804
-74.06827823,4.60880814900003,4436,327,2121,KR 5 X CL 24,SANTA FE,C900,DOBLE,SI,1997/04/25 00:00:00+00,NORMAL,RP-TF,DEFINITIVA,"VEHICULAR, PEATONAL",6,11,4,"1,1A,3",N/A,"21,23,31",N/A,NO,0,N/A,2708
-74.06867744,4.60802928999999,4437,338,2121,KR 5 X CL 23,SANTA FE,NO,DOBLE,NO,1993/09/28 00:00:00+00,NORMAL,RP-TF,DEFINITIVA,"VEHICULAR, PEATONAL",5,11,3,"3A,11",N/A,"211,23A,311",N/A,NO,0,N/A,2708
-74.06914018,4.60704395900001,4438,348,2122,KR 5 X CL 22,SANTA FE,C900,SENCILLA,SI,1993/09/28 00:00:00+00,NORMAL,BT-TF,DEFINITIVA,"VEHICULAR, PEATONAL",6,6,3,"1,4",N/A,"21,24,31,34",N/A,NO,0,N/A,2708
-74.07087421,4.61041077300001,4439,388,2123,KR 9 X CL 24,SANTA FE,C900,SENCILLA,SI,1993/08/30 00:00:00+00,NORMAL,RP-TF,DEFINITIVA,"VEHICULAR, PEATONAL",5,5,3,"2,3",N/A,"22,23,32",N/A,NO,0,N/A,2708
-74.07187205,4.608680779,4440,408,2124,KR 9 X CL 22,SANTA FE,C900,DOBLE,SI,1993/09/28 00:00:00+00,NORMAL,RP-TF,DEFINITIVA,"VEHICULAR, PEATONAL",5,10,2,"2,4",N/A,"22,24,32",N/A,NO,0,N/A,2708
-74.07137588,4.609538181,4441,1243,2124,KR 9 X CL 23,SANTA FE,NO,DOBLE,NO,2011/08/02 00:00:00+00,NORMAL,RP-TF,DEFINITIVA,"VEHICULAR, PEATONAL",5,10,2,"3,12",N/A,"23,33,212",N/A,NO,0,N/A,2708
-74.06948704,4.63992151899998,4442,355,2125,KR 17 X CL 52,TEUSAQUILLO,NO,DOBLE,NO,2004/04/30 00:00:00+00,NORMAL,RP-TF,DEFINITIVA,"VEHICULAR, PEATONAL",4,8,2,"2,13",N/A,"22,213",N/A,NO,0,N/A,2811
-74.07010416,4.640031163,4443,369,2125,KR 18 X CL 52,TEUSAQUILLO,ACTROS,DOBLE,SI,2000/07/16 00:00:00+00,NORMAL,RP-TF,DEFINITIVA,"VEHICULAR, PEATONAL",4,8,2,"1,3",N/A,"21,23",N/A,NO,0,N/A,2811
-74.0712998,4.64126732699998,4444,394,2126,KR 20 X AC 53,TEUSAQUILLO,C900,SENCILLA,SI,1990/03/21 00:00:00+00,NORMAL,R-TF,DEFINITIVA,"VEHICULAR, PEATONAL",9,9,3,"2,3,4",N/A,"22,23,24,32,33,34",N/A,NO,0,N/A,2811
-74.06696496,4.628982409,4445,303,2127,KR 13 X CL 41,CHAPINERO,C900,SENCILLA,SI,1987/01/06 00:00:00+00,NORMAL,RP-TA,DEFINITIVA,"VEHICULAR, PEATONAL",9,9,2,"1,4,791",N/A,"21,24,34","721, 724, 734",NO,0,Activación de sonoro,2807
-74.06749466,4.595393409,4446,1544,2128,KR 5 ESTE X CL 12,CANDELARIA,ACTROS,SENCILLA,SI,2018/02/16 00:00:00+00,NORMAL,BT-TA,DEFINITIVA,"VEHICULAR, PEATONAL",3,3,2,2,N/A,22 (Exc),722,NO,0,Fases por demanda peatonal,2704
-74.06967972,4.61238384299998,4447,1580,2129,KR 7 X CL 26B,SANTA FE,C900,SENCILLA,SI,2021/05/04 00:00:00+00,NORMAL,RP-TA,DEFINITIVA,"VEHICULAR, PEATONAL, CICLISTA",8,8,2,"2,4",N/A,"22,24","722,724","41,42",0,Activación de sonoro,2807
-74.091407,4.67717199999998,4448,1770,2130,KR 69 X CL 68,ENGATIVA,C900,SENCILLA,SI,2024/12/10 00:00:00+00,NORMAL,BT-TA,DEFINITIVA,"VEHICULAR, PEATONAL",9,9,3,"1,2,3",N/A,"21,22,23","721,722,723",NO,0,Activación de sonoro,2307
-74.06985491,4.64100130999998,4449,364,2131,KR 18 X AC 53,TEUSAQUILLO,C900,SENCILLA,SI,1982/12/14 00:00:00+00,NORMAL,R-TF,DEFINITIVA,"VEHICULAR, PEATONAL",8,8,3,"1,3,4",N/A,"21,23,24,33,34",N/A,NO,0,N/A,2811
-74.06671598,4.64997654400003,4450,298,2132,KR 16 X AC 63,BARRIOS UNIDOS,NO,DOBLE,NO,1980/07/14 00:00:00+00,NORMAL,CA-TA,DEFINITIVA,"VEHICULAR, PEATONAL",5,10,2,"2A,4,13",N/A,"22A,24",N/A,NO,0,Conteo,1906
-74.06761267,4.65014039499999,4451,318,2132,KR 17 X AC 63,BARRIOS UNIDOS,ACTROS,DOBLE,SI,1980/07/14 00:00:00+00,NORMAL,CA-TA,DEFINITIVA,"VEHICULAR, PEATONAL",5,10,3,"2,3,3A,14",N/A,22,N/A,NO,0,"Conteo, Brechas",1906
-74.06767225,4.64439899899997,4452,319,2133,KR 16 X AC 57,TEUSAQUILLO,NO,DOBLE,NO,1983/10/31 00:00:00+00,NORMAL,RP-TA,DEFINITIVA,"VEHICULAR, PEATONAL, CICLISTA",7,14,3,"2A,4,13",N/A,"22A,24,32A",N/A,42,0,Brechas,2812
-74.06865154,4.64456012699998,4453,335,2133,KR 17 X AC 57,TEUSAQUILLO,C900,DOBLE,SI,1983/10/31 00:00:00+00,NORMAL,RP-TA,DEFINITIVA,"VEHICULAR, PEATONAL",7,14,2,"2,3,14",N/A,"22,23,32,314",N/A,NO,0,Brechas,2812
-74.06832943,4.640736038,4454,326,2134,KR 16 X AC 53,TEUSAQUILLO,NO,DOBLE,NO,1982/12/14 00:00:00+00,NORMAL,R-TA,DEFINITIVA,"VEHICULAR, PEATONAL, CICLISTA",10,18,3,"2A,4,13",N/A,"22A,24,32A,34,213,313",N/A,42A,0,"Conteo, Brechas",2811
-74.06931041,4.64089393699999,4455,353,2134,KR 17 X AC 53,TEUSAQUILLO,C900,DOBLE,SI,1982/12/14 00:00:00+00,NORMAL,R-TA,DEFINITIVA,"VEHICULAR, PEATONAL",8,18,3,"2,3,14",N/A,"22,23,32,214,314",N/A,NO,0,"Conteo, Brechas",2811
-74.11984582,4.66605864000002,4456,774,2135,KR 75 X AC 24,FONTIBON,C900,SENCILLA,SI,1989/10/11 00:00:00+00,NORMAL,BT-TF,DEFINITIVA,"VEHICULAR, PEATONAL",9,9,2,"2,3,4,62,64",N/A,"22,23,32,34",N/A,NO,0,N/A,2413
-74.07163654,4.63448517799998,4457,402,2136,KR 19 X DG 45D,TEUSAQUILLO,C900,SENCILLA,SI,1993/03/28 00:00:00+00,NORMAL,RP-TF,DEFINITIVA,"VEHICULAR, PEATONAL, CICLISTA",9,9,3,"2,3,4",N/A,"22,24,31,32,33 (Reg)",N/A,43,0,Cola - Siguiente Intersección,2811
-74.07191771,4.63327940800002,4458,407,2137,KR 19 X AC 45,TEUSAQUILLO,C900,DOBLE,SI,1996/06/26 00:00:00+00,NORMAL,CA-TF,DEFINITIVA,"VEHICULAR, PEATONAL",10,17,2,"1,2A,13,4",N/A,"21,22A,213,31,32A,34","721,722A,7213,731,732A,734",NO,0,"Conteo, Brechas",2811
-74.066586,4.60161699999998,4459,1901,2183,KR 18 X CL 8,LOS MARTIRES,sX,SENCILLA,SI,2025/02/17 00:00:00+00,NORMAL,R-TF,PROVISIONAL_PMT,"VEHICULAR, PEATONAL",5,5,3,"1,3",N/A,"21, 23, 33",N/A,NO,0,N/A,2709
-74.07881351,4.62397583199999,4460,529,2195,AC 34 X AC 26,TEUSAQUILLO,ACTROS,SENCILLA,SI,2012/03/02 00:00:00+00,NORMAL,CA-TA,DEFINITIVA,"VEHICULAR, PEATONAL",9,9,3,"2,3,4,92",N/A,"22,23,24,32,292",N/A,NO,0,"Conteo, Brechas",2808
-74.08040148,4.62414889600001,4461,1146,2196,AC 25 X DG 24BIS,TEUSAQUILLO,ACTROS,SENCILLA,SI,2009/03/13 00:00:00+00,NORMAL,CA-TA,DEFINITIVA,"VEHICULAR, PEATONAL",5,5,2,"3,4,92",N/A,"23,34",N/A,NO,0,Conteo,2808
-74.07192345,4.60438992000002,4462,411,2198,KR 7 X CL 18,SANTA FE,C900,SENCILLA,SI,1997/03/01 00:00:00+00,NORMAL,RP-TA,DEFINITIVA,"VEHICULAR, PEATONAL, CICLISTA",9,9,2,3,N/A,"22,23,32,33",724,41.42,0,Activación de sonoro,2708
-74.09094614,4.66959060300002,4463,606,2201,AK 68 X AC 64C,ENGATIVA,C900,SENCILLA,SI,1994/05/25 00:00:00+00,PMT,BT-TF,DEFINITIVA,"VEHICULAR, PEATONAL",7,7,2,"1,2,93",N/A,"21,22,293,293A",N/A,NO,0,"Fases por demanda peatonal, Fases por demanda vehicular",2303
-74.08902008,4.63404934200003,4464,593,2204,AK 40 X AC 26,TEUSAQUILLO,C900,SENCILLA,SI,1994/08/25 00:00:00+00,NORMAL,CA-TA,DEFINITIVA,"VEHICULAR, PEATONAL",12,12,2,"2,3A,4A,62","3B,4B","22,23,24,33,52,393",N/A,NO,0,Conteo,2301
-74.09636646,4.67022333,4465,644,2206,KR 69 X CL 63C,ENGATIVA,ACTROS,SENCILLA,SI,2004/07/30 00:00:00+00,NORMAL,BT-TA,DEFINITIVA,"VEHICULAR, PEATONAL",7,7,4,"1,2,3,4",N/A,"22,23,24",N/A,NO,0,"Brechas, Fases por demanda",2307
-74.09506608,4.67206948,4466,635,2207,KR 69 X AC 64C,ENGATIVA,ACTROS,SENCILLA,SI,1990/07/05 00:00:00+00,NORMAL,BT-TA,DEFINITIVA,"VEHICULAR, PEATONAL, CICLISTA",18,18,4,"1,2,3,4,7,8",N/A,"21,22,23,24,33,34","721, 722, 724, 733","43, 44",0,Activación de sonoro,2307
-74.09823481,4.674322668,4467,657,2208,AK 70 X AC 64C,ENGATIVA,ACTROS,SENCILLA,SI,1990/07/05 00:00:00+00,NORMAL,BT-TF,DEFINITIVA,"VEHICULAR, PEATONAL",7,7,3,"1,2,4",N/A,"21,22,24,392 (Reg)",N/A,NO,0,N/A,2307
-74.09955433,4.67245799800003,4468,1363,2210,AK 70 X CL 63C,ENGATIVA,ACTROS,SENCILLA,SI,2015/12/01 00:00:00+00,NORMAL,BT-TF,DEFINITIVA,"VEHICULAR, PEATONAL",7,7,3,"1,2,4",N/A,"21,22,24,34",N/A,NO,0,N/A,2307
-74.06807141,4.64764926800001,4469,323,2216,KR 17 X CL 60,TEUSAQUILLO,ACTROS,SENCILLA,SI,1990/04/11 00:00:00+00,NORMAL,RP-TA,DEFINITIVA,"VEHICULAR, PEATONAL",4,4,2,"2,4",N/A,"24,32",N/A,NO,0,Brechas,2812
-74.07360856,4.64340423900001,4470,450,2217,TV 24 X DG 53C,TEUSAQUILLO,NO,DOBLE,NO,1990/07/01 00:00:00+00,NORMAL,CA-TA,DEFINITIVA,"VEHICULAR, PEATONAL",4,12,2,3,N/A,"23,32,33",N/A,NO,0,"Conteo, Brechas",2811
-74.07374014,4.64308483299999,4471,453,2217,TV 24 X CL 53B,TEUSAQUILLO,C900,DOBLE,SI,1990/07/01 00:00:00+00,NORMAL,CA-TA,DEFINITIVA,"VEHICULAR, PEATONAL, CICLISTA",8,12,3,"2,3A,93A",N/A,"22,23A,52",N/A,"43A,44A",0,"Conteo, Brechas",2811
-74.06726063,4.64751887699998,4472,311,2218,KR 16 X CL 60,TEUSAQUILLO,ACTROS,SENCILLA,SI,1990/09/18 00:00:00+00,NORMAL,RP-TA,DEFINITIVA,"VEHICULAR, PEATONAL",9,9,3,"2,4",N/A,"22,24,32,34","722, 732, 734",NO,0,"Brechas, Activación de sonoro",2812
-74.11348125,4.67679435999997,4473,746,2221,TV 85 X CL 52A,ENGATIVA,C900,SENCILLA,SI,2004/08/27 00:00:00+00,NORMAL,R-TA,DEFINITIVA,"VEHICULAR, PEATONAL",8,8,4,"1,2,3,4,5",N/A,"22,23,31",N/A,NO,0,"Conteo, Brechas",2302
-74.11048036,4.67735986299999,4474,730,2222,KR 77A X AC 53,ENGATIVA,C900,SENCILLA,SI,1993/08/30 00:00:00+00,NORMAL,CA-TA,DEFINITIVA,"VEHICULAR, PEATONAL",9,9,4,"1,3,4,7",N/A,"21,23,24,33,34",N/A,NO,0,"Conteo, Brechas, Fases por demanda",2302
-74.1038188,4.668252327,4475,696,2223,AK 70 X AC 53,ENGATIVA,ACTROS,SENCILLA,SI,1995/07/25 00:00:00+00,NORMAL,CA-TA,DEFINITIVA,"VEHICULAR, PEATONAL",10,10,3,"1,2,3,4,13,91",N/A,"22,23,31,34",N/A,NO,0,"Conteo, Brechas",2302
-74.10092416,4.67071786499997,4476,679,2224,AK 70 X AC 63,ENGATIVA,C900,SENCILLA,SI,1997/12/07 00:00:00+00,NORMAL,BT-TA,DEFINITIVA,"VEHICULAR, PEATONAL",28,28,4,"1,2,3,4,6,92,93,94",N/A,"21,22,23,24,31,32,33,34,292,293","721, 722, 723, 724, 731, 732, 733, 734, 7292, 7293",NO,0,N/A,2307
-74.10231747,4.68788543599999,4477,685,2225,KR 77A X CL 69A,ENGATIVA,C900,SENCILLA,SI,1988/02/25 00:00:00+00,NORMAL,BT-TF,DEFINITIVA,"VEHICULAR, PEATONAL",5,5,3,"1,2,3",N/A,"22,23",N/A,NO,0,N/A,1308
-74.06870192,4.64775566499998,4478,337,2227,KR 18 X CL 60,TEUSAQUILLO,ACTROS,SENCILLA,SI,2000/06/28 00:00:00+00,NORMAL,RP-TA,DEFINITIVA,"VEHICULAR, PEATONAL",5,5,3,"1,4",N/A,"20,21,24",N/A,NO,0,Brechas,2812
-74.0898704,4.60784589399998,4479,597,2316,KR 24 X CL 11,LOS MARTIRES,C900,DOBLE,SI,1983/07/19 00:00:00+00,NORMAL,RP-TF,DEFINITIVA,"VEHICULAR, PEATONAL",4,8,2,"2,4",N/A,"22,24",N/A,NO,0,N/A,2709
-74.09053367,4.60692182299999,4480,604,2317,KR 24 X CL 10,LOS MARTIRES,C900,DOBLE,SI,1983/08/19 00:00:00+00,NORMAL,RP-TF,DEFINITIVA,"VEHICULAR, PEATONAL",4,8,2,"3,12",N/A,"23,212",N/A,NO,0,N/A,2709
-74.09116367,4.60600918900002,4481,609,2317,KR 24 X CL 9,LOS MARTIRES,NO,DOBLE,NO,1983/08/19 00:00:00+00,NORMAL,RP-TF,DEFINITIVA,"VEHICULAR, PEATONAL",4,8,2,"2,4",N/A,"22,24",N/A,NO,0,N/A,2709
-74.13228537,4.68339404800003,4482,1579,2318,KR 100 X CL 24F,FONTIBON,C900,SENCILLA,SI,2020/07/25 00:00:00+00,NORMAL,BT-TA,DEFINITIVA,"VEHICULAR, PEATONAL",11,11,4,"1,2,3,4",N/A,"21,22,23,24","721, 722, 723",NO,0,"Brechas, Fases por demanda, Fases por demanda peatonal sonoro",2415
-74.09314668,4.60288889100002,4483,622,2319,AK 24 X AC 6,LOS MARTIRES,C900,SENCILLA,SI,1983/07/15 00:00:00+00,NORMAL,RP-TF,DEFINITIVA,"VEHICULAR, PEATONAL",11,11,2,"2,3A,4A","3B,4B","22,23,24,32,33,332",N/A,NO,0,Conteo,2703
-74.08763015,4.61401381600001,4484,585,2320,AK 27 X CL 17,LOS MARTIRES,C900,SENCILLA,SI,1983/07/08 00:00:00+00,NORMAL,RP-TF,DEFINITIVA,"VEHICULAR, PEATONAL",13,13,4,"1,2,3,4,7",N/A,"21,22,23,24,31,32,33,34 (Reg)",N/A,NO,0,N/A,2709
-74.10439226,4.68517760100002,4485,700,2321,KR 77A X CL 66A,ENGATIVA,C900,SENCILLA,SI,1993/12/07 00:00:00+00,NORMAL,BT-TF,DEFINITIVA,"VEHICULAR, PEATONAL",5,5,4,"1,2,3",N/A,"21,23",N/A,NO,0,N/A,1308
-74.09083402,4.61023722099998,4486,605,2322,AK 27 X CL 12,LOS MARTIRES,C900,DOBLE,SI,1983/07/07 00:00:00+00,NORMAL,RP-TF,DEFINITIVA,"VEHICULAR, PEATONAL",4,8,2,"1,3",N/A,"21,23",N/A,NO,0,N/A,2709
-74.09162433,4.60924464700003,4487,612,2322,AK 27 X CL 11,LOS MARTIRES,NO,DOBLE,NO,1983/07/07 00:00:00+00,NORMAL,RP-TF,DEFINITIVA,"VEHICULAR, PEATONAL",4,8,2,"4,11",N/A,"24,211",N/A,NO,0,N/A,2709
-74.09242176,4.60824537899998,4488,615,2323,AK 27 X CL 10,LOS MARTIRES,NO,DOBLE,NO,1983/07/12 00:00:00+00,NORMAL,RP-TF,DEFINITIVA,"VEHICULAR, PEATONAL",4,8,2,"1,3",N/A,"21,23",N/A,NO,0,N/A,2709
-74.09301607,4.60750488600002,4489,619,2323,AK 27 X CL 9,LOS MARTIRES,C900,DOBLE,SI,1983/07/12 00:00:00+00,NORMAL,RP-TF,DEFINITIVA,"VEHICULAR, PEATONAL",4,8,2,"4,11",N/A,"24,211",N/A,NO,0,N/A,2709
-74.10912128,4.68976308800001,4490,723,2324,AK 86 X CL 66A,ENGATIVA,ACTROS,DOBLE,SI,2000/03/03 00:00:00+00,NORMAL,R-TF,DEFINITIVA,"VEHICULAR, PEATONAL",8,15,3,"1,2,3,5,14",N/A,"22,33,214",N/A,NO,0,"Conteo, Brechas, Fases por demanda peatonal",2305
-74.10775753,4.68885666599999,4491,1214,2324,KR 83 X CL 66A,ENGATIVA,NO,DOBLE,NO,2011/11/24 00:00:00+00,NORMAL,R-TF,DEFINITIVA,"VEHICULAR, PEATONAL",7,15,3,"2A,4,8,13",N/A,"22A,24,313",N/A,NO,0,"Conteo, Brechas, Cola - Siguiente Intersección",2305
-74.09538979,4.604528571,4492,637,2325,AK 27 X AC 6,LOS MARTIRES,C900,SENCILLA,SI,1983/07/15 00:00:00+00,NORMAL,RP-TF,DEFINITIVA,"VEHICULAR, PEATONAL",11,11,2,"1,3,4","3B,4B","21,23,24,31,34,331",N/A,NO,0,Conteo,2703
-74.09796831,4.60656349800001,4493,1294,2326,AK 30 X AC 6,PUENTE ARANDA,C900,SENCILLA,SI,2013/01/24 00:00:00+00,NORMAL,RP-TA,DEFINITIVA,"VEHICULAR, PEATONAL",14,14,5,"1,2,3,4,11,12,13,14,111,112",N/A,"21,22,2111,2112",N/A,NO,0,"Conteo, Brechas, Cola - Siguiente Intersección, Fases por demanda peatonal",2703
-74.09391957,4.60823589699999,4494,1388,2327,KR 28 X CL 9,LOS MARTIRES,NO,DOBLE,NO,2014/07/23 00:00:00+00,NORMAL,RP-TA,DEFINITIVA,"VEHICULAR, PEATONAL",8,16,3,"2,4",N/A,"22,24,32","722, 724, 732",NO,0,Activación de sonoro,2709
-74.0948266,4.60896430899999,4495,1389,2327,KR 29 X CL 9,LOS MARTIRES,C900,DOBLE,SI,2014/07/23 00:00:00+00,NORMAL,RP-TA,DEFINITIVA,"VEHICULAR, PEATONAL",8,16,3,"1,14",N/A,"21,214,314","721, 7214, 7314",NO,0,Activación de sonoro,2709
-74.09938082,4.68107967499998,4496,666,2339,AK 72 X CL 66A,ENGATIVA,C900,SENCILLA,SI,1983/08/02 00:00:00+00,PMT,BT-TF,DEFINITIVA,"VEHICULAR, PEATONAL",7,7,2,"1,2,3,4",N/A,"23,24,33",N/A,NO,0,N/A,2318
-74.10681615,4.67130898900001,4497,711,2340,AK 72 X AC 53,ENGATIVA,C900,SENCILLA,SI,1983/07/26 00:00:00+00,NORMAL,CA-TA,DEFINITIVA,"VEHICULAR, PEATONAL",8,8,2,"1,2,3,4",N/A,"23,24,33,34",N/A,NO,0,"Conteo, Brechas",2302
-74.07232698,4.639414907,4498,420,2244,KR 21 X CL 51,TEUSAQUILLO,ACTROS,DOBLE,SI,1998/06/10 00:00:00+00,NORMAL,RP-TF,DEFINITIVA,"VEHICULAR, PEATONAL",7,14,3,"1,4,12",N/A,"21,24,34,212",N/A,NO,0,N/A,2811
-74.07249593,4.63843285799999,4499,425,2244,KR 21 X CL 50,TEUSAQUILLO,NO,DOBLE,NO,1998/06/10 00:00:00+00,NORMAL,RP-TF,DEFINITIVA,"VEHICULAR, PEATONAL",7,14,3,"2,3,11",N/A,"22,23,33,211",N/A,NO,0,N/A,2811
-74.06384177,4.63371813600003,4500,250,2260,AK 7 X CL 47,CHAPINERO,C900,SENCILLA,SI,1996/04/11 00:00:00+00,NORMAL,RP-TF,DEFINITIVA,"VEHICULAR, PEATONAL, CICLISTA",9,9,2,"1,2,2A,4",N/A,"21,24,32,34",N/A,42,0,N/A,2810
-74.06369052,4.63609101700001,4501,248,2261,AK 7 X CL 49,CHAPINERO,C900,SENCILLA,SI,1998/09/05 00:00:00+00,NORMAL,RP-TF,DEFINITIVA,"VEHICULAR, PEATONAL",6,6,2,"1,2,2A,4",N/A,"21,22",N/A,NO,0,N/A,2810
-74.07025129,4.62932548200001,4502,372,2298,KR 16 X DG 40A,TEUSAQUILLO,C900,SENCILLA,SI,1983/06/30 00:00:00+00,NORMAL,RP-TF,DEFINITIVA,"VEHICULAR, PEATONAL, CICLISTA",9,9,2,"2,3,4",N/A,"22,24,33,32",N/A,"43, 44",0,N/A,2807
-74.07534372,4.61387705200002,4503,490,2300,KR 17 X CL 24,LOS MARTIRES,NO,DOBLE,NO,1994/10/11 00:00:00+00,NORMAL,R-TF,DEFINITIVA,"VEHICULAR, PEATONAL",6,12,4,"1,3,7,12",N/A,"21,33",N/A,NO,0,N/A,2708
-74.07638803,4.61326947800001,4504,504,2300,KR 17 X CL 23,LOS MARTIRES,ACTROS,DOBLE,SI,1994/10/11 00:00:00+00,PMT,R-TF,DEFINITIVA,"VEHICULAR, PEATONAL",6,12,2,"2,4,11",N/A,"24,211",N/A,NO,0,N/A,2708
-74.07764985,4.61255093,4505,519,2301,KR 17 X CL 22,LOS MARTIRES,ACTROS,DOBLE,SI,1984/01/10 00:00:00+00,NORMAL,RP-TF,DEFINITIVA,EXCLUSIVA VEHICULAR,3,7,2,"1,2,14",N/A,N/A,N/A,NO,0,N/A,2708
-74.07634859,4.61149641100002,4506,1202,2301,KR 16 X CL 22,LOS MARTIRES,NO,DOBLE,NO,2010/09/08 00:00:00+00,NORMAL,RP-TF,DEFINITIVA,"VEHICULAR, PEATONAL",4,7,2,"2A,4",N/A,"22A,24",N/A,NO,0,N/A,2708
-74.07442807,4.62383894599998,4507,471,2307,KR 20 X AC 34,TEUSAQUILLO,ACTROS,SENCILLA,SI,1993/09/29 00:00:00+00,NORMAL,CA-TA,DEFINITIVA,"VEHICULAR, PEATONAL",7,7,2,"2,3,4",N/A,"22,24,32,33",N/A,NO,0,"Conteo, Brechas",2808
-74.07519593,4.62916675600002,4508,486,2308,AK 24 X CL 39A,TEUSAQUILLO,NO,DOBLE,NO,1995/03/11 00:00:00+00,NORMAL,RP-TF,DEFINITIVA,"VEHICULAR, PEATONAL",7,15,2,"1,3,12,13",N/A,"23,31,212",N/A,NO,0,N/A,2808
-74.075296,4.62777180099999,4509,488,2308,AK 24 X CL 39,TEUSAQUILLO,C900,DOBLE,SI,2004/09/27 00:00:00+00,NORMAL,RP-TF,DEFINITIVA,"VEHICULAR, PEATONAL",8,15,2,"2,4,11,14",N/A,"22,24,211,214",N/A,NO,0,N/A,2808
-74.07198337,4.64141150199998,4510,409,2309,KR 21 X AC 53,TEUSAQUILLO,C900,SENCILLA,SI,1983/06/22 00:00:00+00,NORMAL,R-TF,DEFINITIVA,"VEHICULAR, PEATONAL",9,9,3,"1,2,3,4",N/A,"21,22,23,24,33",N/A,NO,0,N/A,2811
-74.073408,4.62536836300001,4511,445,2310,AK 19 X CL 36,TEUSAQUILLO,NO,TRIPLE,NO,1983/07/26 00:00:00+00,PMT,RP-TF,DEFINITIVA,"VEHICULAR, PEATONAL, CICLISTA",8,22,3,"1,4,8",N/A,"21,24,31",N/A,"44,413",0,N/A,2808
-74.07414806,4.62541776099999,4512,462,2310,KR 20 X DG 35BIS Y CL 36,TEUSAQUILLO,C900,TRIPLE,SI,1983/07/26 00:00:00+00,NORMAL,RP-TF,DEFINITIVA,"VEHICULAR, PEATONAL, CICLISTA",10,22,3,"2,3,14",N/A,"22,23,32,33,214",N/A,"43,414",0,N/A,2808
-74.07352124,4.62471304100001,4513,464,2310,AK 19 X DG 35BIS,TEUSAQUILLO,NO,TRIPLE,NO,2009/03/13 00:00:00+00,NORMAL,RP-TF,DEFINITIVA,"VEHICULAR, PEATONAL",4,22,2,"11,13",N/A,"211,213",N/A,NO,0,Cola - Siguiente Intersección,2808
-74.07545749,4.63392959100003,4514,489,2311,AK 24 X AC 45,TEUSAQUILLO,C900,SENCILLA,SI,1983/06/16 00:00:00+00,NORMAL,CA-TA,DEFINITIVA,"VEHICULAR, PEATONAL",13,13,3,"1,2,3,4",N/A,"21,22,23,24,31,31A,32,33,34",N/A,NO,0,"Conteo, Brechas",2811
-74.07502385,4.63147041799999,4515,482,2312,AK 24 X CL 41,TEUSAQUILLO,C900,SENCILLA,SI,1983/07/27 00:00:00+00,NORMAL,RP-TF,DEFINITIVA,"VEHICULAR, PEATONAL, CICLISTA",13,13,4,"1,2,3,13",N/A,"21,23,31,22,32,213,313 (Reg)",N/A,"41, 42",0,N/A,2811
-74.07397667,4.64177464300002,4516,459,2314,AK 24 X AC 53,TEUSAQUILLO,C900,SENCILLA,SI,1983/08/02 00:00:00+00,NORMAL,CA-TA,DEFINITIVA,"VEHICULAR, PEATONAL",8,8,3,"1,2,3,4",N/A,"21,22,23,24",N/A,NO,0,"Conteo, Brechas",2811
-74.08927915,4.60868183600002,4517,594,2316,KR 24 X CL 12,LOS MARTIRES,NO,DOBLE,NO,1983/07/19 00:00:00+00,NORMAL,RP-TF,DEFINITIVA,"VEHICULAR, PEATONAL",4,8,2,"3,12",N/A,"23,212",N/A,NO,0,N/A,2709
-74.08126092,4.64598015000001,4518,1600,2159,KR 36A X CL 56,TEUSAQUILLO,C900,SENCILLA,SI,2020/12/13 00:00:00+00,NORMAL,BT-TA,DEFINITIVA,"VEHICULAR, PEATONAL",12,12,4,"1,2,3,4",N/A,"21,22,23,24","721, 722, 723, 724",NO,0,"Brechas, Fases por demanda, Fases por demanda peatonal sonoro",2316
-74.07556976,4.62216304499998,4519,1510,2160,KR 23 X AC 28,TEUSAQUILLO,C900,SENCILLA,SI,2018/06/19 00:00:00+00,NORMAL,RP-TA,DEFINITIVA,"VEHICULAR, PEATONAL",13,13,4,"1,2,3,4,5,792",N/A,"22,23,24,31","722, 724, 731",NO,0,Activación de sonoro,2806
-74.0772286,4.62681887700001,4520,512,2161,AK 28 X CL 37,TEUSAQUILLO,NO,TRIPLE,NO,1994/05/04 00:00:00+00,NORMAL,RP-TF,DEFINITIVA,"VEHICULAR, PEATONAL, CICLISTA",7,19,3,"2,3A,111",N/A,"23A,32,2111",N/A,43A,0,N/A,2808
-74.07753104,4.62762939999999,4521,517,2161,AK 28 X CL 39,TEUSAQUILLO,C900,TRIPLE,SI,1994/05/04 00:00:00+00,NORMAL,RP-TF,DEFINITIVA,"VEHICULAR, PEATONAL",6,19,2,"4,11,12",N/A,"24,211,312",N/A,NO,0,N/A,2808
-74.07802229,4.62903369499998,4522,520,2161,AK 28 X CL 39A,TEUSAQUILLO,NO,TRIPLE,NO,1994/05/04 00:00:00+00,NORMAL,RP-TF,DEFINITIVA,"VEHICULAR, PEATONAL",6,19,2,"1,3,112",N/A,"23,31,2112",N/A,NO,0,N/A,2808
-74.07629998,4.624182765,4523,500,2162,AK 28 X AC 34,TEUSAQUILLO,ACTROS,SENCILLA,SI,1994/04/14 00:00:00+00,NORMAL,CA-TA,DEFINITIVA,"VEHICULAR, PEATONAL",8,8,2,"1,2,3,4",N/A,"21,22,24,32",N/A,NO,0,Brechas,2808
-74.0713018,4.623285904,4524,396,2163,KR 16 X AC 34,TEUSAQUILLO,NO,DOBLE,NO,1984/05/05 00:00:00+00,NORMAL,CA-TA,DEFINITIVA,"VEHICULAR, PEATONAL",9,17,3,"13,4,2A",N/A,"24,22A,32A","724,722A,732A",NO,0,"Conteo, Brechas, Cola - Siguiente Intersección, Activación de sonoro",2808
-74.07221001,4.62343898,4525,417,2163,KR 17 X AC 34,TEUSAQUILLO,ACTROS,DOBLE,SI,1984/05/05 00:00:00+00,NORMAL,CA-TA,DEFINITIVA,"VEHICULAR, PEATONAL",8,17,3,"2,3,14,91",N/A,"22,32,214,291",N/A,NO,0,"Conteo, Brechas",2808
-74.07050349,4.63302452099998,4526,378,2164,AC 45 X DG 45D,TEUSAQUILLO,C900,SENCILLA,SI,1983/06/23 00:00:00+00,NORMAL,CA-TA,DEFINITIVA,"VEHICULAR, PEATONAL, CICLISTA",17,17,3,"1,2,3,4",N/A,"21,22,24,31,32,33","721, 722, 724, 731, 732, 733",42,0,"Conteo, Brechas, Activación de sonoro",2811
-74.1415282,4.66700321100001,4527,1605,2165,KR 96B X CL 17,FONTIBON,ACTROS,SENCILLA,SI,2020/08/25 00:00:00+00,NORMAL,BT-TA,DEFINITIVA,"VEHICULAR, PEATONAL",12,12,4,"1,2,3,4",N/A,"21,22,23,24","721, 722, 723, 724",NO,0,"Brechas, Fases por demanda, Activación de sonoro",2414
-74.10561045,4.61674999399997,4528,1614,2166,KR 41A X AC 6,PUENTE ARANDA,C900,SENCILLA,SI,2020/05/16 00:00:00+00,NORMAL,BT-TA,DEFINITIVA,"VEHICULAR, PEATONAL, CICLISTA",26,26,3,"1,2,3,4,104,13,14,7913,7914",N/A,"21,22,23,24,313,314","721, 722, 723, 724, 7313, 7314","43,44,413,414",0,Activación de sonoro,2707
-74.11352744,4.66003344000001,4529,1615,2167,AK 70 X AC 24,FONTIBON,C900,SENCILLA,SI,2020/05/19 00:00:00+00,NORMAL,BT-TA,DEFINITIVA,"VEHICULAR, PEATONAL",18,18,2,"1,3,5,3A,8,91",N/A,"21,23,25,23A,28,291","721,723,725,723A,728,7291",NO,0,Activación de sonoro,2412
-74.10589407,4.67038527,4530,1571,2168,KR 71B X AC 53,ENGATIVA,C900,SENCILLA,SI,2018/11/09 00:00:00+00,NORMAL,CA-TA,DEFINITIVA,"VEHICULAR, PEATONAL",8,8,4,"3,4,91,92",N/A,"23,24,291,292",N/A,NO,0,N/A,2302
-74.13964,4.65133700000001,4531,1812,2175,KR 81B X AC 12,KENNEDY,C900,SENCILLA,SI,2024/04/10 00:00:00+00,NORMAL,BT-TA,DEFINITIVA,"VEHICULAR, PEATONAL, CICLISTA",11,11,2,"3,4,91",N/A,"23,24,291","723,724,7291","43,44",0,Activación de sonoro,2438
-74.138018,4.65048899999999,4532,1813,2176,KR 80A X AC 12,KENNEDY,C900,SENCILLA,SI,2024/04/10 00:00:00+00,NORMAL,BT-TA,DEFINITIVA,"VEHICULAR, PEATONAL, CICLISTA",11,11,2,"1,3,4",N/A,"21,23,34","721,723,734","43,44",0,Activación de sonoro,2438
-74.136123,4.649069,4533,1814,2177,KR 79A X AC 12,KENNEDY,C900,SENCILLA,SI,2024/04/10 00:00:00+00,NORMAL,BT-TA,DEFINITIVA,"VEHICULAR, PEATONAL, CICLISTA",18,18,2,"1,2,3,4",N/A,"21,22,23,24,33,34","721,722,723,724,733,734","43,44",0,Activación de sonoro,2438
-74.134608,4.64817599999998,4534,1815,2178,KR 78 X AC 12,KENNEDY,C900,SENCILLA,SI,2024/04/10 00:00:00+00,NORMAL,BT-TA,DEFINITIVA,"VEHICULAR, PEATONAL, CICLISTA",8,8,2,"3,4",N/A,24,"723, 724","43,44",0,Activación de sonoro,2438
-74.128309,4.63935400000003,4535,1816,2179,KR 71B X AC 12,KENNEDY,C900,SENCILLA,SI,2024/04/10 00:00:00+00,NORMAL,BT-TA,DEFINITIVA,"VEHICULAR, PEATONAL, CICLISTA",9,9,2,"3,4,10.3",N/A,"24,33","724, 733","43,44",0,Activación de sonoro,2418
-74.081283,4.59492799999998,4536,1890,2181,AK 10 X CL 6,SANTA FE,sX,SENCILLA,SI,2025/02/18 00:00:00+00,NORMAL,R-TF,PROVISIONAL_PMT,EXCLUSIVA VEHICULAR,8,8,4,"1,2,3,4,11,12,13,14",N/A,N/A,N/A,NO,0,N/A,2708
-74.13689298,4.63666050099999,4537,827,2396,AK 72 X AC 8,KENNEDY,C900,SENCILLA,SI,1998/01/27 00:00:00+00,NORMAL,CA-TA,DEFINITIVA,"VEHICULAR, PEATONAL",8,8,2,"1,2,6,93",N/A,"21,22,36,293",N/A,NO,0,"Conteo, Brechas, Fases por demanda, Fases por demanda peatonal",2403
-74.14306934,4.63627992200003,4538,844,2397,KR 78 X CL 7ABISC,KENNEDY,C900,SENCILLA,SI,2006/09/18 00:00:00+00,NORMAL,BT-TF,DEFINITIVA,"VEHICULAR, PEATONAL",6,6,3,"1,2,3,6",N/A,"22,23",N/A,NO,0,N/A,2405
-74.11558193,4.63051218599998,4539,1485,2398,KR 62 X CL 11,PUENTE ARANDA,C900,SENCILLA,SI,2016/09/16 00:00:00+00,NORMAL,BT-TA,DEFINITIVA,"VEHICULAR, PEATONAL",7,7,2,2,N/A,"22,32,36","722, 732, 736",NO,0,Activación de sonoro,2429
-74.08929741,4.67179247199999,4540,595,2399,AK 68 X AC 66,ENGATIVA,C900,SENCILLA,SI,1984/03/27 00:00:00+00,PMT,BT-TF,DEFINITIVA,"VEHICULAR, PEATONAL",4,4,2,"1,2",N/A,"21,22",N/A,NO,0,N/A,2303
-74.1129898,4.64257416100003,4541,743,2401,AK 68 X CL 19,PUENTE ARANDA,ACTROS,SENCILLA,SI,1993/08/30 00:00:00+00,PMT,BT-TF,DEFINITIVA,"VEHICULAR, PEATONAL, CICLISTA",8,8,3,"1,2,3,94",N/A,"22,23,294",N/A,"41, 42",0,N/A,2406
-74.11160943,4.64392658100002,4542,735,2402,AK 68 X CL 20,PUENTE ARANDA,ACTROS,SENCILLA,SI,1994/12/07 00:00:00+00,PMT,BT-TF,DEFINITIVA,"VEHICULAR, PEATONAL, CICLISTA",8,8,3,"1,2,6",N/A,"21,32,291",N/A,"41, 42",0,N/A,2406
-74.13866207,4.63718457099998,4543,1625,2403,KR 72C X AC 8,KENNEDY,C900,SENCILLA,SI,2019/07/16 00:00:00+00,NORMAL,RP-TA,DEFINITIVA,"VEHICULAR, PEATONAL",12,12,4,"1,2,3,4,7,8",N/A,"21,22,23,24,33,34",N/A,NO,0,"Conteo, Brechas, Fases por demanda",2403
-74.09450136,4.61659410999999,4544,629,2410,KR 33 X AC 13,PUENTE ARANDA,C900,SENCILLA,SI,2003/09/16 00:00:00+00,NORMAL,BT-TA,DEFINITIVA,"VEHICULAR, PEATONAL",8,8,3,"3A,4A,91","3B,4B","23,34,291 (Reg)",N/A,NO,0,N/A,2705
-74.09681167,4.618662089,4545,646,2411,AK 36 X AC 13,PUENTE ARANDA,C900,SENCILLA,SI,1997/04/29 00:00:00+00,NORMAL,BT-TF,DEFINITIVA,"VEHICULAR, PEATONAL",9,9,2,"1,3A,4A","3B,4B","21,23,31,34 (Reg)",N/A,NO,0,N/A,2705
-74.09071481,4.62062912099998,4546,1357,2412,KR 33 X AC 19,PUENTE ARANDA,C900,SENCILLA,SI,2014/08/14 00:00:00+00,NORMAL,BT-TA,DEFINITIVA,"VEHICULAR, PEATONAL",11,11,2,"3,4,92",N/A,"23,32,34,292","723, 732, 734, 7292",NO,0,"Brechas, Activación de sonoro",2705
-74.09300716,4.62280907000002,4547,620,2413,AK 36 X AC 19,PUENTE ARANDA,C900,SENCILLA,SI,1997/10/15 00:00:00+00,NORMAL,BT-TF,DEFINITIVA,"VEHICULAR, PEATONAL",10,10,3,"1,3,4,8,63",N/A,"21,23,31,32,34",N/A,NO,0,N/A,2705
-74.05994199,4.635685663,4548,191,2420,AK 3 X CL 51,CHAPINERO,ACTROS,SENCILLA,SI,2006/09/30 00:00:00+00,NORMAL,BT-TA,DEFINITIVA,"VEHICULAR, PEATONAL",7,7,3,"1,2,3,4",N/A,"22,24,31",N/A,NO,0,"Brechas, Fases por demanda, Fases por demanda peatonal",2902
-74.05702933,4.642882429,4549,164,2421,TV 1 X CL 60BIS,CHAPINERO,ACTROS,SENCILLA,SI,1991/04/16 00:00:00+00,NORMAL,BT-TA,DEFINITIVA,"VEHICULAR, PEATONAL",7,7,3,"1,2,4,62",N/A,"22,24,292",N/A,NO,0,"Brechas, Fases por demanda, Fases por demanda peatonal",2902
-74.09153129,4.65066568700001,4550,599,2423,KR 58 X AC 53,TEUSAQUILLO,ACTROS,SENCILLA,SI,2006/10/12 00:00:00+00,NORMAL,BT-TA,DEFINITIVA,"VEHICULAR, PEATONAL",8,8,3,"1,3,4,92",N/A,"21,23,24,292",N/A,NO,0,"Brechas, Fases por demanda",2317
-74.08870592,4.648688988,4551,582,2424,KR 54 X AC 53,TEUSAQUILLO,ACTROS,SENCILLA,SI,2006/10/12 00:00:00+00,NORMAL,BT-TA,DEFINITIVA,"VEHICULAR, PEATONAL",8,8,3,"1,3,4,92",N/A,"21,23,24,292",N/A,NO,0,"Brechas, Fases por demanda",2317
-74.09317446,4.651869331,4552,621,2425,AK 60 X AC 53,TEUSAQUILLO,ACTROS,SENCILLA,SI,1986/12/11 00:00:00+00,NORMAL,BT-TF,DEFINITIVA,"VEHICULAR, PEATONAL, CICLISTA",20,20,4,"1,2,3,4,11,12,13,14,94",N/A,"21,23,24,294,312,313,314 (Reg)",N/A,"41,42,43,44",0,N/A,2317
-74.06966205,4.63894799100001,4553,360,2435,KR 17 X CL 51,TEUSAQUILLO,ACTROS,SENCILLA,SI,1997/03/30 00:00:00+00,NORMAL,RP-TF,DEFINITIVA,"VEHICULAR, PEATONAL",4,4,2,"2,4",N/A,"22,24",N/A,NO,0,N/A,2811
-74.07196538,4.63491680999999,4554,410,2438,TV 19BIS X DG 45D,TEUSAQUILLO,NO,DOBLE,NO,1994/05/11 00:00:00+00,NORMAL,RP-TF,DEFINITIVA,"VEHICULAR, PEATONAL",6,12,3,"1,4,13",N/A,"21,34,213",N/A,NO,0,N/A,2811
-74.07247213,4.635573669,4555,422,2438,TV 20 X DG 45D,TEUSAQUILLO,C900,DOBLE,SI,1994/05/11 00:00:00+00,NORMAL,RP-TF,DEFINITIVA,"VEHICULAR, PEATONAL",6,12,3,"2,3,14",N/A,"22,33,214",N/A,NO,0,N/A,2811
-74.11086367,4.68434041199998,4556,1144,2482,TV 85 X CL 64BBIS,ENGATIVA,C900,SENCILLA,SI,2009/03/03 00:00:00+00,NORMAL,R-TF,DEFINITIVA,"VEHICULAR, PEATONAL",4,4,3,"1,2,6",N/A,21,N/A,NO,0,N/A,2302
-74.11790935,4.69487748099999,4557,762,2483,AK 96 X CL 66A,ENGATIVA,C900,SENCILLA,SI,1998/02/25 00:00:00+00,NORMAL,BT-TF,DEFINITIVA,"VEHICULAR, PEATONAL, CICLISTA",17,17,4,"1,3,4,5,11,92",N/A,"21,23,34,311,292",N/A,"41,42,43,44,412,44A",0,N/A,2312
-74.11321482,4.68537986000001,4558,744,2530,AK 86 X CL 64BBIS,ENGATIVA,ACTROS,DOBLE,SI,2000/04/13 00:00:00+00,NORMAL,CA-TA,DEFINITIVA,"VEHICULAR, PEATONAL",6,12,2,"1,4,12",N/A,"21,24,34",N/A,NO,0,"Conteo, Brechas, Fases por demanda peatonal",2305
-74.11369537,4.68488260800001,4559,747,2530,AK 86 X DG 63F,ENGATIVA,NO,DOBLE,NO,2000/04/13 00:00:00+00,NORMAL,CA-TA,DEFINITIVA,"VEHICULAR, PEATONAL",6,12,3,"2,3,11",N/A,"22,23,311",N/A,NO,0,"Conteo, Brechas",2305
-74.11677092,4.68164683399999,4560,1627,2534,AK 86 X CL 52A,ENGATIVA,ACTROS,SENCILLA,SI,2019/03/12 00:00:00+00,NORMAL,CA-TA,DEFINITIVA,"VEHICULAR, PEATONAL",15,15,4,"1,2,93",N/A,"21,21BL,22,22BL,291,291BL,293,293BL","721, 722, 7291, 7293",NO,0,"Conteo, Brechas",2305
-74.11076387,4.68794646999999,4561,731,2550,AK 86 X CL 65BIS,ENGATIVA,ACTROS,SENCILLA,SI,2000/05/26 00:00:00+00,NORMAL,CA-TA,DEFINITIVA,"VEHICULAR, PEATONAL",9,9,2,"1,2,93,94",N/A,"21,22,23,292,294",N/A,NO,0,Brechas,2305
-74.10758477,4.69282772499997,4562,714,2560,AK 86 X CL 69B,ENGATIVA,ACTROS,SENCILLA,SI,2000/05/10 00:00:00+00,NORMAL,CA-TA,DEFINITIVA,EXCLUSIVA PEATONAL,3,3,2,"1,2",N/A,22 (Exc),N/A,NO,0,"Cola - Siguiente Intersección, Fases por demanda peatonal",2305
-74.10073442,4.63549899999998,4563,678,2670,AK 50 X AC 22,PUENTE ARANDA,C900,SENCILLA,SI,2004/09/15 00:00:00+00,NORMAL,CA-TA,DEFINITIVA,"VEHICULAR, PEATONAL, CICLISTA",8,8,3,"1,2,3,4",N/A,"21,32",N/A,"41, 42",0,"Brechas, Fases por demanda peatonal sonoro",2435
-74.09759971,4.655093255,4564,651,2346,KR 66A X AC 53,TEUSAQUILLO,NO,DOBLE,NO,2006/10/10 00:00:00+00,NORMAL,BT-TF,DEFINITIVA,"VEHICULAR, PEATONAL, CICLISTA",10,19,4,"3,4,8,16,912",N/A,"23,34,38,2912",N/A,41,0,N/A,2321
-74.09896601,4.65315777400002,4565,1142,2346,KR 66A X CL 44,TEUSAQUILLO,ACTROS,DOBLE,SI,2006/10/10 00:00:00+00,NORMAL,BT-TF,DEFINITIVA,"VEHICULAR, PEATONAL, CICLISTA",9,19,3,"1,2,3A,6",N/A,"22,23A,31,36",N/A,42,0,N/A,2321
-74.11236037,4.658373837,4566,1617,2347,KR 69D X CL 24A,FONTIBON,C900,DOBLE,SI,2020/11/19 00:00:00+00,NORMAL,BT-TA,DEFINITIVA,"VEHICULAR, PEATONAL",16,25,3,"4,4A,6,91",N/A,"24,24A,26,34,34A,291","724,724A,726,734,734A,7291",NO,0,Activación de sonoro,2412
-74.113557,4.657578,4567,1767,2347,KR 69D X AC 24,FONTIBON,NO,DOBLE,NO,2024/08/04 00:00:00+00,NORMAL,BT-TA,DEFINITIVA,"VEHICULAR, PEATONAL",9,25,3,"3,3A,5",N/A,"23,23A,25","723,723A,725",NO,0,"Activación de sonoro, Brechas",2412
-74.10057569,4.65718666700002,4568,675,2348,AK 68 X AC 53,ENGATIVA,C900,SENCILLA,SI,1995/05/19 00:00:00+00,PMT,BT-TF,DEFINITIVA,"VEHICULAR, PEATONAL",8,8,3,"1,2,4,64",N/A,"21,24,32,33",N/A,NO,0,N/A,2321
-74.1157619,4.63980349100001,4569,754,2349,AK 68 X AC 17,PUENTE ARANDA,ACTROS,DOBLE,SI,1993/12/28 00:00:00+00,PMT,BT-TF,DEFINITIVA,"VEHICULAR, PEATONAL, CICLISTA",13,18,3,"1,2,13,4,62,613,94",N/A,"22,213,24,313",N/A,"41, 42",0,N/A,2406
-74.117695,4.64129800000001,4570,1865,2349,KR 68B X AC 17,PUENTE ARANDA,NO,DOBLE,NO,2024/10/01 00:00:00+00,PMT,BT-TF,PROVISIONAL_PMT,"VEHICULAR, PEATONAL",5,18,2,"3,14",N/A,"214,33,38",N/A,NO,0,N/A,2406
-74.11796252,4.63767066700001,4571,763,2350,AK 68 X CL 13,PUENTE ARANDA,ACTROS,SENCILLA,SI,2007/09/11 00:00:00+00,PMT,BT-TF,DEFINITIVA,"VEHICULAR, PEATONAL, CICLISTA",7,7,2,"1,1A,2",N/A,"21,22",N/A,"41, 42",0,N/A,2406
-74.09570208,4.67792987899998,4572,641,2355,AK 70 X AC 66 Y CL 66B,ENGATIVA,ACTROS,SENCILLA,SI,1990/09/28 00:00:00+00,NORMAL,BT-TF,DEFINITIVA,"VEHICULAR, PEATONAL",9,9,4,"1,12,2,4,11",N/A,"21,291,22,24 (Reg)",N/A,NO,0,N/A,2307
-74.10600569,4.68691667399997,4573,1587,2357,KR 80 X AC 66 A,ENGATIVA,C900,SENCILLA,SI,2020/11/07 00:00:00+00,NORMAL,BT-TA,DEFINITIVA,"VEHICULAR, PEATONAL",19,19,3,"1,2,3,4,7",N/A,"21,22,23,24,31,32,33,34","722, 723, 724, 731, 733, 734",NO,0,"Brechas, Activación de sonoro",1308
-74.0698317,4.64925294699998,4574,363,2369,KR 20 X DG 61B,TEUSAQUILLO,NO,DOBLE,NO,1984/04/10 00:00:00+00,NORMAL,CA-TA,DEFINITIVA,"VEHICULAR, PEATONAL",6,13,2,"2,3A,4",N/A,"22,24,32",N/A,NO,0,Conteo,1906
-74.07004755,4.65057566899998,4575,365,2369,KR 20 X AC 63,BARRIOS UNIDOS,ACTROS,DOBLE,SI,1984/04/10 00:00:00+00,NORMAL,CA-TA,DEFINITIVA,"VEHICULAR, PEATONAL",7,13,3,"3,4A,7,12",N/A,"33,24A,212",N/A,NO,0,"Conteo, Brechas, Fases por demanda",1906
-74.07438787,4.65135505900002,4576,473,2370,KR 27 X AC 63,BARRIOS UNIDOS,ACTROS,SENCILLA,SI,2004/01/16 00:00:00+00,NORMAL,CA-TA,DEFINITIVA,"VEHICULAR, PEATONAL",9,9,3,"2,3,4",N/A,"22,23,24,32,33,34",N/A,NO,0,"Conteo, Brechas",1906
-74.0718371,4.648353671,4577,406,2373,TV 22A X DG 61B,TEUSAQUILLO,C900,SENCILLA,SI,1983/06/22 00:00:00+00,NORMAL,RP-TF,DEFINITIVA,"VEHICULAR, PEATONAL",11,11,2,"1,2,3,4",N/A,"21,22,23,24,32,33,34 (Reg)",N/A,NO,0,N/A,2812
-74.07132196,4.64502828100001,4578,395,2374,KR 21 X AC 57,TEUSAQUILLO,C900,SENCILLA,SI,1983/06/26 00:00:00+00,NORMAL,RP-TF,DEFINITIVA,"VEHICULAR, PEATONAL, CICLISTA",13,13,2,"1,2,3,4",N/A,"21,22,23,24,32,33,34",N/A,43.44,0,N/A,2812
-74.0724883,4.645225358,4579,426,2375,TV 24 X AC 57,TEUSAQUILLO,NO,DOBLE,NO,1993/06/17 00:00:00+00,NORMAL,RP-TF,DEFINITIVA,"VEHICULAR, PEATONAL",6,12,2,"2,4,13",N/A,"22,24,313",N/A,NO,0,N/A,2812
-74.07336681,4.64537503499997,4580,444,2375,TV 25 X AC 57,TEUSAQUILLO,C900,DOBLE,SI,1993/06/17 00:00:00+00,NORMAL,RP-TF,DEFINITIVA,"VEHICULAR, PEATONAL",6,12,2,"1,3,14",N/A,"21,23,314",N/A,NO,0,N/A,2812
-74.11256223,4.67922790099999,4581,741,2376,TV 85 X AC 53,ENGATIVA,sX,SENCILLA,SI,1989/11/23 00:00:00+00,NORMAL,CA-TA,DEFINITIVA,"VEHICULAR, PEATONAL",10,10,3,"1,2,3,4,5",N/A,"21,22,23,24,33",N/A,NO,0,"Conteo, Brechas",2302
-74.07393893,4.63367244699998,4582,458,2377,KR 22 X AC 45,TEUSAQUILLO,C900,SENCILLA,SI,1983/07/03 00:00:00+00,NORMAL,CA-TA,DEFINITIVA,"VEHICULAR, PEATONAL",7,7,3,"1,3,4",N/A,"21,23,34,31",N/A,NO,0,"Conteo, Brechas, Cola - Siguiente Intersección",2811
-74.09103837,4.62563218899999,4583,608,2378,AK 36 X AC 20,PUENTE ARANDA,C900,SENCILLA,SI,1983/06/24 00:00:00+00,NORMAL,CA-TA,DEFINITIVA,"VEHICULAR, PEATONAL",23,23,3,"1,2,3,3A,4,4A,5,64A,11,12,111,112",N/A,"21,22,23,24A,211,212,33A,311,312,3111,3112",N/A,NO,0,"Conteo, Brechas",2407
-74.0937804,4.62587313,4584,627,2379,TV 39BISA X AC 20,PUENTE ARANDA,C900,SENCILLA,SI,1983/10/05 00:00:00+00,NORMAL,R-TF,DEFINITIVA,"VEHICULAR, PEATONAL",9,9,3,"2,3,3A,4,4A,12,93,112",N/A,22,N/A,NO,0,"Conteo, Brechas, Fases por demanda peatonal",2407
-74.09589501,4.62610586099998,4585,642,2380,AK 40 X AC 20,PUENTE ARANDA,C900,SENCILLA,SI,1983/09/27 00:00:00+00,NORMAL,R-TF,DEFINITIVA,"VEHICULAR, PEATONAL",16,16,2,"1,3,3A,4,4A,94,11",N/A,"21,23,24,23A,24A,34,34A,211,294A",N/A,NO,0,"Conteo, Brechas",2407
-74.09966204,4.62660616400001,4586,668,2381,AK 43A X AC 20,PUENTE ARANDA,C900,SENCILLA,SI,2005/06/20 00:00:00+00,NORMAL,CA-TA,DEFINITIVA,"VEHICULAR, PEATONAL",14,14,3,"2,3,3A,4,4A,12",N/A,"22,23A,32,33,33A,24,24A,312",N/A,NO,0,"Conteo, Brechas",2407
-74.09812855,4.619818388,4587,656,2382,KR 38 X AC 13,PUENTE ARANDA,C900,SENCILLA,SI,1993/08/31 00:00:00+00,PMT,BT-TA,DEFINITIVA,"VEHICULAR, PEATONAL",12,12,2,"3A,4A,91,94A","3B,4B","23,24,291","723, 724, 7291",NO,0,"Fases por demanda, Activación de sonoro",2705
-74.10209204,4.623363036,4588,684,2383,KR 43 X AC 13,PUENTE ARANDA,C900,SENCILLA,SI,1993/09/24 00:00:00+00,Desvío - PMT,BT-TF,DEFINITIVA,"VEHICULAR, PEATONAL",12,12,2,"1,2,3A,4A","3B,4B","21,22,24,31,32,33 ",N/A,NO,0,N/A,2705
-74.11229151,4.63235275900001,4589,738,2384,KR 60 X AC 13,PUENTE ARANDA,C900,SENCILLA,SI,1984/01/17 00:00:00+00,NORMAL,CA-TA,DEFINITIVA,"VEHICULAR, PEATONAL",14,14,3,"1,3,4,91",N/A,"21,23,31,34,291","721, 723, 731, 734, 7291",NO,0,"Conteo, Brechas, Activación de sonoro",2409
-74.1147942,4.63454738600001,4590,750,2385,KR 65 X AC 13,PUENTE ARANDA,C900,SENCILLA,SI,1998/01/16 00:00:00+00,Desvío - PMT,CA-TA,DEFINITIVA,"VEHICULAR, PEATONAL",18,18,4,"2,3,4,7,8,92,93,794",N/A,"22,24,32,33,38","722, 724, 732, 733, 738",NO,0,"Conteo, Brechas, Cola, Activación de sonoro",2409
-74.09953197,4.62105706199998,4591,667,2386,AK 39 X AC 13,PUENTE ARANDA,C900,SENCILLA,SI,2003/09/09 00:00:00+00,NORMAL,BT-TA,DEFINITIVA,"VEHICULAR, PEATONAL",9,9,4,"2,3A,4A,91,92","3B,4B","24,33 (Reg)",N/A,NO,0,Fases por demanda,2705
-74.10095918,4.62233902999998,4592,680,2387,KR 42ABIS X AC 13,PUENTE ARANDA,C900,SENCILLA,SI,2003/09/15 00:00:00+00,Desvío - PMT,BT-TA,DEFINITIVA,"VEHICULAR, PEATONAL",8,8,2,"3A,4A","3B,4B","23,24 (Exc) (Reg)",N/A,NO,0,N/A,2705
-74.07066102,4.64490404999998,4593,381,2388,KR 20 X AC 57,TEUSAQUILLO,C900,SENCILLA,SI,1994/11/16 00:00:00+00,NORMAL,RP-TF,DEFINITIVA,"VEHICULAR, PEATONAL",9,9,3,"2,3,4",N/A,"22,23,24,32,33,34 (Reg)",N/A,NO,0,N/A,2812
-74.06927601,4.64467336299998,4594,350,2389,KR 18 X AC 57,TEUSAQUILLO,C900,SENCILLA,SI,1995/04/29 00:00:00+00,NORMAL,RP-TF,DEFINITIVA,"VEHICULAR, PEATONAL",9,9,3,"1,3,4",N/A,"21,23,24,31,33,34",N/A,NO,0,N/A,2812
-74.09559363,4.628487732,4595,628,2390,AK 40 X CL 21,PUENTE ARANDA,C900,SENCILLA,SI,2006/12/01 00:00:00+00,PMT,RP-TF,DEFINITIVA,"VEHICULAR, PEATONAL",8,8,2,"1,2,3,4",N/A,"22,23,24,31",N/A,NO,0,N/A,2407
-74.1082465,4.62804486099998,4596,1284,2391,KR 52 X AC 13,PUENTE ARANDA,C900,SENCILLA,SI,2012/12/15 00:00:00+00,NORMAL,CA-TA,DEFINITIVA,EXCLUSIVA PEATONAL,6,6,3,"4,4A,93",N/A,"24,24A,293 (Exc)",N/A,NO,0,"Conteo, Brechas",2409
-74.11024149,4.63027058799997,4597,1371,2392,KR 56 X AC 13,PUENTE ARANDA,C900,SENCILLA,SI,2014/12/17 00:00:00+00,NORMAL,CA-TA,DEFINITIVA,"VEHICULAR, PEATONAL",19,19,3,"3,3A,4,4A,91,92,93A",N/A,"23,23A,24,24A,291,292","723,723A,724,724A,7291,7292",NO,0,"Conteo, Activación de sonoro",2409
-74.13578082,4.63935795499998,4598,819,2393,AK 72 X CL 9,KENNEDY,C900,SENCILLA,SI,1990/04/18 00:00:00+00,NORMAL,CA-TA,DEFINITIVA,"VEHICULAR, PEATONAL",4,4,2,"1,2,3",N/A,23,N/A,NO,0,"Conteo, Brechas, Cola",2403
-74.14172452,4.638219784,4599,836,2394,KR 78 X AC 8,KENNEDY,C900,SENCILLA,SI,1995/01/06 00:00:00+00,NORMAL,BT-TF,DEFINITIVA,"VEHICULAR, PEATONAL",11,11,4,"1,2,3,4,7,8,63",N/A,"21,22,23,34",N/A,NO,0,N/A,2405
-74.14005621,4.64151730100002,4600,834,2395,KR 78 X CL 9,KENNEDY,C900,SENCILLA,SI,1995/10/04 00:00:00+00,NORMAL,BT-TA,DEFINITIVA,"VEHICULAR, PEATONAL",7,7,4,"1,2,3",N/A,"21,22,23,33",N/A,NO,0,"Brechas, Fases por demanda",2405
-74.083908,4.60394100000002,4601,1896,2708,AK 17 X CL 11,LOS MARTIRES,NO,CUADRUPLE,NO,2025/02/17 00:00:00+00,PMT,R-TF,PROVISIONAL_PMT,"VEHICULAR, PEATONAL",6,17,3,"2,4",N/A,"22,24,32,34",N/A,NO,0,N/A,2709
-74.10273509,4.64497944499999,4602,687,2710,AK 60 X AC 24,TEUSAQUILLO,C900,SENCILLA,SI,2005/10/20 00:00:00+00,NORMAL,CA-TA,DEFINITIVA,"VEHICULAR, PEATONAL",16,16,5,"1,2,3,4,5,6,7,8",N/A,"21,22,23,24,31,32,33,34",N/A,NO,0,N/A,2435
-74.11138615,4.65688245899997,4603,734,2711,KR 69B X CL 24A,FONTIBON,NO,DOBLE,NO,2004/09/07 00:00:00+00,NORMAL,BT-TF,DEFINITIVA,"VEHICULAR, PEATONAL",9,18,3,"1,4,4A,12,64A",N/A,"21,24,24A,212",N/A,NO,0,N/A,2412
-74.11259109,4.65609476600002,4604,740,2711,KR 69B X AC 24,FONTIBON,C900,DOBLE,SI,2004/09/07 00:00:00+00,NORMAL,BT-TF,DEFINITIVA,"VEHICULAR, PEATONAL",9,18,3,"2,3,3A,11",N/A,"22,23,23A,211,311",N/A,NO,0,N/A,2412
-74.10894258,4.65282285500001,4605,722,2712,KR 68B X CL 24A,FONTIBON,NO,DOBLE,NO,1998/05/04 00:00:00+00,Desvío - PMT,BT-TF,DEFINITIVA,"VEHICULAR, PEATONAL",6,12,3,"1,4,12,64",N/A,"21,24",N/A,NO,0,N/A,2412
-74.1095441,4.65214337200001,4606,726,2712,KR 68B X AC 24,FONTIBON,C900,DOBLE,SI,1998/05/04 00:00:00+00,NORMAL,BT-TF,DEFINITIVA,"VEHICULAR, PEATONAL",6,12,3,"2,3,11,63",N/A,"22,23",N/A,NO,0,N/A,2412
-74.11097005,4.65368053899999,4607,732,2713,AK 68D X AC 24,FONTIBON,C900,DOBLE,SI,1990/03/08 00:00:00+00,Desvío - PMT,BT-TA,DEFINITIVA,"VEHICULAR, PEATONAL",9,15,2,"2,3,92",N/A,"22,23,33,292",validar,NO,0,N/A,2412
-74.10990214,4.65467883100001,4608,1500,2713,AK 68D X CL 24A,FONTIBON,NO,DOBLE,NO,2017/03/16 00:00:00+00,Desvío - PMT,BT-TA,DEFINITIVA,"VEHICULAR, PEATONAL",6,15,2,"4,91",N/A,"24,291",validar,NO,0,N/A,2412
-74.10414814,4.62521991300002,4609,698,2714,KR 47 X AC 13,PUENTE ARANDA,C900,SENCILLA,SI,1990/07/11 00:00:00+00,NORMAL,BT-TF,DEFINITIVA,"VEHICULAR, PEATONAL",11,11,2,"2,3A,4A,6","3B,4B","22,23,24,33,52 ",N/A,NO,0,N/A,2705
-74.08824999,4.62992241900002,4610,588,2715,KR 37 X CL 25,TEUSAQUILLO,C900,SENCILLA,SI,1995/02/05 00:00:00+00,NORMAL,RP-TF,DEFINITIVA,"VEHICULAR, PEATONAL",4,4,2,"2,3",N/A,"22,23",N/A,NO,0,N/A,2301
-74.09973826,4.640795481,4611,1220,2716,KR 54 X AC 24,TEUSAQUILLO,C900,SENCILLA,SI,2011/06/30 00:00:00+00,NORMAL,CA-TA,DEFINITIVA,"VEHICULAR, PEATONAL",11,11,4,"1,2,3,4,7",N/A,"21,22,23,24,33,34 ",N/A,NO,0,"Brechas, Fase por demanda vehicular",2435
-74.09019658,4.63251828099999,4612,601,2717,AK 40 X CL 25,TEUSAQUILLO,C900,SENCILLA,SI,1995/03/11 00:00:00+00,NORMAL,RP-TF,DEFINITIVA,"VEHICULAR, PEATONAL",12,12,5,"1,2,3,8,94",N/A,"21,22,23,24,31,32,33",N/A,NO,0,N/A,2301
-74.14408356,4.670665337,4613,1501,2719,AK 97 X CL 17,FONTIBON,ACTROS,SENCILLA,SI,2017/07/26 00:00:00+00,NORMAL,BT-TA,DEFINITIVA,"VEHICULAR, PEATONAL",11,11,3,"1,3,4",N/A,"21,23,24,31","721, 723, 724, 731",NO,0,Activación de sonoro,2414
-74.08305486,4.65062699200001,4614,1471,2725,KR 45 X CL 59,TEUSAQUILLO,ACTROS,SENCILLA,SI,2017/07/07 00:00:00+00,NORMAL,BT-TF,DEFINITIVA,"VEHICULAR, PEATONAL",12,12,5,"1,2,3,4,5,6",N/A,"21,22,23,24,31,32",N/A,NO,0,N/A,2317
-74.08619043,4.64694285500002,4615,574,2726,AK 50 X AC 53,TEUSAQUILLO,ACTROS,SENCILLA,SI,1990/09/28 00:00:00+00,NORMAL,BT-TF,DEFINITIVA,"VEHICULAR, PEATONAL, CICLISTA",18,18,2,"1,2,3,4,11,12",N/A,"21,22,23,24,33,34,311,312",N/A,"41,42,411,412",0,N/A,2317
-74.08451485,4.65121860800002,4616,562,2727,AK 50 X CL 59,TEUSAQUILLO,ACTROS,SENCILLA,SI,1995/10/05 00:00:00+00,NORMAL,BT-TF,DEFINITIVA,"VEHICULAR, PEATONAL, CICLISTA",12,12,2,"1,2,3,4,64",N/A,"21,23,24,32",N/A,"41,42,43",0,N/A,2317
-74.06975507,4.63206188300001,4617,362,2734,KR 16 X DG 44BIS,TEUSAQUILLO,C900,SENCILLA,SI,1994/11/28 00:00:00+00,NORMAL,RP-TF,DEFINITIVA,"VEHICULAR, PEATONAL, CICLISTA",9,9,3,"2,3,4,92",N/A,"22,24,33,294",N/A,42,0,N/A,2811
-74.07335789,4.636697594,4618,447,2735,TV 21 X DG 45D Y CL 45CBIS,TEUSAQUILLO,C900,SENCILLA,SI,1993/12/03 00:00:00+00,NORMAL,RP-TF,DEFINITIVA,EXCLUSIVA VEHICULAR,4,4,3,"1,3,3A,4",N/A,N/A,N/A,NO,0,N/A,2811
-74.08325941,4.59888677499998,4619,553,2743,AK 14 X CL 8,SANTA FE,ACTROS,SENCILLA,SI,1993/12/16 00:00:00+00,PMT,BT-TF,DEFINITIVA,EXCLUSIVA PEATONAL,6,6,2,"1A,2A","1B,2B","21,22 (Exc)",N/A,NO,0,Cola - Siguiente Intersección,2743
-74.07269387,4.61561644400001,4620,437,2744,AK 14 X AC 26,SANTA FE,sX,SENCILLA,SI,2025/04/21 00:00:00+00,NORMAL,BT-TF,PROVISIONAL_PMT,EXCLUSIVA VEHICULAR,3,3,2,N/A,"1B, 10 (2B)",N/A,N/A,NO,0,N/A,2813
-74.15534367,4.66956272800002,4621,1381,2775,KR 104 X DG 15A,FONTIBON,C900,SENCILLA,SI,2015/02/03 00:00:00+00,NORMAL,BT-TF,DEFINITIVA,"VEHICULAR, PEATONAL, CICLISTA",12,12,4,"1,2,3,94",N/A,"22,23,294","722, 723, 7294 (Desconectados)","43, 44",0,Activación de sonoro,2431
-74.10799052,4.65588496999999,4622,720,2777,KR 68D X CL 25,FONTIBON,C900,DOBLE,SI,2006/11/17 00:00:00+00,PMT,BT-TF,DEFINITIVA,"VEHICULAR, PEATONAL, CICLISTA",9,22,4,"1A,3,7,14,18",N/A,"21A,33,214",N/A,43,0,N/A,2412
-74.10699091,4.65440102000002,4623,1266,2777,KR 68B X CL 25,FONTIBON,NO,DOBLE,NO,2012/08/01 00:00:00+00,PMT,BT-TF,DEFINITIVA,"VEHICULAR, PEATONAL, CICLISTA",13,22,4,"1,2,4,8,13,17",N/A,"21,22,24,34,212,313",N/A,44,0,N/A,2412
-74.10942994,4.65814339299999,4624,1240,2778,KR 69B X CL 25,FONTIBON,C900,SENCILLA,SI,2011/12/18 00:00:00+00,PMT,BT-TF,DEFINITIVA,"VEHICULAR, PEATONAL, CICLISTA",14,14,4,"1,2,3,4,7,8",N/A,"21,22,23,24,33,34",N/A,"43, 44",0,N/A,2412
-74.11240695,4.65204790600001,4625,739,2779,AK 68D X CL 23,FONTIBON,C900,SENCILLA,SI,2008/01/05 00:00:00+00,Desvío - PMT,BT-TA,DEFINITIVA,EXCLUSIVA PEATONAL,6,6,2,"1,2",N/A,"21,22","721,722",NO,0,Activación de sonoro,2412
-74.12212691,4.64005835400002,4626,784,2780,AK 68D X AC 13,FONTIBON,C900,SENCILLA,SI,1993/12/07 00:00:00+00,Desvío - PMT,BT-TF,DEFINITIVA,"VEHICULAR, PEATONAL",13,13,3,"1,2,3,4,94",N/A,"21,22,23,24,31,32,33,34",N/A,NO,0,N/A,2411
-74.13950836,4.66326387100003,4627,833,2781,KR 90 X DG 16,FONTIBON,ACTROS,SENCILLA,SI,1994/11/28 00:00:00+00,NORMAL,BT-TF,DEFINITIVA,"VEHICULAR, PEATONAL",6,6,2,"3,4,5",N/A,"23,25,34 (Reg)",N/A,NO,0,N/A,2414
-74.1422181,4.668052773,4628,839,2782,KR 96C X CL 17,FONTIBON,ACTROS,SENCILLA,SI,1994/11/19 00:00:00+00,NORMAL,BT-TF,DEFINITIVA,"VEHICULAR, PEATONAL",7,7,3,"1,3,4,7",N/A,"21,23,37",N/A,NO,0,N/A,2414
-74.14328898,4.673894034,4629,1237,2783,KR 99 X CL 19,FONTIBON,ACTROS,DOBLE,SI,2011/11/17 00:00:00+00,NORMAL,BT-TF,DEFINITIVA,"VEHICULAR, PEATONAL",5,11,2,"2,4",N/A,"22,24,32",N/A,NO,0,N/A,2414
-74.142609,4.67452200000002,4630,1766,2783,KR 99 X CL 20,FONTIBON,NO,DOBLE,NO,2024/08/08 00:00:00+00,NORMAL,BT-TF,DEFINITIVA,"VEHICULAR, PEATONAL",6,11,3,"3,12",N/A,"23,212,33,312",N/A,NO,0,N/A,2414
-74.14869828,4.66685362200002,4631,860,2784,AK 97 X DG 16,FONTIBON,C900,SENCILLA,SI,2004/12/06 00:00:00+00,NORMAL,CA-TA,DEFINITIVA,"VEHICULAR, PEATONAL",6,6,2,"3,4,91",N/A,"23,24,291",N/A,NO,0,"Conteo, Brechas, Cola - Siguiente Intersección, Fases por demanda peatonal",2401
-74.16088961,4.68788662999998,4632,898,2785,KR 124 X AC 17,FONTIBON,C900,SENCILLA,SI,2004/12/03 00:00:00+00,NORMAL,CA-TA,DEFINITIVA,"VEHICULAR, PEATONAL",8,8,2,"3,4,91",N/A,"23,24,291",N/A,"43, 44",0,"Conteo, Brechas, Fases por demanda, Cola - Siguiente Intersección, Fases por demanda peatonal",2402
-74.14317269,4.67524256600001,4633,1238,2786,KR 100 X CL 20,FONTIBON,ACTROS,DOBLE,SI,2011/11/18 00:00:00+00,NORMAL,BT-TF,DEFINITIVA,"VEHICULAR, PEATONAL",6,12,3,"1,3,5",N/A,"21,23,33 (Reg)",N/A,NO,0,N/A,2414
-74.143948,4.67463400000003,4634,1765,2786,KR 100 X CL 19,FONTIBON,NO,DOBLE,NO,2024/08/08 00:00:00+00,NORMAL,BT-TF,DEFINITIVA,"VEHICULAR, PEATONAL",6,12,3,"4,11",N/A,"24,211,34,311",N/A,NO,0,N/A,2414
-74.14524404,4.67221556499999,4635,848,2788,KR 99 X CL 17,FONTIBON,ACTROS,DOBLE,SI,1994/11/25 00:00:00+00,NORMAL,BT-TA,DEFINITIVA,"VEHICULAR, PEATONAL",11,18,3,"2,4,13",N/A,"22,24,32,213","722, 724, 732, 7213",NO,0,Activación de sonoro,2414
-74.14596151,4.67295651699999,4636,853,2788,KR 100 X CL17,FONTIBON,NO,DOBLE,NO,1994/11/25 00:00:00+00,NORMAL,BT-TA,DEFINITIVA,"VEHICULAR, PEATONAL",7,18,3,"1,3,14",N/A,"21,23,31,214",N/A,NO,0,N/A,2414
-74.09281872,4.63075966000002,4637,617,2789,AK 40 X AC 24,TEUSAQUILLO,C900,SENCILLA,SI,1995/01/27 00:00:00+00,NORMAL,BT-TF,DEFINITIVA,"VEHICULAR, PEATONAL",11,11,2,"1,2,3,4,62,63",N/A,"22,23,24,31,33",N/A,NO,0,N/A,2430
-74.08664828,4.62757098700001,4638,577,2790,KR 33 X CL 25,TEUSAQUILLO,C900,SENCILLA,SI,1994/12/02 00:00:00+00,NORMAL,R-TA,DEFINITIVA,"VEHICULAR, PEATONAL",6,6,3,"1,2,3",N/A,"21,23,32",N/A,NO,0,"Conteo, Brechas",2301
-74.09450006,4.62113325500002,4639,630,2791,AK 36 X CL 17A,PUENTE ARANDA,C900,SENCILLA,SI,2003/12/19 00:00:00+00,NORMAL,BT-TF,DEFINITIVA,"VEHICULAR, PEATONAL",4,4,2,"1,3",N/A,"21,23",N/A,NO,0,N/A,2705
-74.0693108,4.64943409,4640,349,2749,KR 19A X DG 61B,TEUSAQUILLO,NO,DOBLE,NO,1994/11/16 00:00:00+00,NORMAL,CA-TA,DEFINITIVA,"VEHICULAR, PEATONAL",6,12,2,"3A,4,11",N/A,"23A,211,311",N/A,NO,0,N/A,1906
-74.06944947,4.65047070100002,4641,354,2749,KR 19A X AC 63,TEUSAQUILLO,ACTROS,DOBLE,SI,1994/11/16 00:00:00+00,NORMAL,CA-TA,DEFINITIVA,"VEHICULAR, PEATONAL",6,12,2,"1,3,4A",N/A,"21,23,31",N/A,NO,0,Conteo,1906
-74.06813862,4.62996913900002,4642,324,2752,AK 14 X CL 41BIS,TEUSAQUILLO,C900,SENCILLA,SI,1993/12/16 00:00:00+00,NORMAL,R-TA,DEFINITIVA,"VEHICULAR, PEATONAL",10,10,2,"1A,2A,3","1B,2B","21,22,23,31,32",N/A,NO,0,"Conteo, Brechas, Cola - Siguiente Intersección",2807
-74.06732116,4.63446809200002,4643,313,2753,AK 14 X CL 47,TEUSAQUILLO,C900,DOBLE,SI,1998/06/26 00:00:00+00,NORMAL,R-TF,DEFINITIVA,"VEHICULAR, PEATONAL",7,11,2,4,"1B,2B","21,24,32,34",N/A,NO,0,Cola - Siguiente Intersección,2809
-74.068365,4.63467400000002,4644,1836,2753,KR 15 X CL 47,TEUSAQUILLO,NO,DOBLE,NO,2024/07/04 00:00:00+00,PMT,R-TF,PROVISIONAL_PMT,"VEHICULAR, PEATONAL",4,11,2,"1C,8",N/A,"21C,28",N/A,NO,0,N/A,2809
-74.07083742,4.62593463299999,4645,386,2755,KR 16 X CL 37,TEUSAQUILLO,C900,SENCILLA,SI,1994/11/28 00:00:00+00,NORMAL,RP-TF,DEFINITIVA,"VEHICULAR, PEATONAL",7,7,3,"2,3,4",N/A,"22,23,24,32 (Reg)",N/A,NO,0,N/A,2808
-74.07101334,4.62496861599999,4646,389,2756,KR 16 X CL 36,TEUSAQUILLO,NO,DOBLE,NO,1994/12/07 00:00:00+00,PMT,RP-TF,DEFINITIVA,"VEHICULAR, PEATONAL, CICLISTA",7,14,3,"2A,4",N/A,"22A,24,32A",N/A,"44,413",0,N/A,2808
-74.07223624,4.62517277799998,4647,415,2756,TV 17ABIS X CL 36,TEUSAQUILLO,C900,DOBLE,SI,1994/12/07 00:00:00+00,NORMAL,RP-TF,DEFINITIVA,"VEHICULAR, PEATONAL, CICLISTA",7,14,3,"2,6,14",N/A,"22,214,314",N/A,43,0,N/A,2808
-74.07325971,4.62618818300001,4648,441,2757,AK 19 X CL 37,TEUSAQUILLO,NO,DOBLE,NO,1994/11/15 00:00:00+00,NORMAL,RP-TF,DEFINITIVA,"VEHICULAR, PEATONAL, CICLISTA",6,11,3,"1,4",N/A,"21,24,34 (Reg)",N/A,41,0,N/A,2808
-74.07396139,4.62631299100002,4649,457,2757,KR 20 X CL 37,TEUSAQUILLO,C900,DOBLE,SI,1994/11/15 00:00:00+00,NORMAL,RP-TF,DEFINITIVA,"VEHICULAR, PEATONAL",5,11,2,"2,14",N/A,"22,32,214 (Reg)",N/A,NO,0,N/A,2808
-74.07832458,4.61836817599999,4650,522,2761,KR 19B X CL 24,LOS MARTIRES,C900,DOBLE,SI,1994/05/04 00:00:00+00,NORMAL,BT-TF,DEFINITIVA,"VEHICULAR, PEATONAL, CICLISTA",6,8,3,"1,3",N/A,"21,23",N/A,"41,44",0,N/A,2706
-74.07871163,4.618102292,4651,527,2761,KR 19B X DG 23BIS,LOS MARTIRES,NO,DOBLE,NO,1994/05/04 00:00:00+00,NORMAL,BT-TF,DEFINITIVA,EXCLUSIVA VEHICULAR,2,8,2,"3A,11",N/A,N/A,N/A,NO,0,N/A,2706
-74.07171714,4.62092083499999,4652,404,2762,KR 16 X AC 32,TEUSAQUILLO,C900,DOBLE,SI,1993/12/06 00:00:00+00,NORMAL,RP-TF,DEFINITIVA,"VEHICULAR, CICLISTA",3,10,4,"2A,4,13",N/A,N/A,N/A,NO,0,N/A,2806
-74.07269636,4.62075066300002,4653,432,2762,KR 17 X AC 32,TEUSAQUILLO,NO,DOBLE,NO,1993/12/06 00:00:00+00,NORMAL,RP-TF,DEFINITIVA,"VEHICULAR, PEATONAL, CICLISTA",7,10,2,"2,3,7,14,914",N/A,"32,214",N/A,NO,0,N/A,2806
-74.08511674,4.61232810400003,4654,565,2764,KR 22 X CL 17,LOS MARTIRES,C900,SENCILLA,SI,1995/02/18 00:00:00+00,NORMAL,RP-TF,DEFINITIVA,"VEHICULAR, PEATONAL",11,11,3,"1,2,3,4",N/A,"21,22,23,24,31,32,34",N/A,NO,0,N/A,2709
-74.08720392,4.61193180399999,4655,580,2765,KR 25 X CL 15,LOS MARTIRES,C900,SENCILLA,SI,1995/02/18 00:00:00+00,NORMAL,RP-TF,DEFINITIVA,"VEHICULAR, PEATONAL",5,5,2,"2,4",N/A,"22,24,32",N/A,NO,0,N/A,2709
-74.08848719,4.612997447,4656,590,2766,AK 27 X CL 15,LOS MARTIRES,C900,SENCILLA,SI,1995/02/18 00:00:00+00,NORMAL,RP-TF,DEFINITIVA,"VEHICULAR, PEATONAL",9,9,3,"1,2,4",N/A,"21,22,24,31,32,34 (Reg)",N/A,NO,0,N/A,2709
-74.07849468,4.61631746299997,4657,524,2771,AK 19 X CL 23,LOS MARTIRES,NO,DOBLE,NO,1993/12/22 00:00:00+00,NORMAL,BT-TF,DEFINITIVA,"VEHICULAR, PEATONAL",4,10,2,94,N/A,"32,294,394 (Reg)",N/A,NO,0,N/A,2706
-74.07830354,4.61631924400001,4658,1174,2771,AK 19 X DG 23BIS,LOS MARTIRES,C900,DOBLE,SI,1993/12/22 00:00:00+00,NORMAL,BT-TF,DEFINITIVA,"VEHICULAR, PEATONAL",6,10,2,"2,3,7",N/A,"22,23,33 (Reg)",N/A,NO,0,N/A,2706
-74.07910737,4.61947816000003,4659,531,2772,KR 24 X CL 24,LOS MARTIRES,C900,SENCILLA,SI,2006/10/25 00:00:00+00,NORMAL,BT-TF,DEFINITIVA,"VEHICULAR, PEATONAL",7,7,3,"2,3,3A,93A",N/A,"22,23,23A",N/A,NO,0,N/A,2706
-74.07416259,4.64073605300001,4660,467,2685,AK 24 X CL 52,TEUSAQUILLO,ACTROS,DOBLE,SI,1990/07/01 00:00:00+00,NORMAL,CA-TA,DEFINITIVA,"VEHICULAR, PEATONAL",10,21,3,"1,3,12",N/A,"21,23,33,212","721, 733, 7212",NO,0,"Conteo, Brechas, Fases por demanda peatonal sonoro",2811
-74.07432139,4.63975309400001,4661,472,2685,AK 24 X CL 51,TEUSAQUILLO,NO,DOBLE,NO,1990/07/01 00:00:00+00,NORMAL,CA-TA,DEFINITIVA,"VEHICULAR, PEATONAL",11,21,3,"2,4,11",N/A,"22,24,34,211","722, 724, 734, 7211",NO,0,"Conteo, Brechas, Fases por demanda peatonal sonoro",2811
-74.07448405,4.63877228500002,4662,476,2686,AK 24 X CL 50,TEUSAQUILLO,ACTROS,SENCILLA,SI,1998/08/02 00:00:00+00,NORMAL,CA-TA,DEFINITIVA,"VEHICULAR, PEATONAL",5,5,3,"1,2,3",N/A,"21,23",N/A,NO,0,"Conteo, Brechas",2811
-74.07482071,4.63688249699999,4663,1620,2687,AK 24 X CL 45C BIS,TEUSAQUILLO,ACTROS,SENCILLA,SI,2019/01/10 00:00:00+00,NORMAL,CA-TA,DEFINITIVA,"VEHICULAR, PEATONAL",8,8,4,"1,2,3,4",N/A,"21,22,23,24",N/A,NO,0,"Conteo, Brechas",2811
-74.09765044,4.63780715000001,4664,650,2688,AK 50 X AC 24,TEUSAQUILLO,C900,SENCILLA,SI,1986/11/13 00:00:00+00,NORMAL,R-TF,DEFINITIVA,"VEHICULAR, PEATONAL, CICLISTA",16,16,2,"1,2,3,4,91,93",N/A,"21,22,23,24,33,34,291,293",N/A,"41, 42",0, Brechas,2435
-74.10263739,4.63306926199999,4665,688,2689,AK 50 X CL 19,PUENTE ARANDA,C900,SENCILLA,SI,1993/07/12 00:00:00+00,NORMAL,CA-TA,DEFINITIVA,"VEHICULAR, PEATONAL, CICLISTA",8,8,2,"1,2,3",N/A,"22, 23, 31",N/A,"41, 42",0, Brechas,2435
-74.10521779,4.62973111700001,4666,705,2690,AK 50 X AC 17,PUENTE ARANDA,C900,SENCILLA,SI,1998/01/26 00:00:00+00,PMT,RP-TF,DEFINITIVA,"VEHICULAR, PEATONAL, CICLISTA",12,12,3,"1,2,7,93",N/A,"22,27,31,293",N/A,"41,42,43,44",0,"Brechas, Fases por demanda vehicular",2435
-74.10790368,4.63196846900001,4667,1171,2691,KR 55 X AC 17,PUENTE ARANDA,C900,DOBLE,SI,2009/12/22 00:00:00+00,PMT,BT-TF,DEFINITIVA,"VEHICULAR, PEATONAL",7,14,3,"2,4,13",N/A,"22,24,32,213",N/A,NO,0,Brechas,2408
-74.10842024,4.63240383999999,4668,1312,2691,KR 56 X AC 17,PUENTE ARANDA,NO,DOBLE,NO,2013/08/17 00:00:00+00,PMT,BT-TF,DEFINITIVA,"VEHICULAR, PEATONAL",7,14,3,"1,3,14",N/A,"21,23,31,214",N/A,NO,0,Brechas,2408
-74.08938806,4.60022384199999,4669,1249,2705,KR 19 X AC 6,LOS MARTIRES,C900,SENCILLA,SI,2012/03/28 00:00:00+00,NORMAL,R-TF,DEFINITIVA,"VEHICULAR, PEATONAL, CICLISTA",13,13,2,"2,3A,4A","3B,4B","22,23,24,32,33,332",N/A,"43, 44",0,Conteo,2703
-74.08618878,4.59778383000003,4670,578,2706,AC 6 X SALIDA PATIO TRANSMILENIO,LOS MARTIRES,C900,TRIPLE,SI,2005/03/01 00:00:00+00,NORMAL,R-TF,DEFINITIVA,"VEHICULAR, PEATONAL",5,25,3,113A,"2B,93B,113B",22B,N/A,NO,0,N/A,2703
-74.08776275,4.59904934500003,4671,584,2706,AC 6 X ENTRADA PATIO TRANSMILENIO,LOS MARTIRES,NO,TRIPLE,NO,2005/03/01 00:00:00+00,NORMAL,R-TF,DEFINITIVA,"VEHICULAR, PEATONAL, CICLISTA",7,25,2,13A,"4B,8B,13B",38B,N/A,"44B,413B",0,N/A,2703
-74.08811025,4.59932164000003,4672,587,2706,AK 18 X AC 6,LOS MARTIRES,NO,TRIPLE,NO,1988/04/13 00:00:00+00,NORMAL,R-TF,DEFINITIVA,"VEHICULAR, PEATONAL, CICLISTA",13,25,2,"1,3A,4A","3B,14B","21,23,24,31,34,331",N/A,"43B,414B",0,Conteo,2703
-74.08596198,4.60524099100002,4673,571,2707,KR 19 X CL 11,LOS MARTIRES,C900,TRIPLE,SI,2005/05/20 00:00:00+00,NORMAL,RP-TF,DEFINITIVA,"VEHICULAR, PEATONAL",5,13,2,"7,12",N/A,"27,212,316",N/A,NO,0,N/A,2709
-74.08542682,4.60602149900001,4674,1263,2707,KR 19 X CL 12,LOS MARTIRES,NO,TRIPLE,NO,2012/07/15 00:00:00+00,NORMAL,RP-TF,DEFINITIVA,"VEHICULAR, PEATONAL",4,13,2,"3,112",N/A,"232,112",N/A,NO,0,N/A,2709
-74.08648796,4.60447623499999,4675,1264,2707,KR 19 X CL 10,LOS MARTIRES,NO,TRIPLE,NO,2012/07/15 00:00:00+00,NORMAL,RP-TF,DEFINITIVA,"VEHICULAR, PEATONAL",4,13,2,"2,7A",N/A,"22,27A",N/A,NO,0,N/A,2709
-74.08435144,4.60535856000001,4676,561,2708,AK 18 X CL 12,LOS MARTIRES,C900,CUADRUPLE,SI,2005/07/13 00:00:00+00,PMT,R-TF,DEFINITIVA,"VEHICULAR, PEATONAL",4,17,2,"1,3",N/A,"21,23",N/A,NO,0,N/A,2709
-74.08484,4.60456599999998,4677,1897,2708,AK 18 X CL 11,LOS MARTIRES,NO,CUADRUPLE,NO,2025/02/17 00:00:00+00,PMT,R-TF,PROVISIONAL_PMT,"VEHICULAR, PEATONAL",4,17,2,"8,11",N/A,"28,211",N/A,NO,0,N/A,2709
-74.0852667,4.603619192,4678,1265,2708,AK 18 X CL 10,LOS MARTIRES,NO,CUADRUPLE,NO,2012/07/22 00:00:00+00,PMT,R-TF,DEFINITIVA,EXCLUSIVA PEATONAL,3,17,2,111,N/A,2111,72111,NO,0,Activación de sonoro,2709
-74.1338891,4.66935026700003,4679,1653,2864,KR 93 X AC 22,FONTIBON,C900,SENCILLA,SI,2019/12/31 00:00:00+00,NORMAL,BT-TA,DEFINITIVA,"VEHICULAR, PEATONAL",8,8,4,"3,4,10.3,10.4,92",N/A,"23,24,292",N/A,NO,0,"Brechas, Fases por demanda",2433
-74.1002004,4.60832628000003,4680,660,2866,KR 32 X AC 6,PUENTE ARANDA,C900,SENCILLA,SI,2008/01/26 00:00:00+00,NORMAL,RP-TF,DEFINITIVA,"VEHICULAR, PEATONAL",11,11,3,"1,3,4,11,91",N/A,"21,23,24,34,211,311",N/A,NO,0,N/A,2703
-74.10474859,4.61400455900002,4681,702,2867,KR 38 X AC 6,PUENTE ARANDA,C900,SENCILLA,SI,2007/09/12 00:00:00+00,PMT,BT-TF,DEFINITIVA,"VEHICULAR, PEATONAL",6,6,3,"1,3,4",N/A,"21,23,24",N/A,NO,0,N/A,2707
-74.10629972,4.620232655,4682,709,2868,TV 43B X AC 6,PUENTE ARANDA,NO,DOBLE,NO,2006/11/20 00:00:00+00,NORMAL,BT-TA,DEFINITIVA,"VEHICULAR, PEATONAL",6,12,3,"2,3,8",N/A,"22,23,28",N/A,NO,0,"Brechas, Fases por demanda",2707
-74.10591215,4.61987275799999,4683,1138,2868,KR 43 X AC 6,PUENTE ARANDA,C900,DOBLE,SI,2006/11/20 00:00:00+00,NORMAL,BT-TA,DEFINITIVA,"VEHICULAR, PEATONAL",6,12,3,"1,4,7",N/A,"21,24,27",N/A,NO,0,"Brechas, Fases por demanda",2707
-74.10326684,4.611355011,4684,690,2869,AK 36 X AC 6,PUENTE ARANDA,C900,SENCILLA,SI,1993/05/12 00:00:00+00,NORMAL,BT-TF,DEFINITIVA,"VEHICULAR, PEATONAL, CICLISTA",12,12,2,"1,3,4,11",N/A,"21,24,34,23,211,311 (Reg)",N/A,NO,0,N/A,2707
-74.11584135,4.66965432400002,4685,755,2870,KR 75 X CL 25G,FONTIBON,C900,SENCILLA,SI,1993/09/29 00:00:00+00,NORMAL,BT-TF,DEFINITIVA,"VEHICULAR, PEATONAL",5,5,2,"2,4",N/A,"22,24,32 (Reg)",N/A,NO,0,N/A,2413
-74.09050579,4.642356721,4686,603,2871,AK 50 X CL 44,TEUSAQUILLO,ACTROS,SENCILLA,SI,1998/06/25 00:00:00+00,NORMAL,BT-TF,DEFINITIVA,"VEHICULAR, PEATONAL, CICLISTA",18,18,2,"1,2,3,4,11,12",N/A,"21,22,23,24,33,34,211,212",N/A,"41,42,411,412",0,N/A,2317
-74.0890039,4.61490539300002,4687,592,2902,KR 28A X CL 17,LOS MARTIRES,C900,SENCILLA,SI,1998/09/05 00:00:00+00,NORMAL,RP-TF,DEFINITIVA,"VEHICULAR, PEATONAL",6,6,2,"1,3,4",N/A,"21,23,34",N/A,NO,0,N/A,2709
-74.11713775,4.64582843699998,4688,761,2903,AK 68D X CL 19,FONTIBON,C900,SENCILLA,SI,1993/08/30 00:00:00+00,NORMAL,BT-TF,DEFINITIVA,"VEHICULAR, PEATONAL",8,8,3,"1,2,3",N/A,"21,23,32,33,291 ",N/A,NO,0,N/A,2411
-74.12123185,4.64414701999999,4689,780,2904,KR 69 X CL 17,FONTIBON,C900,SENCILLA,SI,2006/11/01 00:00:00+00,NORMAL,BT-TF,DEFINITIVA,"VEHICULAR, PEATONAL",10,10,4,"1,2,3,4,7,8",N/A,"21,22,24,33",N/A,NO,0,N/A,2411
-74.11876119,4.64715741800001,4690,775,2906,KR 69 X CL 19,FONTIBON,C900,DOBLE,SI,2006/11/15 00:00:00+00,PMT,BT-TF,DEFINITIVA,"VEHICULAR, PEATONAL",9,18,3,"1,2A,4,8,13",N/A,"21,22A,24,313",N/A,NO,0,N/A,2411
-74.12027478,4.648410415,4691,781,2906,KR 69B X CL 19,FONTIBON,NO,DOBLE,NO,2006/11/15 00:00:00+00,PMT,BT-TF,DEFINITIVA,"VEHICULAR, PEATONAL",9,18,4,"1A,2,3,7,14",N/A,"21A,22,33,214",N/A,NO,0,N/A,2411
-74.07080679,4.616032733,4692,1194,2907,KR 13A X CL 28,SANTA FE,C900,SENCILLA,SI,2010/03/31 00:00:00+00,NORMAL,RP-TF,DEFINITIVA,"VEHICULAR, PEATONAL",12,12,4,"1,2,3,4",N/A,"21,22,23,34,53","721,722,753",NO,0,Activación de sonoro,2807
-74.11972453,4.64294202899998,4693,773,2908,AK 68D X AC 17,FONTIBON,C900,SENCILLA,SI,1998/02/11 00:00:00+00,Desvío - PMT,BT-TF,DEFINITIVA,"VEHICULAR, PEATONAL",11,11,3,"1,2,3,4,6",N/A,"22,23,24,31,33,34",N/A,NO,0,N/A,2411
-74.07009077,4.61539418199999,4694,366,2909,KR 13 X CL 28,SANTA FE,C900,TRIPLE,SI,1993/06/26 00:00:00+00,NORMAL,RP-TF,DEFINITIVA,"VEHICULAR, PEATONAL",6,11,2,"11,93",N/A,"211,293","7211, 7293",NO,0,Activación de sonoro,2807
-74.07096214,4.61424462600002,4695,383,2909,KR 13 X CL 26A,SANTA FE,NO,TRIPLE,NO,1993/06/26 00:00:00+00,NORMAL,RP-TF,DEFINITIVA,EXCLUSIVA PEATONAL,2,11,2,111,N/A,2111 (Exc),N/A,NO,0,N/A,2807
-74.0693717,4.61615672200003,4696,1334,2909,KR 13 X CL 29,SANTA FE,NO,TRIPLE,NO,2014/04/29 00:00:00+00,NORMAL,RP-TF,DEFINITIVA,EXCLUSIVA PEATONAL,3,11,2,1,N/A,21 (Exc),721,NO,0,Activación de sonoro,2807
-74.13860199,4.67847878700002,4697,832,2910,KR 100 X CL 22K,FONTIBON,C900,SENCILLA,SI,2004/12/03 00:00:00+00,NORMAL,BT-TF,DEFINITIVA,"VEHICULAR, PEATONAL",6,6,3,"1,2,3,4",N/A,"21,24",N/A,NO,0,N/A,2415
-74.11160851,4.62064126400003,4698,736,2911,AK 50 X CL 5A,PUENTE ARANDA,C900,SENCILLA,SI,1998/03/24 00:00:00+00,NORMAL,BT-TF,DEFINITIVA,"VEHICULAR, PEATONAL",6,6,2,"1,2,3",N/A,"22,23,31",N/A,NO,0,N/A,2527
-74.10587941,4.61850121800001,4699,708,2912,TV 42 X AC 6,PUENTE ARANDA,C900,SENCILLA,SI,1997/09/15 00:00:00+00,NORMAL,BT-TA,DEFINITIVA,"VEHICULAR, PEATONAL, CICLISTA",22,22,4,"1,2,3,4,11,12,13,14,91",N/A,"21,22,23,24,291,311,312,313,314",N/A,"43,44,413,414",0,Brechas,2707
-74.13405148,4.68145334299999,4700,813,2913,KR 100 X AC 24,FONTIBON,C900,SENCILLA,SI,1997/10/20 00:00:00+00,NORMAL,BT-TF,DEFINITIVA,"VEHICULAR, PEATONAL",8,8,3,"1,2,3,4,5",N/A,"22,23,34 (Reg)",N/A,NO,0,N/A,2415
-74.13313904,4.68228720399998,4701,809,2914,KR 100 X DG 24C,FONTIBON,C900,SENCILLA,SI,1997/10/04 00:00:00+00,NORMAL,BT-TF,DEFINITIVA,"VEHICULAR, PEATONAL",5,5,2,"1,2,8",N/A,"21,28",N/A,NO,0,N/A,2415
-74.163609,4.69001422500003,4702,904,2915,AK 128 X AC 17,FONTIBON,C900,SENCILLA,SI,1997/10/17 00:00:00+00,NORMAL,CA-TA,DEFINITIVA,"VEHICULAR, PEATONAL",12,12,4,"1,2,3,4,7,91",N/A,"21,22,23,24,33,34",N/A,NO,0,"Conteo, Brechas, Cola, Fases por demanda",2402
-74.15287952,4.67400645599997,4703,873,2916,AK 106 X DG 16,FONTIBON,C900,SENCILLA,SI,2002/01/18 00:00:00+00,NORMAL,CA-TA,DEFINITIVA,"VEHICULAR, PEATONAL",11,11,4,"1,3,4,8,93A",N/A,"21,23,31,34,293A",N/A,44,0,"Conteo, Brechas, Fases por demanda",2401
-74.13586753,4.683122631,4704,820,2917,AK 103 X AC 24,FONTIBON,C900,SENCILLA,SI,2002/08/27 00:00:00+00,NORMAL,BT-TA,DEFINITIVA,"VEHICULAR, PEATONAL",5,5,4,"1,2,3,4",N/A,23,N/A,NO,0,"Brechas, Fases por demanda",2415
-74.14709912,4.674244719,4705,857,2918,KR 103A X CL 17,FONTIBON,ACTROS,SENCILLA,SI,2002/08/28 00:00:00+00,NORMAL,BT-TF,DEFINITIVA,"VEHICULAR, PEATONAL",5,5,2,"2,3,4",N/A,"22,24",N/A,NO,0,N/A,2414
-74.16882957,4.694231167,4706,913,2919,KR 135 X AC 17,FONTIBON,C900,SENCILLA,SI,2003/12/30 00:00:00+00,PMT,CA-TA,DEFINITIVA,"VEHICULAR, PEATONAL",5,5,2,"1,3,4",N/A,"21,23",N/A,NO,0,"Conteo, Brechas",2402
-74.13599415,4.67993751400002,4707,822,2920,KR 100 X CL 23G,FONTIBON,C900,DOBLE,SI,2004/12/10 00:00:00+00,NORMAL,BT-TA,DEFINITIVA,"VEHICULAR, PEATONAL",11,19,2,"1,4,12,91,94",N/A,"21,24,34",721.724.734,NO,0,"Brechas, Fases por demanda, Activación de sonoro",2415
-74.09194048,4.62944851999998,4708,1218,2792,KR 38 X AC 24,TEUSAQUILLO,C900,SENCILLA,SI,2011/05/30 00:00:00+00,NORMAL,BT-TA,DEFINITIVA,EXCLUSIVA PEATONAL,6,6,2,"3,4",N/A,"23,24 (Exc)",724,NO,0,Activación de sonoro,2430
-74.0974705,4.668665551,4709,649,2794,KR 69 X AC 63,ENGATIVA,ACTROS,SENCILLA,SI,1998/04/30 00:00:00+00,NORMAL,BT-TA,DEFINITIVA,"VEHICULAR, PEATONAL",8,8,4,"1,3,4,7,94",N/A,"21,23,34",N/A,NO,0,"Brechas, Fases por demanda, Cola - Siguiente Intersección",2307
-74.09270282,4.67539112100002,4710,618,2796,KR 69 X AC 66,ENGATIVA,ACTROS,SENCILLA,SI,1994/12/28 00:00:00+00,NORMAL,BT-TF,DEFINITIVA,"VEHICULAR, PEATONAL",7,7,3,"1,2,4",N/A,"21,22,24, 34",N/A,NO,0,N/A,2307
-74.06065632,4.63864624799999,4711,201,2804,TV 3 X AC 53,CHAPINERO,ACTROS,SENCILLA,SI,1993/12/07 00:00:00+00,NORMAL,R-TF,DEFINITIVA,"VEHICULAR, PEATONAL",5,5,2,"1,3,4",N/A,"21,23",N/A,NO,0,N/A,2810
-74.1177162,4.68273242800001,4712,1718,2805,KR 90 X CL 52A,ENGATIVA,C900,SENCILLA,SI,2021/04/22 00:00:00+00,NORMAL,RP-TA,DEFINITIVA,"VEHICULAR, PEATONAL, CICLISTA",11,11,4,"3,5,91",N/A,"23,25,33","723,725,733","41,44",0,Activación de sonoro,2305
-74.11568216,4.68493155099998,4713,1719,2806,KR 90 X AC 63,ENGATIVA,C900,SENCILLA,SI,2021/04/22 00:00:00+00,NORMAL,BT-TA,DEFINITIVA,"VEHICULAR, PEATONAL",5,5,2,3,N/A,"23,293 (Exc)",7.237.293,NO,0,Activación de sonoro,2312
-74.11657423,4.68617430799998,4714,1721,2808,KR 92 X AC 63,ENGATIVA,C900,SENCILLA,SI,2021/04/14 00:00:00+00,NORMAL,BT-TA,DEFINITIVA,"VEHICULAR, PEATONAL",7,7,2,"3, 4, 104",N/A,"23,24",724,NO,0,Activación de sonoro,2312
-74.10197635,4.61996276100001,4715,1728,2809,TV 42 X CL 12,PUENTE ARANDA,C900,SENCILLA,SI,2021/06/16 00:00:00+00,NORMAL,BT-TA,DEFINITIVA,"VEHICULAR, PEATONAL",6,6,2,"3, 4, 2, 92",N/A,24,validar,NO,0,N/A,2705
-74.10626163,4.67677995000003,4716,1733,2811,KR 74 X AC 63,ENGATIVA,C900,SENCILLA,SI,2021/11/08 00:00:00+00,NORMAL,RP-TA,DEFINITIVA,"VEHICULAR, PEATONAL",6,6,2,"3, 4",N/A,"23, 24","723, 724",NO,0,N/A,2302
-74.09103983,4.62812069500001,4717,607,2813,KR 37 X AC 24,TEUSAQUILLO,C900,SENCILLA,SI,1993/03/11 00:00:00+00,NORMAL,BT-TF,DEFINITIVA,EXCLUSIVA VEHICULAR,2,2,2,"4,7",N/A,N/A,N/A,NO,0,N/A,2430
-74.13924446,4.67496148100003,4718,1621,2814,KR 97 X AC 22,FONTIBON,C900,SENCILLA,SI,2019/01/11 00:00:00+00,NORMAL,BT-TF,DEFINITIVA,"VEHICULAR, PEATONAL",10,10,3,"1,2,3,4",N/A,"21,22,23,24,33,34",N/A,NO,0,N/A,2433
-74.10371415,4.62153984999998,4719,693,2815,KR 43 X CL 12,PUENTE ARANDA,C900,SENCILLA,SI,1997/01/06 00:00:00+00,NORMAL,BT-TF,DEFINITIVA,"VEHICULAR, PEATONAL",7,7,2,"1,2,3,4",N/A,"21,23,32",N/A,NO,0,N/A,2705
-74.10041255,4.618545101,4720,674,2816,KR 38 X CL 12,PUENTE ARANDA,C900,SENCILLA,SI,1997/08/24 00:00:00+00,NORMAL,BT-TA,DEFINITIVA,"VEHICULAR, PEATONAL",8,8,4,"1,3,4,5,8",N/A,"21,23,24",N/A,NO,0,"Brechas, Fases por demanda",2705
-74.0985122,4.61682608500001,4721,659,2817,AK 36 X CL 12,PUENTE ARANDA,C900,SENCILLA,SI,1993/12/20 00:00:00+00,NORMAL,BT-TA,DEFINITIVA,"VEHICULAR, PEATONAL",9,9,4,"1,2,3,4,5",N/A,"21,22,23,24",N/A,NO,0,"Brechas, Fases por demanda",2705
-74.09518764,4.61382514500002,4722,636,2818,KR 32 X CL 12,PUENTE ARANDA,C900,SENCILLA,SI,1995/04/26 00:00:00+00,NORMAL,BT-TF,DEFINITIVA,"VEHICULAR, PEATONAL",6,6,4,"2,3,4",N/A,"22,23,24",N/A,NO,0,N/A,2705
-74.10082905,4.61419568999997,4723,1331,2819,AK 36 X CL 9,PUENTE ARANDA,C900,DOBLE,SI,2014/02/10 00:00:00+00,NORMAL,BT-TA,DEFINITIVA,"VEHICULAR, PEATONAL",7,10,3,"1,2,4,91",N/A,"21,24,34",N/A,NO,0,N/A,2707
-74.10141702,4.61350687999999,4724,1332,2819,AK 36 X CL 8A,PUENTE ARANDA,NO,DOBLE,NO,2014/02/10 00:00:00+00,NORMAL,BT-TA,DEFINITIVA,"VEHICULAR, PEATONAL",3,10,2,"3,11",N/A,23,N/A,NO,0,"Brechas, Fases por demanda",2707
-74.07723799,4.616781597,4725,513,2828,AK 19 X CL 24,LOS MARTIRES,C900,SENCILLA,SI,1993/12/20 00:00:00+00,NORMAL,BT-TF,DEFINITIVA,"VEHICULAR, PEATONAL, CICLISTA",8,8,3,"2,3",N/A,"22,23,32,33",N/A,43.44,0,N/A,2706
-74.12845656,4.66404673,4726,1360,2837,KR 82 X AC 22,FONTIBON,C900,SENCILLA,SI,2014/09/15 00:00:00+00,NORMAL,RP-TA,DEFINITIVA,"VEHICULAR, PEATONAL",9,9,2,"3,5,91",N/A,"21,23,33",721.723.733,NO,0,Activación de sonoro,2410
-74.1260136,4.66626268200002,4727,792,2838,KR 82 X CL 23,FONTIBON,C900,SENCILLA,SI,1993/12/30 00:00:00+00,NORMAL,RP-TF,DEFINITIVA,"VEHICULAR, PEATONAL",7,7,4,"1,4,93",N/A,"21,23,24,31 (Reg)",N/A,NO,0,N/A,2410
-74.07593737,4.64212504300002,4728,496,2839,KR 27 X AC 53,TEUSAQUILLO,C900,DOBLE,SI,1994/11/15 00:00:00+00,NORMAL,R-TA,DEFINITIVA,"VEHICULAR, PEATONAL",10,14,3,"3,4,12",N/A,"23,24,212,312",7.237.247.312,NO,0,"Conteo, Brechas, Activación de sonoro",2811
-74.07614697,4.64107909400002,4729,498,2839,KR 27 X CL 52,TEUSAQUILLO,NO,DOBLE,NO,1994/11/15 00:00:00+00,NORMAL,R-TA,DEFINITIVA,"VEHICULAR, PEATONAL",4,14,2,"2,3A",N/A,"22,23A",N/A,NO,0,N/A,2811
-74.07631651,4.64008879900001,4730,502,2840,KR 27 X CL 51,TEUSAQUILLO,NO,DOBLE,NO,1998/08/05 00:00:00+00,NORMAL,RP-TA,DEFINITIVA,"VEHICULAR, PEATONAL",10,15,3,"2,4,13,792",N/A,"22,24,213",7.227.247.213,NO,0,"Brechas, Activación de sonoro",2811
-74.077366,4.64027215099998,4731,514,2840,KR 28 X CL 51,TEUSAQUILLO,ACTROS,DOBLE,SI,1998/08/05 00:00:00+00,NORMAL,RP-TA,DEFINITIVA,"VEHICULAR, PEATONAL",5,15,2,"1,3,14",N/A,"21,23",N/A,NO,0,Brechas,2811
-74.12268284,4.669249498,4732,785,2841,KR 82 X AC 24,FONTIBON,C900,SENCILLA,SI,1994/02/24 00:00:00+00,NORMAL,RP-TF,DEFINITIVA,"VEHICULAR, PEATONAL",9,9,3,"1,3,4",N/A,"21,23,24,31,33,34 (Reg)",N/A,NO,0,Cola - Siguiente Intersección,2410
-74.12533215,4.67206465599998,4733,791,2842,AK 86 X AC 24,FONTIBON,ACTROS,SENCILLA,SI,2000/01/13 00:00:00+00,NORMAL,CA-TA,DEFINITIVA,"VEHICULAR, PEATONAL",8,8,2,"1,2,3,4",N/A,"22,24,31,33",N/A,NO,0,"Conteo, Brechas",2410
-74.12790886,4.66901209899999,4734,797,2843,AK 86 X CL 23,FONTIBON,ACTROS,SENCILLA,SI,2000/01/13 00:00:00+00,NORMAL,CA-TA,DEFINITIVA,EXCLUSIVA PEATONAL,4,4,2,"1,2",N/A,"21,22 (Exc)",N/A,NO,0,"Cola - Siguiente Intersección, Fases por demanda peatonal",2410
-74.1304967,4.66589997900002,4735,800,2844,AK 86 X AC 22,FONTIBON,ACTROS,SENCILLA,SI,2000/02/01 00:00:00+00,NORMAL,CA-TA,DEFINITIVA,"VEHICULAR, PEATONAL",13,13,3,"1,2,3,4,11,12,91",N/A,"21,22,23,34,311,312",N/A,NO,0,"Conteo, Brechas, Fases por demanda peatonal",2410
-74.1506244,4.64569597799999,4736,865,2845,AK 86 X AC 8,KENNEDY,C900,SENCILLA,SI,2006/09/27 00:00:00+00,NORMAL,CA-TA,DEFINITIVA,"VEHICULAR, PEATONAL",11,11,3,"1,2,4,5,792",N/A,"22,24,31",722.724.731,NO,0,"Conteo, Brechas, Fases por demanda, Cola - Siguiente Intersección, Activación de sonoro",2404
-74.14724769,4.64896844499998,4737,855,2846,AK 86 X CL 10,KENNEDY,C900,SENCILLA,SI,2007/08/11 00:00:00+00,NORMAL,CA-TA,DEFINITIVA,"VEHICULAR, PEATONAL",8,8,2,"1,2,7,93",N/A,"22,27,31,293",N/A,NO,0,"Conteo, Brechas",2404
-74.13329067,4.66239445899998,4738,808,2847,AK 86 X CL 19A,FONTIBON,ACTROS,SENCILLA,SI,2008/04/23 00:00:00+00,NORMAL,CA-TA,DEFINITIVA,"VEHICULAR, PEATONAL",10,10,2,"1,2,3,4",N/A,"22,23,24,31,33,34",N/A,NO,0,"Conteo, Brechas",2410
-74.14066095,4.65519447000003,4739,1307,2849,AK 86 X CL 13D,KENNEDY,C900,SENCILLA,SI,2013/05/08 00:00:00+00,NORMAL,CA-TA,DEFINITIVA,"VEHICULAR, PEATONAL",6,6,3,"1,2,5,6",N/A,"21,22",N/A,NO,0,"Conteo, Brechas, Cola - Siguiente Intersección",2404
-74.12931483,4.67652739599998,4740,1451,2850,TV 95A X AC 24,FONTIBON,C900,SENCILLA,SI,2016/01/16 00:00:00+00,NORMAL,BT-TA,DEFINITIVA,EXCLUSIVA PEATONAL,6,6,3,"3,4",N/A,"23,24 (Exc)",724,NO,0,"Cola - Siguiente Intersección, Activación de sonoro",2415
-74.13872735,4.65668406600003,4741,1464,2851,AK 86 X CL 15A,KENNEDY,C900,SENCILLA,SI,2017/05/10 00:00:00+00,NORMAL,CA-TA,DEFINITIVA,"VEHICULAR, PEATONAL",10,10,4,"1,2,94,792",N/A,"21,22,294",7.217.227.294,NO,0,"Conteo, Activación de sonoro",2404
-74.10845367,4.67378746399999,4742,719,2854,KR 73A X AC 53,ENGATIVA,C900,SENCILLA,SI,1993/05/12 00:00:00+00,NORMAL,CA-TA,DEFINITIVA,"VEHICULAR, PEATONAL",10,10,3,"1,2,3,4",N/A,"21,22,23,24,33,34",N/A,NO,0,"Conteo, Cola - Siguiente Intersección",2302
-74.12605802,4.64508304700001,4743,1648,2860,KR 71D X CL 12D,KENNEDY,C900,SENCILLA,SI,2019/09/30 00:00:00+00,NORMAL,BT-TA,DEFINITIVA,"VEHICULAR, PEATONAL",17,17,3,"1,2,7,91,93",N/A,"21,22,27,31,32,293","721, 722, 727, 731, 732, 7293",NO,0,"Brechas, Activación de sonoro",2418
-74.13032291,4.64628265099998,4744,1649,2862,AK 72 X CL 12B,KENNEDY,C900,SENCILLA,SI,2019/10/01 00:00:00+00,PMT,BT-TA,DEFINITIVA,"VEHICULAR, PEATONAL",7,7,3,"1,2,94",N/A,"21,22,294,33",N/A,NO,0,"Brechas, Fases por demanda",2403
-74.14099143,4.67667168600002,4745,1652,2863,KR 100 X AC 22,FONTIBON,C900,SENCILLA,SI,2019/12/31 00:00:00+00,NORMAL,BT-TA,DEFINITIVA,"VEHICULAR, PEATONAL",9,9,4,"1,3,4,94",N/A,"21,24,31,33,294",N/A,NO,0,"Brechas, Fases por demanda",2433
-74.09375371,4.63218451699998,4746,626,2945,KR 43A X AC 24,TEUSAQUILLO,C900,DOBLE,SI,1997/10/17 00:00:00+00,NORMAL,BT-TF,DEFINITIVA,"VEHICULAR, PEATONAL, CICLISTA",7,14,3,"2,4,13",N/A,"22,24,32",N/A,42,0,N/A,2430
-74.0946618,4.63352020399998,4747,632,2945,KR 44A X AC 24,TEUSAQUILLO,NO,DOBLE,NO,1997/10/17 00:00:00+00,NORMAL,BT-TF,DEFINITIVA,"VEHICULAR, PEATONAL, CICLISTA",7,14,3,"1,3,14",N/A,"21,23,31",N/A,41,0,N/A,2430
-74.13266251,4.68001550499997,4748,807,2946,AK 97 X AC 24,FONTIBON,C900,SENCILLA,SI,2000/05/26 00:00:00+00,NORMAL,BT-TF,DEFINITIVA,"VEHICULAR, PEATONAL",10,10,3,"1,2,3,4,8",N/A,"21,23,24,33,34",N/A,NO,0,N/A,2415
-74.08257458,4.62056330500002,4749,552,2947,AK 27 Y TV 28 X CL 22C,LOS MARTIRES,C900,SENCILLA,SI,2001/01/15 00:00:00+00,NORMAL,BT-TF,DEFINITIVA,"VEHICULAR, PEATONAL",7,7,3,"1,2,3,6",N/A,"22,23,31",N/A,NO,0,N/A,2706
-74.0805995,4.62179610999999,4750,542,2948,AK 27 X CL 24 Y DG 24BIS,LOS MARTIRES,C900,SENCILLA,SI,2004/02/17 00:00:00+00,NORMAL,BT-TF,DEFINITIVA,"VEHICULAR, PEATONAL",7,7,3,"2,3,3A,4",N/A,"23,32,34",N/A,NO,0,N/A,2706
-74.08225468,4.61602078999999,4751,548,2949,KR 22 X AC 22,LOS MARTIRES,C900,SENCILLA,SI,2000/02/16 00:00:00+00,NORMAL,RP-TF,DEFINITIVA,"VEHICULAR, PEATONAL",8,8,4,"1,2,3,4",N/A,"21,22,24,31 (Reg)",N/A,NO,0,N/A,2701
-74.11275385,4.61913900500002,4752,742,2950,AK 50 X CL 4F,PUENTE ARANDA,C900,SENCILLA,SI,2004/06/29 00:00:00+00,NORMAL,BT-TF,DEFINITIVA,"VEHICULAR, PEATONAL",8,8,3,"1,2,4,91",N/A,"21,14,32,34",N/A,NO,0,N/A,2527
-74.10904973,4.67918870300002,4753,721,2951,KR 77A X AC 63,ENGATIVA,C900,SENCILLA,SI,2002/06/03 00:00:00+00,NORMAL,CA-TA,DEFINITIVA,"VEHICULAR, PEATONAL",11,11,5,"1,2,3,4,7,8",N/A,"22,23,24,33,34",N/A,NO,0,"Conteo, Brechas, Fases por demanda",2302
-74.11174902,4.68154199000003,4754,737,2952,TV 85 X AC 63,ENGATIVA,C900,SENCILLA,SI,2002/06/11 00:00:00+00,NORMAL,CA-TA,DEFINITIVA,"VEHICULAR, PEATONAL",10,10,5,"1,2,3,4,7,8",N/A,"21,22,24,33",N/A,NO,0,"Conteo, Brechas, Fases por demanda",2302
-74.13439826,4.70229533600002,4755,814,2953,KR 111C X AC 63,ENGATIVA,C900,DOBLE,SI,2004/05/12 00:00:00+00,NORMAL,BT-TF,DEFINITIVA,"VEHICULAR, PEATONAL",6,12,2,"1,4,13",N/A,"21,34,213",N/A,NO,0,N/A,2312
-74.13495226,4.70272821100002,4756,817,2953,KR 112 X AC 63,ENGATIVA,NO,DOBLE,NO,2004/05/12 00:00:00+00,NORMAL,BT-TF,DEFINITIVA,"VEHICULAR, PEATONAL",6,12,2,"3,7,14",N/A,"33,37,214",N/A,NO,0,N/A,2312
-74.08029091,4.60895118799999,4757,538,2954,KR 17 X CL 17,LOS MARTIRES,ACTROS,SENCILLA,SI,2002/10/09 00:00:00+00,NORMAL,RP-TF,DEFINITIVA,"VEHICULAR, PEATONAL",6,6,3,"1,2,4",N/A,"21,22,24",N/A,NO,0,N/A,2708
-74.11832159,4.68856184399999,4758,765,2955,TV 93 X AC 63,ENGATIVA,C900,SENCILLA,SI,2004/05/10 00:00:00+00,NORMAL,BT-TA,DEFINITIVA,"VEHICULAR, PEATONAL",8,8,3,"2,3,4,7,93",N/A,"22,24,33",N/A,NO,0,"Brechas, Fases por demanda",2312
-74.0860274,4.60909553900001,4759,566,2956,KR 21 X AC 13,LOS MARTIRES,C900,SENCILLA,SI,2003/09/19 00:00:00+00,Desvío - PMT,R-TF,DEFINITIVA,EXCLUSIVA PEATONAL,6,6,2,"3A,4A","3B,4B","23,24 (Exc)",N/A,NO,0,N/A,2709
-74.11779674,4.62832129899999,4760,758,2957,KR 63 X AC 9,PUENTE ARANDA,C900,DOBLE,SI,2003/02/26 00:00:00+00,NORMAL,BT-TF,DEFINITIVA,"VEHICULAR, PEATONAL",6,8,2,"1,3A,4A,7","3B,4B",37,N/A,NO,0,N/A,2428
-74.115418,4.62848400000001,4761,1891,2957,KR 60 X AC 9,PUENTE ARANDA,NO,DOBLE,NO,2025/02/22 00:00:00+00,NORMAL,BT-TF,PROVISIONAL_PMT,EXCLUSIVA VEHICULAR,2,8,2,"8, 4B",N/A,N/A,N/A,NO,0,N/A,2428
-74.12067315,4.692108679,4762,776,2958,AK 96 X AC 63,ENGATIVA,C900,SENCILLA,SI,2004/05/11 00:00:00+00,NORMAL,BT-TA,DEFINITIVA,"VEHICULAR, PEATONAL, CICLISTA",10,10,3,"1,3,4,7",N/A,"21,23,34,37",N/A,41.42,0,Brechas,2312
-74.12639016,4.69624916999999,4763,796,2959,KR 105 X AC 63,ENGATIVA,C900,SENCILLA,SI,2004/06/11 00:00:00+00,NORMAL,BT-TF,DEFINITIVA,"VEHICULAR, PEATONAL",7,7,3,"1,3,4,7",N/A,"21,23,34",N/A,NO,0,N/A,2312
-74.13121123,4.699891605,4764,802,2960,KR 110 X AC 63,ENGATIVA,C900,DOBLE,SI,2004/05/18 00:00:00+00,NORMAL,BT-TF,DEFINITIVA,"VEHICULAR, PEATONAL",6,12,4,"4,7,13",N/A,"24,37,313",N/A,NO,0,N/A,2312
-74.13147224,4.70008125200002,4765,804,2960,KR 110BIS X AC 63,ENGATIVA,NO,DOBLE,NO,2004/05/18 00:00:00+00,NORMAL,BT-TF,DEFINITIVA,"VEHICULAR, PEATONAL",6,12,3,"1,3,14",N/A,"21,23,314",N/A,NO,0,N/A,2312
-74.10758265,4.49759283399999,4766,1210,3009,KR 1 X CL 92B S,USME,NO,DOBLE,NO,2010/12/30 00:00:00+00,NORMAL,R-TF,DEFINITIVA,"VEHICULAR, PEATONAL",7,14,2,"2,3,11,93",N/A,"22,293,311","722, 7293, 7311",NO,0,"Conteo, Activación de sonoro",3626
-74.118944675,4.53181013099999,4767,1854,3100,KR 13 X CL 67A S,USME,C900,SENCILLA,SI,2025/01/18 00:00:00+00,NORMAL,R-TA,DEFINITIVA,"VEHICULAR, PEATONAL",6,6,4,2A,2B,22,722,"41,42",0,Activación de sonoro,3625
-74.120074691,4.53360519900002,4768,1051,3010,AK 14 X CL 65 S,USME,C900,SENCILLA,SI,2025/01/18 00:00:00+00,PMT,R-TF,DEFINITIVA,"VEHICULAR, PEATONAL, CICLISTA",27,27,3,"1A,4,2A,92,92A,94,102","1B,2B","21,24,292,292A,294,32,34,392A","721, 724","41,42",0,"Conteo, Brechas, Fases por demanda peatonal",3625
-74.15691606,4.58731465599999,4769,218,3011,TV 66A X CL 59C SUR,TUNJUELITO,C900,SENCILLA,SI,2022/09/14 00:00:00+00,NORMAL,RP-TF,DEFINITIVA,"VEHICULAR, PEATONAL",10,10,4,"1,2,3,4,5",N/A,"21,22,24,31,32,34",N/A,NO,0,N/A,3510
-74.16158154,4.644445249,4770,454,3012,KR 89 X CL 4,KENNEDY,C900,SENCILLA,SI,2023/02/17 00:00:00+00,NORMAL,BT-TF,DEFINITIVA,"VEHICULAR, PEATONAL, CICLISTA",8,8,2,"1,2,8",N/A,"22,31,28",PROYECTADOS,"41,42",0,Activación de sonoro,3425
-74.1300132,4.56728730999998,4771,1177,3013,KR 18B X CL 53 S Y DG 54 S,TUNJUELITO,ACTROS,SENCILLA,SI,1979/04/04 00:00:00+00,NORMAL,BT-TF,DEFINITIVA,"VEHICULAR, PEATONAL",6,6,3,"1,3,4",N/A,"21,23,24",N/A,NO,0,"Brechas, Fases por demanda",3512
-74.13692256,4.574191058,4772,1593,3014,KR 24 X CL 55 SUR,TUNJUELITO,C900,SENCILLA,SI,2021/05/14 00:00:00+00,NORMAL,BT-TF,DEFINITIVA,"VEHICULAR, PEATONAL",9,15,2,"1,2,3,6",N/A,"21,22,23,31,32","721, 722, 723, 731, 732",NO,0,Activación de sonoro,3524
-74.1522006,4.62053326300003,4773,1595,3015,KR 78B X CL 38C SUR,KENNEDY,C900,SENCILLA,SI,2020/07/28 00:00:00+00,NORMAL,BT-TF,DEFINITIVA,"VEHICULAR, PEATONAL",9,9,3,"1,2,3",N/A,"21,22,23",721.722.723,NO,0,Activación de sonoro,3528
-74.19443341,4.60989974,4774,1604,3016,KR 81 X CL 71A SUR,BOSA,C900,SENCILLA,SI,2020/03/11 00:00:00+00,NORMAL,BT-TF,DEFINITIVA,"VEHICULAR, PEATONAL",9,13,4,"1,2,3,4,92",N/A,"21,22,24,292","721,722,724,7292",NO,0,Activación de sonoro,3421
-74.1606523,4.64530044100002,4775,495,3017,AK 89 X CL 6,KENNEDY,C900,SENCILLA,SI,2023/02/19 00:00:00+00,NORMAL,BT-TF,DEFINITIVA,"VEHICULAR, PEATONAL, CICLISTA",10,10,4,"1,2,4,6",N/A,"21,22,32,34",PROYECTADOS,"41,42",0,Activación de sonoro,3425
-74.15353619,4.63172201999998,4776,1616,3018,DG 2 X KR 79G,KENNEDY,ACTROS,SENCILLA,SI,2020/09/29 00:00:00+00,NORMAL,R-TA,DEFINITIVA,"VEHICULAR, PEATONAL",6,9,2,"3,4,92",N/A,"23,24,292","723, 724, 7292",NO,0,"Conteo, Brechas, Fases por demanda, Activación de sonoro",3509
-74.15887276,4.64709053000001,4777,539,3019,AK 89 X CL 6A,KENNEDY,C900,SENCILLA,SI,2023/02/22 00:00:00+00,NORMAL,BT-TA,DEFINITIVA,"VEHICULAR, PEATONAL, CICLISTA",18,18,2,"1, 2, 3, 4",N/A,"21, 22, 23, 24, 31, 32","721,722,723,724,731,732","41, 42",0,"Activación de sonoro, Fases por demanda peatonal sonoro",2437
-74.08334721,4.57599908999998,4778,1591,3020,KR 2 X AC 11 SUR,SAN CRISTOBAL,ACTROS,SENCILLA,SI,2020/06/09 00:00:00+00,NORMAL,BT-TA,DEFINITIVA,"VEHICULAR, PEATONAL",12,12,4,"1,2,3,4",N/A,"21,22,23,24","721,722,723,724",NO,0,"Brechas, Fases por demanda vehicular, Activación de sonoro",3608
-74.15731466,4.64838425400001,4779,572,3021,AK 89 X CL 6 C,KENNEDY,C900,SENCILLA,SI,2023/02/17 00:00:00+00,NORMAL,BT-TF,DEFINITIVA,"VEHICULAR, PEATONAL, CICLISTA",8,8,2,"1,2",N/A,"21,22",PROYECTADOS,"41,42",0,Activación de sonoro,2437
-74.09069215,4.55328788399999,4780,1597,3022,KR 6 ESTE X CL 37 SUR,SAN CRISTOBAL,C900,SENCILLA,SI,2020/08/01 00:00:00+00,NORMAL,BT-TA,DEFINITIVA,"VEHICULAR, PEATONAL",7,11,3,"2,3,4",N/A,"22,23,24,32","722, 723, 724, 732",NO,0,"Fases por demanda, Activación de sonoro",3611
-74.10856898,4.55286511399999,4781,1598,3023,TV 5A X CL 48P SUR,RAFAEL URIBE,ACTROS,SENCILLA,SI,2020/09/29 00:00:00+00,NORMAL,BT-TA,DEFINITIVA,"VEHICULAR, PEATONAL",6,9,3,"1,3,4",N/A,"21,23,24","721, 723, 724",NO,0,Activación de sonoro,3614
-74.08203008,4.57490538899998,4782,1606,3024,KR 1A ESTE X AC 11 SUR,SAN CRISTOBAL,ACTROS,SENCILLA,SI,2020/06/09 00:00:00+00,NORMAL,BT-TA,DEFINITIVA,"VEHICULAR, PEATONAL",12,12,4,"1,2,3,4",N/A,"21,22,23,24","721, 722, 723, 724",NO,0,"Brechas, Fases por demanda, Activación de sonoro",3608
-74.10517041,4.58889333500002,4783,1609,3025,KR 24G X CL 18 SUR,ANTONIO NARINO,C900,SENCILLA,SI,2020/07/30 00:00:00+00,NORMAL,BT-TA,DEFINITIVA,"VEHICULAR, PEATONAL",7,11,4,"1,2,3",N/A,"21,22,23,33","721, 722, 723, 733",NO,0,Activación de sonoro,3621
-74.156869,4.64880099999999,4784,701,3026,AK 89 X CL 6D,KENNEDY,C900,SENCILLA,SI,2023/08/14 00:00:00+00,NORMAL,BT-TF,DEFINITIVA,"VEHICULAR, PEATONAL, CICLISTA",28,28,3,"2,3,4,11, 1,12",N/A,"22,23,24,32,211,311,21,212","722,723,724,7211,7311,732,721,7212","42,411,41,43,44,412",0,Activación de sonoro,2437
-74.16710004,4.587807591,4785,1611,3027,KR 72 X CL 63 SUR,CIUDAD BOLIVAR,C900,SENCILLA,SI,2020/05/12 00:00:00+00,NORMAL,BT-TA,DEFINITIVA,"VEHICULAR, PEATONAL",5,5,3,"1,2,4",N/A,"21,24",N/A,NO,0,Fases por demanda peatonal,3517
-74.14165409,4.71398909300001,4786,1167,2961,KR 121 X CL 64,ENGATIVA,C900,SENCILLA,SI,2009/11/18 00:00:00+00,NORMAL,BT-TF,DEFINITIVA,"VEHICULAR, PEATONAL",6,6,3,"1,3,4",N/A,"21,23,24",N/A,NO,0,N/A,2311
-74.15667432,4.68297121199998,4787,1690,2962,KR 116A X DG 16,FONTIBON,C900,SENCILLA,SI,2020/11/04 00:00:00+00,NORMAL,CA-TA,DEFINITIVA,"VEHICULAR, PEATONAL",6,6,3,"3,4,92",N/A,"24,33,292",N/A,NO,0,"Conteo, Brechas, Fases por demanda",2402
-74.12652007,4.681982199,4788,1699,2964,KR 96 X CL 25D,FONTIBON,C900,SENCILLA,SI,2020/12/29 00:00:00+00,NORMAL,BT-TA,DEFINITIVA,"VEHICULAR, PEATONAL",9,9,4,"1,2,4,92",N/A,"21,22,24,31",721,NO,0,Activación de sonoro,2415
-74.12065438,4.687015643,4789,1698,2965,TV 93 X KR 52A,ENGATIVA,C900,SENCILLA,SI,2020/10/08 00:00:00+00,NORMAL,BT-TA,DEFINITIVA,"VEHICULAR, PEATONAL, CICLISTA",8,8,3,"2,94",N/A,"22,294","722, 7294",41.42,0,N/A,2312
-74.10981227,4.62777959599998,4790,728,2966,KR 53F X AC 9,PUENTE ARANDA,C900,SENCILLA,SI,2003/02/26 00:00:00+00,PMT,BT-TF,DEFINITIVA,EXCLUSIVA VEHICULAR,4,4,2,"2,4A","3B,4B",N/A,N/A,NO,0,N/A,2428
-74.1157511,4.62417792799999,4791,753,2967,KR 56 X CL 5A,PUENTE ARANDA,C900,SENCILLA,SI,1993/12/09 00:00:00+00,NORMAL,BT-TA,DEFINITIVA,"VEHICULAR, PEATONAL",8,8,3,"1,3",N/A,"21,23,31 ","721, 723, 731",NO,0,Activación de sonoro,2528
-74.10862363,4.647150737,4792,1753,2969,AK 68 X CL 22A ,FONTIBON,C900,SENCILLA,SI,2022/05/27 00:00:00+00,PMT,BT-TF,PROVISIONAL_PMT,"VEHICULAR, PEATONAL",4,4,2,"1,2",N/A,"21,22",N/A,NO,0,N/A,2320
-74.11654498,4.69405376100002,4793,756,2972,KR 95 X CL 66A,ENGATIVA,C900,SENCILLA,SI,1998/02/25 00:00:00+00,NORMAL,BT-TF,DEFINITIVA,"VEHICULAR, PEATONAL, CICLISTA",10,10,4,"2,3,4,12",N/A,"22,23,24,312",N/A,"43,44",0,N/A,2312
-74.11682113,4.631915467,4794,1486,2998,KR 65 X CL 11,PUENTE ARANDA,C900,SENCILLA,SI,2016/09/22 00:00:00+00,PMT,RP-TF,DEFINITIVA,"VEHICULAR, PEATONAL",17,17,3,"1,3,6,12,91,2,8,11,94",N/A,"23,24,32,211","723, 724, 732, 7211",NO,0,"Brechas, Activación de sonoro",2409
-74.14313348,4.62111983400001,4795,1575,3001,KR 73 X CL 26 S,KENNEDY,C900,SENCILLA,SI,2020/12/20 00:00:00+00,NORMAL,BT-TF,DEFINITIVA,"VEHICULAR, PEATONAL, CICLISTA",14,14,4,"3,4,8,92,93",N/A,"23,24,292,34","723,7292,734","43,44",0,Activación de sonoro,3528
-74.09680968,4.602757403,4796,1755,3002,AK 27 X CL 5,LOS MARTIRES,C900,DOBLE,SI,2022/11/18 00:00:00+00,NORMAL,RP-TF,DEFINITIVA,"VEHICULAR, PEATONAL",6,12,3,"3,11",N/A,"23,33,211,311",N/A,NO,0,N/A,3623
-74.09650119,4.60316159199999,4797,1756,3002,AK 27 X CL 5A,LOS MARTIRES,NO,DOBLE,NO,2022/11/18 00:00:00+00,NORMAL,RP-TF,DEFINITIVA,"VEHICULAR, PEATONAL",6,12,3,"1,4",N/A,"21,24,31,34",N/A,NO,0,N/A,3623
-74.16175675,4.61962580800002,4798,1578,3003,KR 79 X CL 42A SUR,KENNEDY,C900,SENCILLA,SI,2019/10/11 00:00:00+00,NORMAL,BT-TA,DEFINITIVA,"VEHICULAR, PEATONAL",10,10,4,"1,2,3,6",N/A,"21,22,23","721,722,727",NO,0,Activación de sonoro,3528
-74.17496879,4.61720211199997,4799,1588,3004,KR 80H X CL 54 SUR,KENNEDY,C900,SENCILLA,SI,2020/09/03 00:00:00+00,NORMAL,BT-TA,DEFINITIVA,"VEHICULAR, PEATONAL",9,14,8,"1,2,3,4",N/A,"21,22,23,24,34",721.722.723.724.734,NO,0,Activación de sonoro,3527
-74.10280372,4.48590517000002,4800,1208,3005,TV 7 ESTE X AC 110 S,USME,C900,DOBLE,SI,2010/12/28 00:00:00+00,NORMAL,BT-TA,DEFINITIVA,"VEHICULAR, PEATONAL",13,19,3,"1,3,8,14,91A,93,94",N/A,"21,23,291A,293,294,314",N/A,NO,0,"Brechas, Fases por demanda",3615
-74.10197538,4.48563641599998,4801,1209,3005,TV 7A ESTE X AC 110 S,USME,NO,DOBLE,NO,2010/12/28 00:00:00+00,NORMAL,BT-TA,DEFINITIVA,"VEHICULAR, PEATONAL",6,19,3,"4,6,13,91",N/A,"24,313",N/A,NO,0,"Brechas, Fases por demanda",3615
-74.10912855,4.50662410699999,4802,1347,3006,KR 8 X CL 84 S,USME,C900,SENCILLA,SI,2014/05/24 00:00:00+00,NORMAL,R-TF,DEFINITIVA,"VEHICULAR, PEATONAL",6,6,2,"3,4,91",N/A,"23,24,291",N/A,NO,0,Cola - Siguiente Intersección,3626
-74.10429335,4.50472401299999,4803,1176,3007,KR 1 X CL 87C S,USME,C900,SENCILLA,SI,2009/09/04 00:00:00+00,NORMAL,R-TA,DEFINITIVA,"VEHICULAR, PEATONAL",9,9,2,"1,2,4,5,102",N/A,"21,22,24,31,32",N/A,NO,0,"Conteo, Brechas",3626
-74.10630967,4.50042913700003,4804,1150,3008,KR 1 X CL 90 S,USME,C900,SENCILLA,SI,2009/07/03 00:00:00+00,NORMAL,R-TF,DEFINITIVA,"VEHICULAR, PEATONAL",6,6,2,"1,2,4",N/A,"21,22,24",N/A,NO,0,N/A,3626
-74.10737351,4.498330635,4805,1020,3009,KR 1 X CL 91 S,USME,C900,DOBLE,SI,2006/10/03 00:00:00+00,NORMAL,R-TF,DEFINITIVA,"VEHICULAR, PEATONAL",4,14,2,"1,4,12",N/A,24,N/A,NO,0,N/A,3626
-74.13663075,4.67948440599997,4806,824,2920,KR 100 X CL 23D,FONTIBON,NO,DOBLE,NO,2004/12/10 00:00:00+00,NORMAL,BT-TA,DEFINITIVA,"VEHICULAR, PEATONAL",8,19,2,"2,3,11,93",N/A,"22,23",723,NO,0,"Brechas, Fases por demanda, Activación de sonoro",2415
-74.13098343,4.68166422199999,4807,803,2921,AK 97 X DG 24C,FONTIBON,C900,SENCILLA,SI,2004/09/13 00:00:00+00,NORMAL,BT-TF,DEFINITIVA,"VEHICULAR, PEATONAL",9,9,4,"1,2,3,4,93",N/A,"21,22,23,293",N/A,NO,0,N/A,2415
-74.14777343,4.67784768299998,4808,862,2922,AK 106 X CL 18,FONTIBON,ACTROS,SENCILLA,SI,2006/11/03 00:00:00+00,NORMAL,BT-TF,DEFINITIVA,"VEHICULAR, PEATONAL",8,8,4,"1,2,3,4",N/A,"20,21,22,23",N/A,NO,0,N/A,2414
-74.15401063,4.67777537699999,4809,883,2923,KR 111A X DG 16,FONTIBON,C900,SENCILLA,SI,2006/05/26 00:00:00+00,NORMAL,CA-TA,DEFINITIVA,"VEHICULAR, PEATONAL, CICLISTA",12,12,3,"3,3A,4,91,93B",N/A,"23,23A,24,291,293B",N/A,"43, 44",0,"Conteo, Brechas, Fases por demanda, Cola - Siguiente Intersección, Fases por demanda peatonal",2401
-74.15236673,4.68012930899999,4810,878,2924,KR 112 X CL 17,FONTIBON,ACTROS,SENCILLA,SI,2007/06/13 00:00:00+00,NORMAL,BT-TF,DEFINITIVA,"VEHICULAR, PEATONAL",6,6,2,"2,3,14",N/A,"22,24,32",N/A,NO,0,N/A,2414
-74.15356018,4.684635308,4811,1255,2925,AK 116 X CL 18,FONTIBON,ACTROS,SENCILLA,SI,2012/06/05 00:00:00+00,NORMAL,BT-TF,DEFINITIVA,"VEHICULAR, PEATONAL",6,6,3,"1, 2, 4",N/A,"21,22,24",N/A,NO,0,N/A,2414
-74.14679181,4.68954392500001,4812,1305,2926,AK 116 X CL 23B,FONTIBON,C900,SENCILLA,SI,2013/04/06 00:00:00+00,NORMAL,BT-TF,DEFINITIVA,"VEHICULAR, PEATONAL",9,9,3,"1,2,3,4,62",N/A,"21,22,23,24",N/A,NO,0,N/A,2416
-74.15960209,4.686904997,4813,1335,2927,KR 123 X AC 17,FONTIBON,C900,SENCILLA,SI,2014/04/27 00:00:00+00,NORMAL,CA-TA,DEFINITIVA,"VEHICULAR, PEATONAL, CICLISTA",10,10,4,"3,4,8,92,93",N/A,"23,24,292",N/A,"43, 44",0,"Conteo, Brechas, Cola, Fases por demanda, Fases por demanda peatonal",2402
-74.15145584,4.66917261700002,4814,1380,2928,KR 100 X DG 16,FONTIBON,C900,SENCILLA,SI,2014/06/14 00:00:00+00,NORMAL,CA-TA,DEFINITIVA,"VEHICULAR, PEATONAL",13,13,3,"3,4,91,94",N/A,"23,24,291,293,294",72.372.472.917.294,NO,0,"Conteo, Brechas, Cola - Siguiente Intersección, Activación de sonoro",2401
-74.1497699,4.677628105,4815,1448,2929,KR 107A X CL 17,FONTIBON,ACTROS,SENCILLA,SI,2016/03/10 00:00:00+00,NORMAL,BT-TA,DEFINITIVA,"VEHICULAR, PEATONAL",9,9,3,"3,4,8",N/A,"23,24,38","723, 724, 738",NO,0,Activación de sonoro,2414
-74.15570918,4.68309065800003,4816,1458,2930,AK 116 X CL 17,FONTIBON,C900,SENCILLA,SI,2016/08/10 00:00:00+00,NORMAL,BT-TF,DEFINITIVA,"VEHICULAR, PEATONAL",8,8,4,"1,3,4,7,94",N/A,"21,23,24",N/A,NO,0,N/A,2414
-74.15202229,4.67102525600001,4817,870,2935,KR 104 X DG 16,FONTIBON,C900,SENCILLA,SI,2005/12/26 00:00:00+00,NORMAL,CA-TA,DEFINITIVA,"VEHICULAR, PEATONAL",7,7,2,"2,3,4",N/A,"22,24,32,33",N/A,NO,0,"Conteo, Brechas, Cola",2401
-74.09320428,4.681499374,4818,1674,2936,AK 70 X DG 70,ENGATIVA,C900,SENCILLA,SI,2021/05/01 00:00:00+00,NORMAL,BT-TA,DEFINITIVA,"VEHICULAR, PEATONAL",14,14,4,"1,2,3,4",N/A,"21,22,23,24,34",721.722.723.724.734,NO,0,"Brechas, Fases por demanda, Fases por demanda peatonal sonoro",1304
-74.07073816,4.608031815,4819,385,2939,KR 7 X CL 22,SANTA FE,C900,SENCILLA,SI,1995/05/05 00:00:00+00,NORMAL,RP-TA,DEFINITIVA,"VEHICULAR, PEATONAL, CICLISTA",9,9,2,4,N/A,"22,24,32,34",725,41.42,0,Activación de sonoro,2708
-74.07019018,4.610016293,4820,373,2940,KR 7 X CL 24,SANTA FE,C900,SENCILLA,SI,1993/08/30 00:00:00+00,NORMAL,RP-TA,DEFINITIVA,"VEHICULAR, PEATONAL, CICLISTA",8,8,2,3,N/A,"22,23,33 (Exc)",724,"41,42 (Exc)",0,Activación de sonoro,2708
-74.12797322,4.68720185699999,4821,1672,2941,KR 98 X AC 26,FONTIBON,C900,SENCILLA,SI,2021/05/12 00:00:00+00,NORMAL,BT-TA,DEFINITIVA,"VEHICULAR, PEATONAL",9,9,4,"3,3A,4,4A,92",N/A,"23,24,24A,292",N/A,NO,0,"Brechas, Fases por demanda peatonal, Fase por demanda vehicular",2310
-74.07919763,4.59821608999999,4822,1671,2942,AK 10 X Cl 9,SANTA FE,C900,SENCILLA,SI,2021/05/11 00:00:00+00,NORMAL,R-TF,DEFINITIVA,"VEHICULAR, PEATONAL",10,10,2,"1,2,93","1B,2B","21,32,291,292,293",N/A,NO,0,N/A,2708
-74.12440366,4.68456887000002,4823,1328,2944,TV 93 X AC 26,FONTIBON,C900,SENCILLA,SI,2012/06/29 00:00:00+00,NORMAL,BT-TA,DEFINITIVA,"VEHICULAR, CICLISTA",3,3,2,N/A,104,N/A,N/A,"43,44 (Exc)",0,"Brechas, Fases por demanda",2310
-74.16899204,4.625024935,4824,915,3452,KR 81G X AC 43 S,KENNEDY,C900,TRIPLE,SI,2007/10/17 00:00:00+00,PMT,BT-TA,DEFINITIVA,"VEHICULAR, PEATONAL",3,10,2,"13,14,91",N/A,"214, 291","723,724",NO,0,"Cola - Siguiente Intersección, Activación sonoro",3405
-74.167599,4.623717,4825,1856,3452,KR 81 X AC 43 S,KENNEDY,NO,TRIPLE,NO,2024/09/02 00:00:00+00,NORMAL,BT-TA,PROVISIONAL_PMT,"VEHICULAR, PEATONAL",5,10,2,"4,113",N/A,2113,N/A,NO,0,N/A,3405
-74.169391,4.62563,4826,1902,3452,KR 81H X CL 43 SUR,KENNEDY,NO,TRIPLE,NO,2025/03/13 00:00:00+00,PMT,BT-TA,PROVISIONAL_PMT,EXCLUSIVA VEHICULAR,2,10,2,"3, 8",N/A,N/A,N/A,NO,0,N/A,3405
-74.15269267,4.62475068200001,4827,871,3453,KR 78K X CL 36 S,KENNEDY,ACTROS,SENCILLA,SI,2006/10/17 00:00:00+00,NORMAL,BT-TF,DEFINITIVA,"VEHICULAR, PEATONAL, CICLISTA",10,10,4,"1,2,6,7,91,93",N/A,"22,27,31",N/A,41,0,N/A,3528
-74.15648867,4.62456293100001,4828,887,3454,KR 79 X CL 38C S,KENNEDY,C900,SENCILLA,SI,1987/12/29 00:00:00+00,NORMAL,BT-TF,DEFINITIVA,"VEHICULAR, PEATONAL",6,6,3,"2,3,4",N/A,"22,23,34",N/A,NO,0,N/A,3528
-74.16601496,4.62102022200003,4829,910,3455,AK 80 X AC 43 S,KENNEDY,ACTROS,SENCILLA,SI,1988/01/29 00:00:00+00,Desvío - PMT,BT-TF,DEFINITIVA,"VEHICULAR, PEATONAL, CICLISTA",17,17,3,"1,2,3,4,5,7,8,93,61,64",N/A,"21,22,23,24,32,33,34",N/A,"41,42",0,N/A,3509
-74.16431742,4.61812144100003,4830,906,3456,KR 79 X AC 43 S,KENNEDY,C900,SENCILLA,SI,1987/12/29 00:00:00+00,PMT,BT-TF,DEFINITIVA,"VEHICULAR, PEATONAL",9,9,3,"1,2,3,4,8",N/A,"21,22,24,33",N/A,NO,0,Cola - Siguiente Intersección,3531
-74.15452949,4.62274134199998,4831,881,3457,KR 78K X CL 38C S,KENNEDY,ACTROS,SENCILLA,SI,1987/12/29 00:00:00+00,NORMAL,BT-TF,DEFINITIVA,"VEHICULAR, PEATONAL, CICLISTA",10,10,3,"1,2,3,91,63",N/A,"22,23,31,391",N/A,41,0,N/A,3528
-74.15334242,4.62404235299999,4832,875,3458,KR 78K X CL 37 S,KENNEDY,ACTROS,SENCILLA,SI,1987/12/29 00:00:00+00,NORMAL,BT-TA,DEFINITIVA,"VEHICULAR, PEATONAL, CICLISTA",10,10,4,"1,2,8,92,94",N/A,"21,28,32","721, 728, 732",42,0,Fases por demanda peatonal sonoro,3528
-74.15097259,4.62186105500001,4833,868,3459,KR 78B X CL 37 S,KENNEDY,C900,SENCILLA,SI,1988/12/28 00:00:00+00,NORMAL,BT-TF,DEFINITIVA,"VEHICULAR, PEATONAL",7,7,3,"1,2,3,6,91",N/A,"22,23",N/A,NO,0,N/A,3528
-74.12270773,4.52063378499997,4834,1057,3682,AK 14V X DG 69F S,USME,C900,SENCILLA,SI,2007/10/11 00:00:00+00,NORMAL,R-TA,DEFINITIVA,"VEHICULAR, PEATONAL",4,4,3,"1,2",N/A,"21,22",N/A,NO,0,Fases por demanda peatonal,3511
-74.13842345,4.58382662000002,4835,1224,3683,KR 33 X CL 52F S Y DG 52B S,TUNJUELITO,ACTROS,SENCILLA,SI,2011/07/21 00:00:00+00,NORMAL,BT-TF,DEFINITIVA,"VEHICULAR, PEATONAL",9,9,3,"1,2,3,4,63",N/A,"21,23,24,33",N/A,NO,0,N/A,3524
-74.1673097,4.58969278699999,4836,1376,3684,KR 72 X CL 62D S,CIUDAD BOLIVAR,C900,SENCILLA,SI,2015/09/07 00:00:00+00,NORMAL,BT-TA,DEFINITIVA,"VEHICULAR, PEATONAL",6,8,4,"1,2,3,6",N/A,"21,23",722,NO,0,Activación de sonoro,3517
-74.13962407,4.58285952099999,4837,1450,3685,KR 33 X CL 53A S,TUNJUELITO,ACTROS,SENCILLA,SI,2016/04/05 00:00:00+00,NORMAL,BT-TA,DEFINITIVA,"VEHICULAR, PEATONAL, CICLISTA",8,12,3,"1,2,3",N/A,"21,22,23,33",721.722.723.733,43,0,Activación de sonoro,3524
-74.1367322,4.55240709399999,4838,1452,3686,TV 17 X CL 66 S,CIUDAD BOLIVAR,C900,SENCILLA,SI,2016/03/03 00:00:00+00,NORMAL,BT-TA,DEFINITIVA,EXCLUSIVA PEATONAL,6,6,3,"1,2",N/A,"21,22 (Exc)",722,NO,0,Fases por demanda peatonal sonoro,3511
-74.14108056,4.58154527400001,4839,1466,3687,KR 33 X CL 55 S,TUNJUELITO,ACTROS,SENCILLA,SI,2017/06/29 00:00:00+00,PMT,BT-TF,DEFINITIVA,"VEHICULAR, PEATONAL",14,14,3,"1,2,3,4",N/A,"21,22,23,24,32A","721,722,723,724,732A",NO,0,Activación de sonoro,3524
-74.13342872,4.54023570700002,4840,1454,3688,KR 15 X AC 71B S,CIUDAD BOLIVAR,C900,SENCILLA,SI,2016/05/14 00:00:00+00,NORMAL,RP-TA,DEFINITIVA,"VEHICULAR, PEATONAL",7,10,2,"2,3,4,6",N/A,"22,24,33",722.724.733,NO,0,N/A,3511
-74.08588834,4.59549181400001,4841,958,3689,AK 14 X CL 4,SANTA FE,C900,SENCILLA,SI,2000/01/01 00:00:00+00,PMT,BT-TF,DEFINITIVA,"VEHICULAR, PEATONAL",8,8,2,"1A,2A,4","1B,2B","22,24,31",N/A,NO,0,"Conteo, Cola - Siguiente Intersección",2743
-74.09073912,4.590234495,4842,969,3690,AK 14 X CL 2 S,ANTONIO NARINO,C900,SENCILLA,SI,1990/07/04 00:00:00+00,NORMAL,R-TF,DEFINITIVA,"VEHICULAR, PEATONAL",7,7,2,"1A,2A,3","1B,2B","21,32",N/A,NO,0,N/A,3605
-74.1458687,4.56858082999997,4843,1494,3691,KR 22G X AC 61 S,CIUDAD BOLIVAR,C900,SENCILLA,SI,2016/12/21 00:00:00+00,NORMAL,CA-TA,DEFINITIVA,"VEHICULAR, PEATONAL",7,7,3,"3,4,91,94",N/A,"23,24,291",N/A,NO,0,"Conteo, Brechas, Fases por demanda, Fases por demanda peatonal",3510
-74.08150783,4.58969496600002,4844,1446,3262,KR 8 X CL 2,SANTA FE,NO,DOBLE,NO,2017/05/30 00:00:00+00,NORMAL,BT-TF,DEFINITIVA,"VEHICULAR, PEATONAL",6,12,3,"1,3",N/A,"21,23,31,33",N/A,NO,0,N/A,3607
-74.0867198,4.57887895699997,4845,960,3263,KR 7 X AC 11 S,SAN CRISTOBAL,ACTROS,SENCILLA,SI,1993/12/29 00:00:00+00,NORMAL,RP-TF,DEFINITIVA,"VEHICULAR, PEATONAL, CICLISTA",10,10,5,"2,3,4,6,7",N/A,"22,23,24,32",N/A,42,0,N/A,3606
-74.08817398,4.580761693,4846,963,3264,KR 8 X AC 11 S,SAN CRISTOBAL,ACTROS,SENCILLA,SI,1993/12/20 00:00:00+00,NORMAL,RP-TA,DEFINITIVA,"VEHICULAR, PEATONAL, CICLISTA",17,17,4,"1,3,4,5",N/A,"21,23,24,31,33,34","721, 723, 724, 731, 733, 734",41,0,Activación de sonoro,3606
-74.09638512,4.57081414200002,4847,988,3265,KR 8 X CL 27 S,SAN CRISTOBAL,C900,SENCILLA,SI,1993/12/30 00:00:00+00,NORMAL,RP-TF,DEFINITIVA,"VEHICULAR, PEATONAL",6,6,2,"1,3",N/A,"21,23,31,33",N/A,NO,0,N/A,3606
-74.09076028,4.577020135,4848,970,3266,KR 8 X CL 17 S,SAN CRISTOBAL,C900,SENCILLA,SI,2004/10/22 00:00:00+00,NORMAL,RP-TA,DEFINITIVA,"VEHICULAR, PEATONAL, CICLISTA",9,12,3,"1,3,4,5",N/A,"21,23,24,31",723.724.731,41,0,Activación de sonoro,3606
-74.08558457,4.569470185,4849,957,3267,KR 3 ESTE X AC 22 S,SAN CRISTOBAL,C900,SENCILLA,SI,1995/03/04 00:00:00+00,Desvío - PMT,BT-TA,DEFINITIVA,"VEHICULAR, PEATONAL",14,14,4,"1,2,3,4,6,8,93",N/A,"21,22,23,24,293,33,34",N/A,NO,0,"Brechas, Fases por demanda",3610
-74.09304307,4.57429442,4850,975,3268,KR 8 X AC 22 S,SAN CRISTOBAL,C900,SENCILLA,SI,1993/12/20 00:00:00+00,Desvío - PMT,CA-TA,DEFINITIVA,"VEHICULAR, PEATONAL",7,7,3,"1,3,4,8",N/A,"21,23,34",N/A,NO,0,"Brechas, Cola - Siguiente Intersección",3606
-74.09543884,4.57176871500002,4851,983,3269,KR 8 X CL 25 S,SAN CRISTOBAL,C900,SENCILLA,SI,1984/08/11 00:00:00+00,NORMAL,RP-TF,DEFINITIVA,"VEHICULAR, PEATONAL",6,6,3,"1,4",N/A,"21,24,31,34 (Reg)",N/A,NO,0,N/A,3606
-74.08988134,4.58215534300001,4852,967,3270,AK 10 X AC 11 S,ANTONIO NARINO,ACTROS,SENCILLA,SI,1983/06/28 00:00:00+00,NORMAL,CA-TA,DEFINITIVA,"VEHICULAR, PEATONAL",16,16,4,"1A,2A,3,4,5,7","1B,2B","21,22,23,24,31,32,33,34",N/A,NO,0,"Conteo, Brechas",3606
-74.09272676,4.57830349300002,4853,974,3271,AK 10 X CL 17 S,ANTONIO NARINO,ACTROS,SENCILLA,SI,1983/07/01 00:00:00+00,NORMAL,CA-TA,DEFINITIVA,"VEHICULAR, PEATONAL",14,14,2,"1A,2A,3,4,4A","1B,2B","21,22,23,24,31,32",N/A,43C,0,"Conteo, Cola - Siguiente Intersección",3606
-74.15014172,4.62754890399998,4854,864,3460,KR 78K X CL 26 S,KENNEDY,ACTROS,SENCILLA,SI,1993/12/29 00:00:00+00,PMT,BT-TF,DEFINITIVA,"VEHICULAR, PEATONAL",14,14,4,"1,2,3,4,5,8",N/A,"21,22,23,24,31,32,33,34",N/A,NO,0,N/A,3528
-74.14778933,4.62538379699998,4855,858,3461,KR 78B X CL 26 S,KENNEDY,C900,SENCILLA,SI,1987/12/29 00:00:00+00,NORMAL,BT-TF,DEFINITIVA,"VEHICULAR, PEATONAL",12,12,4,"1,2,3,4,6,8,63,64",N/A,"21,22,23,34",N/A,NO,0,N/A,3528
-74.13323736,4.61777429300002,4856,811,3462,KR 70B X CL 8 S,KENNEDY,C900,DOBLE,SI,2004/10/21 00:00:00+00,NORMAL,BT-TF,DEFINITIVA,"VEHICULAR, PEATONAL",10,14,3,"1,4,5,6,61,94",N/A,"21,24,34,294",N/A,NO,0,N/A,3523
-74.134591,4.61763999999999,4857,1874,3462,KR 71 X CL 24 S Y 8 SUR,KENNEDY,NO,DOBLE,NO,2024/12/14 00:00:00+00,PMT,BT-TF,PROVISIONAL_PMT,"VEHICULAR, PEATONAL",4,14,3,"6,14",N/A,"26,36,314",N/A,NO,0,N/A,3523
-74.12626536,4.606542897,4858,793,3463,KR 52A X AC 26 S,PUENTE ARANDA,C900,DOBLE,SI,1993/11/23 00:00:00+00,PMT,BT-TA,DEFINITIVA,"VEHICULAR, PEATONAL",8,13,2,"2,3,14",N/A,"22,214,33",N/A,NO,0,"Brechas, Fases por demanda",3522
-74.12561387,4.605871761,4859,794,3463,KR 52 X AC 26 S,PUENTE ARANDA,NO,DOBLE,NO,1993/11/23 00:00:00+00,NORMAL,BT-TA,DEFINITIVA,"VEHICULAR, PEATONAL",7,13,2,"1,4,13,61",N/A,"21,213,34",N/A,NO,0,"Brechas, Fases por demanda",3522
-74.1355035,4.61410847299999,4860,818,3464,KR 69B X AC 26 S,KENNEDY,C900,DOBLE,SI,1988/02/26 00:00:00+00,PMT,BT-TF,DEFINITIVA,"VEHICULAR, PEATONAL",7,14,2,"1,3,4,12",N/A,"21,212,23",N/A,NO,0,"Conteo, Brechas",3504
-74.136028,4.61376000000001,4861,1878,3464,KR 69B X CL 31 S,KENNEDY,NO,DOBLE,NO,2024/12/14 00:00:00+00,PMT,BT-TF,PROVISIONAL_PMT,"VEHICULAR, PEATONAL",7,14,3,"2,3A,11",N/A,"22,23A,211,33A",N/A,NO,0,N/A,3504
-74.149339,4.61768604100001,4862,863,3465,TV 73C BIS A X CL 38B S,KENNEDY,ACTROS,SENCILLA,SI,1998/02/01 00:00:00+00,PMT,BT-TF,DEFINITIVA,"VEHICULAR, PEATONAL",6,6,3,"3,4,7",N/A,"23,24,37",N/A,NO,0,"Conteo, Brechas, Fases por demanda",3531
-74.15278855,4.61709664199998,4863,872,3466,TV 73D X CL 40 S,KENNEDY,ACTROS,SENCILLA,SI,1988/02/26 00:00:00+00,PMT,BT-TF,DEFINITIVA,"VEHICULAR, PEATONAL",11,11,3,"1,2,3,4,61",N/A,"21,22,23,24,33,34",N/A,NO,0,N/A,3531
-74.15433457,4.61680068300001,4864,880,3467,TV 74F X CL 40F S,KENNEDY,ACTROS,SENCILLA,SI,1988/02/26 00:00:00+00,PMT,BT-TF,DEFINITIVA,"VEHICULAR, PEATONAL",9,9,4,"1,2,3,4,8",N/A,"21,22,23,34",N/A,NO,0,N/A,3531
-74.09310444,4.587316784,4865,976,3692,AK 14 X CL 8 S,ANTONIO NARINO,C900,SENCILLA,SI,1990/12/06 00:00:00+00,NORMAL,R-TF,DEFINITIVA,"VEHICULAR, PEATONAL",6,6,2,"1A,2A","1B,2B","21,22 ",N/A,NO,0,N/A,3605
-74.09609382,4.58485725100002,4866,985,3693,AK 14 X CL 13A S,ANTONIO NARINO,C900,SENCILLA,SI,2001/05/17 00:00:00+00,NORMAL,R-TF,DEFINITIVA,"VEHICULAR, PEATONAL",10,10,2,"1A,2A,5,94","1B,2B","22,294,31,35",N/A,NO,0,N/A,3605
-74.11915479,4.57601172,4867,1050,3694,AK 14 X DG 38BIS S,RAFAEL URIBE,C900,DOBLE,SI,1990/07/06 00:00:00+00,NORMAL,BT-TA,DEFINITIVA,EXCLUSIVA PEATONAL,11,19,3,"1A,12A,94","1B,12B","21, 212, 294","721, 7212, 7294",NO,0,Fases por demanda peatonal sonoro,3605
-74.12104399,4.57554722600003,4868,1053,3694,AK 14 X CL 41B S,RAFAEL URIBE,NO,DOBLE,NO,1990/07/06 00:00:00+00,NORMAL,BT-TA,DEFINITIVA,EXCLUSIVA PEATONAL,8,19,2,"11A,2A","11B,2B","22,211","722, 7211",NO,0,Fases por demanda peatonal sonoro,3605
-74.09866737,4.58344622300001,4869,997,3695,AK 14 X CL 17 S,ANTONIO NARINO,C900,SENCILLA,SI,1994/06/17 00:00:00+00,NORMAL,R-TF,DEFINITIVA,"VEHICULAR, PEATONAL",12,12,2,"1A,2A,4,94","1B,2B","21,22,24,294,31,32",N/A,NO,0,N/A,3605
-74.10407853,4.58051982699999,4870,1019,3696,AK 14 X CL 24 S,RAFAEL URIBE,C900,SENCILLA,SI,1989/03/27 00:00:00+00,NORMAL,R-TF,DEFINITIVA,EXCLUSIVA PEATONAL,6,6,2,"1A,2A","1B,2B","21,22 (Exc)",N/A,NO,0,Cola - Siguiente Intersección,3605
-74.12410317,4.56066471999998,4871,1062,3698,KR 12 X AC 51 S,TUNJUELITO,ACTROS,SENCILLA,SI,1993/12/07 00:00:00+00,NORMAL,R-TF,DEFINITIVA,EXCLUSIVA PEATONAL,6,6,2,"1A,2A","1B,2B","21,22 (Exc)",N/A,NO,0,N/A,3604
-74.14289237,4.56670621500001,4872,1495,3699,TV 20D X AC 61 S,CIUDAD BOLIVAR,C900,SENCILLA,SI,2017/07/28 00:00:00+00,NORMAL,CA-TA,DEFINITIVA,"VEHICULAR, PEATONAL",14,19,3,"1,3,4,8,92,793,794",N/A,"21,23,24,292,31,33,34","721, 724, 7292, 731, 730",NO,0,"Conteo, Brechas, Cola, Activación de sonoro",3510
-74.09759386,4.59217907499999,4873,1497,3700,KR 24 X CL 6 S,ANTONIO NARINO,C900,DOBLE,SI,2017/03/18 00:00:00+00,NORMAL,R-TF,DEFINITIVA,"VEHICULAR, PEATONAL",7,15,4,"1,3,4,12",N/A,"212,23,24",N/A,NO,0,N/A,3609
-74.096951,4.59287599999999,4874,1907,3700,KR 24 X CL 4 S,ANTONIO NARINO,NO,DOBLE,NO,2025/03/28 00:00:00+00,PMT,R-TF,PROVISIONAL_PMT,"VEHICULAR, PEATONAL",8,15,3,"2,11,93,94",N/A,"22, 211,293,294",N/A,NO,0,N/A,3609
-74.09460762,4.57576733299999,4875,981,3272,AK 10 X AC 22 S,ANTONIO NARINO,C900,SENCILLA,SI,1995/10/05 00:00:00+00,Desvío - PMT,CA-TA,DEFINITIVA,"VEHICULAR, PEATONAL",15,15,3,"1A,2A,3,4,7","1B,2B","21,22,23,24,31,32,33,34",N/A,NO,0,"Conteo, Brechas",3606
-74.18319365,4.60668135100002,4876,930,3273,KR 79C X CL 63 S,BOSA,NO,DOBLE,NO,1995/10/05 00:00:00+00,NORMAL,BT-TF,DEFINITIVA,EXCLUSIVA VEHICULAR,2,13,2,"2,4",N/A,N/A,N/A,NO,0,N/A,3419
-74.18329369,4.60706096299998,4877,931,3273,KR 80 X CL 63 S,BOSA,C900,DOBLE,SI,1995/10/05 00:00:00+00,NORMAL,BT-TF,DEFINITIVA,"VEHICULAR, PEATONAL",9,13,4,"1,14,94",N/A,"21,214,314,294","721,7214, 7294,7314",NO,0,N/A,3419
-74.08743369,4.58548489999998,4878,1269,3274,AK 10 X CL 4 S,ANTONIO NARINO,ACTROS,SENCILLA,SI,2012/07/28 00:00:00+00,NORMAL,CA-TA,DEFINITIVA,EXCLUSIVA PEATONAL,6,8,2,"1A,2A","1B,2B","21,22 (Exc)",722,NO,0,Activación de sonoro,3606
-74.09430931,4.57969937299998,4879,980,3275,KR 11 X CL 17 S,ANTONIO NARINO,C900,SENCILLA,SI,2006/11/17 00:00:00+00,NORMAL,RP-TF,DEFINITIVA,"VEHICULAR, PEATONAL",12,12,3,"1,2,3,4,4A",N/A,"21,22,23,31,32,34",N/A,43C,0,N/A,3606
-74.18348713,4.619305634,4880,928,3276,TV 85 X CL 57B S,KENNEDY,C900,SENCILLA,SI,2006/03/16 00:00:00+00,PMT,BT-TF,DEFINITIVA,"VEHICULAR, PEATONAL",8,8,3,"1,2,3,4",N/A,"22,23,24,31",N/A,NO,0,N/A,3421
-74.07915982,4.57273925300001,4881,948,3277,KR 6 ESTE X AC 11 S,SAN CRISTOBAL,ACTROS,SENCILLA,SI,2006/10/18 00:00:00+00,NORMAL,BT-TA,DEFINITIVA,"VEHICULAR, PEATONAL",12,12,5,"1,2,3,4,93",N/A,"21,22,24,293","722, 724, 7293",NO,0,"Brechas, Fases por demanda, Activación de sonoro",3608
-74.10414439,4.584518516,4882,1018,3278,TV 21A X DG 21A S,ANTONIO NARINO,NO,DOBLE,NO,1998/04/23 00:00:00+00,NORMAL,RP-TF,DEFINITIVA,"VEHICULAR, PEATONAL",6,19,3,"3A,12",N/A,"23A,33A,212,312",N/A,NO,0,N/A,3605
-74.10520159,4.58448998900002,4883,1022,3278,TV 21A X CL 22 S,ANTONIO NARINO,C900,DOBLE,SI,1998/04/23 00:00:00+00,NORMAL,RP-TF,DEFINITIVA,"VEHICULAR, PEATONAL",13,19,4,"2,3,4,7,8,93",N/A,"22,23,24,293,32,33,34",N/A,NO,0,N/A,3605
-74.10670856,4.586390747,4884,1024,3279,KR 24F X CL 22 S,ANTONIO NARINO,NO,DOBLE,NO,2005/08/26 00:00:00+00,NORMAL,RP-TF,DEFINITIVA,"VEHICULAR, PEATONAL",7,13,2,"1,4,13",N/A,"21,213,31,34",N/A,NO,0,N/A,3605
-74.10716076,4.58697029000001,4885,1026,3279,KR 24G X CL 22 S,ANTONIO NARINO,C900,DOBLE,SI,1983/04/08 00:00:00+00,NORMAL,RP-TF,DEFINITIVA,"VEHICULAR, PEATONAL",6,13,2,"2,3,14",N/A,"22,214,33",N/A,NO,0,N/A,3605
-74.12447846,4.571679942,4886,1063,3702,AK 14 X DG 45B S,RAFAEL URIBE,ACTROS,SENCILLA,SI,1989/09/13 00:00:00+00,NORMAL,R-TA,DEFINITIVA,"VEHICULAR, PEATONAL",8,8,3,"1A,2A,4","1B,2B","22,24,31",N/A,NO,0,"Conteo, Brechas",3604
-74.12544168,4.569214751,4887,1071,3703,AK 14 X DG 48 S,RAFAEL URIBE,ACTROS,SENCILLA,SI,1990/12/03 00:00:00+00,NORMAL,R-TA,DEFINITIVA,"VEHICULAR, PEATONAL",15,15,3,"1A,2A,6A,93A,61A","1B,2B#,6B,7B,91B,93B","21,22,36,293",N/A,NO,0,"Conteo, Brechas",3604
-74.12527089,4.56408695699997,4888,1067,3704,KR 13A X AC 51 S,TUNJUELITO,ACTROS,SENCILLA,SI,1991/02/05 00:00:00+00,PMT,R-TF,DEFINITIVA,"VEHICULAR, PEATONAL",9,9,2,"1A,2A,3,4","1B,2B","21,24,32",N/A,NO,0,Conteo,3604
-74.11831226,4.52440797600002,4889,1461,3705,KR 14 X CL 69G S,USME,C900,SENCILLA,SI,2017/05/03 00:00:00+00,NORMAL,R-TA,DEFINITIVA,EXCLUSIVA PEATONAL,3,4,2,"1,2",N/A,21,721,NO,0,"Conteo, Fases por demanda peatonal sonoro",3625
-74.09432968,4.59355050099998,4890,979,3707,KR 19D X CL 1,LOS MARTIRES,ACTROS,TRIPLE,SI,1990/10/17 00:00:00+00,PMT,CA-TA,DEFINITIVA,"VEHICULAR, PEATONAL",8,18,3,"1,3,4A,8",N/A,"21,23,31,34A",N/A,NO,0,"Conteo, Brechas, Fases por demanda",3623
-74.095009,4.59253899999999,4891,1904,3707,KR 19 X CL 3 SUR,LOS MARTIRES,NO,TRIPLE,NO,2025/03/29 00:00:00+00,PMT,CA-TA,PROVISIONAL_PMT,"VEHICULAR, PEATONAL",5,18,2,"3A,11",N/A,"23A,211,311",N/A,NO,0,N/A,3623
-74.094561,4.59215699999999,4892,1905,3707,KR 18A X CL 3 SUR,LOS MARTIRES,NO,TRIPLE,NO,2025/03/29 00:00:00+00,PMT,CA-TA,PROVISIONAL_PMT,"VEHICULAR, PEATONAL",5,18,3,"4,13A",N/A,"24,213A,37",N/A,NO,0,N/A,3623
-74.10276295,4.57581645499999,4893,1015,3708,KR 12D BIS X CL 27 S,RAFAEL URIBE,ACTROS,SENCILLA,SI,1991/01/25 00:00:00+00,NORMAL,BT-TA,DEFINITIVA,"VEHICULAR, PEATONAL",14,20,3,"1,2,3,4,13,14",N/A,"21,22,23,24,31,32,313,314 (Reg)","721,723,724,732,7314,7313",NO,0,Activación de sonoro,3617
-74.11410552,4.58319888800003,4894,1037,3709,KR 24 X CL 31B S,RAFAEL URIBE,C900,SENCILLA,SI,1990/09/19 00:00:00+00,NORMAL,BT-TF,DEFINITIVA,"VEHICULAR, PEATONAL",5,5,2,"1,2,4",N/A,"21,24",N/A,NO,0,N/A,3524
-74.11565113,4.582670581,4895,1287,3710,KR 24 X CL 32 S,RAFAEL URIBE,C900,SENCILLA,SI,2012/12/17 00:00:00+00,NORMAL,BT-TA,DEFINITIVA,EXCLUSIVA PEATONAL,4,4,2,"1,2",N/A,21,validar,NO,0,N/A,3524
-74.13756195,4.60747763900002,4896,1493,3802,KR 68I X CL 37B S,KENNEDY,ACTROS,SENCILLA,SI,2016/09/20 00:00:00+00,NORMAL,BT-TA,DEFINITIVA,"VEHICULAR, PEATONAL",15,15,4,"1,2,3,4,5",N/A,"21,22,23,24,32","721, 722, 723, 724, 732",NO,0,Activación de sonoro,3521
-74.18220078,4.611136687,4897,1080,3804,KR 80H X CL 59 S,BOSA,C900,SENCILLA,SI,2017/11/30 00:00:00+00,NORMAL,BT-TA,DEFINITIVA,"VEHICULAR, PEATONAL",9,9,2,"3,4,92",N/A,"23,24,292","723, 724, 7292",NO,0,Activación de sonoro,3419
-74.13445414,4.600823031,4898,815,3807,AK 68 X CL 40 S,KENNEDY,C900,SENCILLA,SI,1995/01/06 00:00:00+00,PMT,BT-TF,DEFINITIVA,"VEHICULAR, PEATONAL, CICLISTA",7,7,2,"1,2,5",N/A,"22,31",N/A,"41, 42",0,N/A,3502
-74.1508883,4.59550155800002,4899,1116,3808,KR 62A X CL 45A S,TUNJUELITO,ACTROS,SENCILLA,SI,2006/01/12 00:00:00+00,NORMAL,CA-TA,DEFINITIVA,"VEHICULAR, PEATONAL",6,6,2,"3,4","3B, 4B","23,24 ",N/A,NO,0,"Cola - Siguiente Intersección, Fases por demanda peatonal",3506
-74.13780731,4.59546619899999,4900,826,3809,AK 68 X CL 45A S,TUNJUELITO,NO,CUADRUPLE,NO,2005/04/22 00:00:00+00,PMT,BT-TF,DEFINITIVA,"VEHICULAR, PEATONAL",6,21,3,"93,911A",N/A,"293,2911A",72911A Desconectados,NO,0,Activación de sonoro,3503
-74.13781756,4.59477088599999,4901,1145,3809,KR 53 X CL 45A S,TUNJUELITO,C900,CUADRUPLE,SI,2005/04/22 00:00:00+00,PMT,BT-TF,DEFINITIVA,"VEHICULAR, PEATONAL",4,21,2,"2,111",N/A,22,722 Desconectados,NO,0,Activación de sonoro,3503
-74.13825647,4.59530599800001,4902,1507,3809,CL 40 SUR X AC 45A SUR,KENNEDY,NO,CUADRUPLE,NO,2023/01/18 00:00:00+00,PMT,BT-TF,PROVISIONAL_PMT,"VEHICULAR, PEATONAL",9,21,2,"11,12,11A",N/A,"212,211A","7212,7211A Desconectados","411,42",0,N/A,3503
-74.137535,4.59638100000001,4903,1826,3809,AK 68 X CL 43 SUR,TUNJUELITO,NO,CUADRUPLE,NO,2024/06/14 00:00:00+00,PMT,BT-TF,PROVISIONAL_PMT,"VEHICULAR, CICLISTA",3,21,2,1,N/A,N/A,N/A,NO,0,N/A,3503
-74.15809767,4.59616101799998,4904,1119,3810,KR 67 X AC 57R S,CIUDAD BOLIVAR,ACTROS,SENCILLA,SI,1998/12/09 00:00:00+00,PMT,CA-TA,DEFINITIVA,EXCLUSIVA PEATONAL,7,7,2,"3,8,92","3B,4B","38, 292",N/A,NO,0,"Conteo, Brechas, Cola - Siguiente Intersección",3506
-74.15382108,4.596326476,4905,876,3811,KR 63 X AC 57R S,CIUDAD BOLIVAR,ACTROS,DOBLE,SI,1993/12/10 00:00:00+00,NORMAL,CA-TA,DEFINITIVA,"VEHICULAR, PEATONAL",11,18,2,"3,4,7,15","3B,4B","23,33B,34A,37,215",N/A,NO,0,"Conteo, Brechas, Cola - Siguiente Intersección",3506
-74.09651411,4.57721422399999,4906,1125,3280,KR 11 X CL 22 S,ANTONIO NARINO,C900,SENCILLA,SI,2008/12/20 00:00:00+00,Desvío - PMT,CA-TA,DEFINITIVA,"VEHICULAR, PEATONAL",8,8,3,"1,3,4,7",N/A,"21,24,33,37",N/A,NO,0,"Brechas, Cola - Siguiente Intersección",3606
-74.1834826,4.61014263499999,4907,1527,3281,KR 80H X CL 60 S,BOSA,C900,SENCILLA,SI,2017/06/01 00:00:00+00,NORMAL,BT-TF,DEFINITIVA,"VEHICULAR, PEATONAL, CICLISTA",8,8,4,"2,4,7",N/A,"22,24,27,32",N/A,41,0,N/A,3419
-74.18752776,4.61841193399999,4908,1560,3282,KR 85 X CL 61A S,BOSA,NO,TRIPLE,NO,2018/07/04 00:00:00+00,PMT,BT-TF,DEFINITIVA,EXCLUSIVA PEATONAL,3,15,3,1111,N/A,21111,721111,NO,0,Activación de sonoro,3421
-74.186638,4.61866099999997,4909,1882,3282,AV BOSA X AV CIUDAD DE CALI,BOSA,NO,TRIPLE,NO,2025/02/21 00:00:00+00,PMT,BT-TF,DEFINITIVA,EXCLUSIVA VEHICULAR,6,15,3,"2,3, 4,11,12, 111",N/A,N/A,N/A,NO,0,N/A,3421
-74.18545192,4.61877775400001,4910,1538,3282,KR 84C X CL 58D S,BOSA,C900,TRIPLE,SI,2018/01/04 00:00:00+00,PMT,BT-TF,DEFINITIVA,EXCLUSIVA PEATONAL,6,15,3,"1,112",N/A,"21, 2112","721, 72112 Desconectados",NO,0,Activación de sonoro,3421
-74.18546293,4.61708737499998,4911,1539,3283,KR 82G BIS X CL 59 S,BOSA,C900,DOBLE,SI,2018/03/19 00:00:00+00,NORMAL,BT-TA,DEFINITIVA,"VEHICULAR, PEATONAL",10,16,2,"4,13,92",N/A,"24,213,292,7913","724,7213,7292",NO,0,Activación de sonoro,3421
-74.18614496,4.61791827600001,4912,1537,3283,KR 84A X CL 59 S,BOSA,NO,DOBLE,NO,2018/01/04 00:00:00+00,PMT,BT-TA,DEFINITIVA,EXCLUSIVA PEATONAL,6,16,2,"3,14",N/A,"23,214","723,7214 Desconectados",NO,0,Activación de sonoro,3421
-74.09270583,4.58396518000001,4913,1321,3284,KR 12 X AC 11 S,ANTONIO NARINO,ACTROS,SENCILLA,SI,2013/10/09 00:00:00+00,NORMAL,RP-TA,DEFINITIVA,"VEHICULAR, PEATONAL",9,9,4,"1,2,3,4,8",N/A,"21,22,23,34",N/A,NO,0,"Brechas, Fases por demanda",3606
-74.09132118,4.58947580799997,4914,971,3285,AK 14 X CL 3 S,ANTONIO NARINO,C900,SENCILLA,SI,1996/04/09 00:00:00+00,NORMAL,R-TF,DEFINITIVA,"VEHICULAR, PEATONAL",9,9,2,"1A,2A,3,4","1B,2B","21,23,32",N/A,NO,0,N/A,3605
-74.09450245,4.58573421699998,4915,982,3286,AK 14 X AC 11 S,ANTONIO NARINO,C900,SENCILLA,SI,1983/07/18 00:00:00+00,NORMAL,R-TA,DEFINITIVA,"VEHICULAR, PEATONAL",12,12,3,"1A,2A,3,4,94","1B,2B","21,24,32,33,294",N/A,NO,0,"Conteo, Brechas",3605
-74.11729981,4.58862318199999,4916,1465,3711,AK 27 X CL 32 S,ANTONIO NARINO,ACTROS,SENCILLA,SI,2016/08/09 00:00:00+00,NORMAL,BT-TA,DEFINITIVA,"VEHICULAR, PEATONAL",7,10,2,"1,2,91,93",N/A,"21,22,293",7.217.227.293,NO,0,Fases por demanda peatonal sonoro,3618
-74.12554808,4.57201871799998,4917,1068,3712,KR 20 X CL 46 S Y DG 45B S,RAFAEL URIBE,ACTROS,SENCILLA,SI,1995/02/28 00:00:00+00,NORMAL,RP-TF,DEFINITIVA,"VEHICULAR, PEATONAL",9,9,4,"2,3,5,91",N/A,"21,22,23,32,33 (Reg)",N/A,NO,0,N/A,3604
-74.15545858,4.58081249700001,4918,1573,3713,AK 51 X CL 59C Sur,CIUDAD BOLIVAR,ACTROS,SENCILLA,SI,2018/10/11 00:00:00+00,NORMAL,RP-TA,DEFINITIVA,"VEHICULAR, PEATONAL",7,10,2,"3,4,92,793",N/A,"23,24,292",7.237.247.292,NO,0,"Cola, Cola - Siguiente Intersección, Activación de sonoro",3510
-74.15838312,4.58230657899998,4919,1574,3714,AC 68 Sur X TV 63,CIUDAD BOLIVAR,ACTROS,SENCILLA,SI,2018/10/11 00:00:00+00,NORMAL,CA-TA,DEFINITIVA,"VEHICULAR, PEATONAL, CICLISTA",7,9,2,"1,2,102",N/A,"21,22",722,41.42,0,"Conteo, Brechas, Fases por demanda, Activación de sonoro",3510
-74.14874605,4.579595703,4920,1643,3715,AK 51 X CL 58 SUR,TUNJUELITO,C900,SENCILLA,SI,2019/10/02 00:00:00+00,NORMAL,RP-TA,DEFINITIVA,"VEHICULAR, PEATONAL",9,9,3,"3,4","7B,91B,94B","21,24,33,37",N/A,NO,0,"Brechas, Fases por demanda peatonal",3510
-74.11121939,4.59232444200001,4921,1033,3759,KR 29B X CL 22 S,ANTONIO NARINO,C900,SENCILLA,SI,1994/11/30 00:00:00+00,NORMAL,RP-TA,DEFINITIVA,"VEHICULAR, PEATONAL",9,13,3,"2,3,4",N/A,"22,23,24,32,33,34",722.724.732.734,NO,0,Activación de sonoro,3622
-74.11488393,4.59770875599997,4922,751,3760,KR 36 X AC 26 S,PUENTE ARANDA,C900,SENCILLA,SI,2000/07/14 00:00:00+00,NORMAL,RP-TA,DEFINITIVA,"VEHICULAR, PEATONAL",8,8,3,"1,2,3,4",N/A,"21,22,23,34",N/A,NO,0,Brechas,3622
-74.10838563,4.55076124499999,4923,1474,3767,KR 5 X CL 48Q S,RAFAEL URIBE,ACTROS,SENCILLA,SI,2017/04/26 00:00:00+00,NORMAL,BT-TF,DEFINITIVA,"VEHICULAR, PEATONAL",9,9,5,"1,2,3,4",N/A,"21,23,24,33,34",N/A,NO,0,N/A,3614
-74.11143579,4.55744796099998,4924,1457,3768,KR 5L X CL 48J S,RAFAEL URIBE,ACTROS,SENCILLA,SI,2016/08/19 00:00:00+00,NORMAL,R-TF,DEFINITIVA,"VEHICULAR, PEATONAL",7,7,4,"2,4,6,91",N/A,"22,24,34",N/A,NO,0,N/A,3601
-74.15167841,4.58072231400001,4925,1156,3769,AK 51 X CL 58A S,CIUDAD BOLIVAR,C900,SENCILLA,SI,2009/07/30 00:00:00+00,NORMAL,RP-TF,DEFINITIVA,"VEHICULAR, PEATONAL",7,7,3,"3,4,8,92",N/A,"23,24,292",N/A,NO,0,N/A,3510
-74.15390828,4.59735178099999,4926,1697,3811,KR 63 X Entrada a MAKRO,CIUDAD BOLIVAR,NO,DOBLE,NO,2020/10/30 00:00:00+00,NORMAL,CA-TA,DEFINITIVA,"VEHICULAR, PEATONAL",6,18,3,"5,92,3C,4C,4D",N/A,23C,723C,NO,0,N/A,3506
-74.15460407,4.599891689,4927,882,3814,KR 63 X CL 57B S,BOSA,C900,SENCILLA,SI,2004/05/14 00:00:00+00,NORMAL,RP-TF,DEFINITIVA,EXCLUSIVA VEHICULAR,2,2,2,"2,5",N/A,N/A,N/A,NO,0,N/A,3506
-74.10085919,4.568764219,4928,1007,3815,AK 10 X CL 31 S,SAN CRISTOBAL,ACTROS,SENCILLA,SI,2012/06/15 00:00:00+00,NORMAL,CA-TA,DEFINITIVA,"VEHICULAR, PEATONAL",7,7,3,"1,2,4,5","5B,94B#",34,N/A,NO,0,"Conteo, Brechas, Fases por demanda",3606
-74.15086834,4.603423663,4929,867,3816,KR 72J X CL 45 S,KENNEDY,C900,SENCILLA,SI,2004/05/13 00:00:00+00,NORMAL,BT-TF,DEFINITIVA,EXCLUSIVA VEHICULAR,4,4,3,"1,2,3,4",N/A,N/A,N/A,NO,0,N/A,3519
-74.10572252,4.57278532100003,4930,1293,3817,KR 12D X CL 31A S,RAFAEL URIBE,ACTROS,SENCILLA,SI,2012/12/27 00:00:00+00,NORMAL,BT-TA,DEFINITIVA,"VEHICULAR, PEATONAL",9,9,5,"1,2,2A,3,4",N/A,"22,22A,23,24",N/A,NO,0,"Brechas, Fases por demanda, Fases por demanda peatonal",3617
-74.08896971,4.56242456000001,4931,968,3825,AK 4 ESTE X CL 29 S,SAN CRISTOBAL,C900,SENCILLA,SI,2006/10/20 00:00:00+00,NORMAL,BT-TF,DEFINITIVA,"VEHICULAR, PEATONAL",7,7,4,"1,2,3,4",N/A,"21,22,24",N/A,NO,0,N/A,3611
-74.09153464,4.57263901900001,4932,972,3826,KR 6 X CL 22 S,SAN CRISTOBAL,C900,SENCILLA,SI,1998/08/05 00:00:00+00,Desvío - PMT,RP-TF,DEFINITIVA,"VEHICULAR, PEATONAL",6,6,2,"2,3,4",N/A,"22,24,33",N/A,NO,0,N/A,3606
-74.08911725,4.57594827299999,4933,964,3827,KR 6 X CL 17 S,SAN CRISTOBAL,C900,SENCILLA,SI,1993/12/20 00:00:00+00,NORMAL,RP-TA,DEFINITIVA,"VEHICULAR, PEATONAL, CICLISTA",8,8,4,"2,3,6",N/A,"22,23","722,723",42,0,Fases por demanda peatonal sonoro,3606
-74.09474269,4.56930352500001,4934,978,3828,KR 6 X CL 27 S,SAN CRISTOBAL,C900,SENCILLA,SI,2006/10/18 00:00:00+00,NORMAL,RP-TF,DEFINITIVA,EXCLUSIVA PEATONAL,2,2,2,3,N/A,23 (Exc),N/A,NO,0,N/A,3606
-74.09380037,4.57024428800003,4935,977,3829,KR 6 X CL 25 S,SAN CRISTOBAL,C900,SENCILLA,SI,1993/12/20 00:00:00+00,NORMAL,RP-TA,DEFINITIVA,"VEHICULAR, PEATONAL",6,6,3,"2,4",N/A,"22,24,32,34",N/A,NO,0,"Brechas, Fases por demanda, Fases por demanda peatonal",3606
-74.10046796,4.58237729500001,4936,1003,3287,AK 14 X CL 19 S,ANTONIO NARINO,C900,SENCILLA,SI,1990/12/06 00:00:00+00,NORMAL,R-TA,DEFINITIVA,"VEHICULAR, PEATONAL",9,9,3,"1A,2A,3,94","1B,2B","22,23,31",N/A,NO,0,"Conteo, Brechas, Cola - Siguiente Intersección",3605
-74.10248309,4.58126798299998,4937,1014,3288,AK 14 X CL 22 S,ANTONIO NARINO,C900,SENCILLA,SI,1990/12/06 00:00:00+00,NORMAL,R-TA,DEFINITIVA,"VEHICULAR, PEATONAL",12,12,2,"1A,2A,3,4","1B,2B","21,23,24,32,33,34",N/A,NO,0,"Conteo, Brechas",3605
-74.10686442,4.57913146099997,4938,1025,3289,AK 14 X CL 27 S,RAFAEL URIBE,C900,SENCILLA,SI,1998/07/23 00:00:00+00,NORMAL,R-TA,DEFINITIVA,"VEHICULAR, PEATONAL",11,11,3,"1A,2A,4","1B,2B","21,22,24,24A,31,32",N/A,NO,0,"Conteo, Brechas",3605
-74.18311572,4.61323837100002,4939,1540,3290,KR 81A X CL 59 S,BOSA,C900,SENCILLA,SI,2018/03/19 00:00:00+00,NORMAL,BT-TF,DEFINITIVA,"VEHICULAR, PEATONAL",8,8,2,"1,2,3,4",N/A,"21,22,24,33",validar,NO,0,N/A,3419
-74.18721114,4.63670512700003,4940,1545,3291,KR 94 X AC 54 S,BOSA,C900,DOBLE,SI,2018/04/27 00:00:00+00,NORMAL,BT-TF,DEFINITIVA,"VEHICULAR, PEATONAL, CICLISTA",7,21,2,"4,13",N/A,"24,213,241 (Exc)",N/A,"41,42 (Exc)",0,N/A,3424
-74.1878007,4.63790866199997,4941,1546,3291,KR 95A X AC 54 S,BOSA,NO,DOBLE,NO,2018/04/27 00:00:00+00,NORMAL,BT-TF,DEFINITIVA,"VEHICULAR, PEATONAL",14,21,3,"1,2,3,7,8,14",N/A,"21,22,23,214,31,32,33,314",N/A,NO,0,N/A,3424
-74.18425948,4.606281352,4942,932,3292,KR 79C X CL 65 S,BOSA,ACTROS,SENCILLA,SI,2018/03/27 00:00:00+00,NORMAL,BT-TA,DEFINITIVA,"VEHICULAR, PEATONAL",8,8,3,"2,3",N/A,"22,23,33",722.723.733,NO,0,Activación de sonoro,3419
-74.10844367,4.58205584000001,4943,1254,3295,KR 21 X CL 27 S,RAFAEL URIBE,C900,SENCILLA,SI,2012/06/27 00:00:00+00,NORMAL,RP-TF,DEFINITIVA,"VEHICULAR, PEATONAL",5,5,2,"1,4",N/A,"21,24,34",N/A,NO,0,N/A,3605
-74.11059442,4.58875421499999,4944,1030,3298,KR 27 X CL 26 S,RAFAEL URIBE,ACTROS,SENCILLA,SI,1990/09/18 00:00:00+00,NORMAL,BT-TF,DEFINITIVA,"VEHICULAR, PEATONAL",7,7,3,"1,2,5,6",N/A,"21,32,35",N/A,NO,0,N/A,3618
-74.10967667,4.58433019,4945,1029,3299,KR 24 X CL 27 S,RAFAEL URIBE,C900,DOBLE,SI,1988/04/14 00:00:00+00,NORMAL,BT-TF,DEFINITIVA,"VEHICULAR, PEATONAL",4,11,3,"1,4,6,12",N/A,"21,24",N/A,NO,0,N/A,3524
-74.11091882,4.58425623400001,4946,1032,3299,KR 24 X CL 28 S,RAFAEL URIBE,NO,DOBLE,NO,1988/04/14 00:00:00+00,NORMAL,BT-TF,DEFINITIVA,"VEHICULAR, PEATONAL",3,11,3,"2,3,11",N/A,"22,23",N/A,NO,0,N/A,3524
-74.1613028,4.58991964299997,4947,1120,3770,AK 70C X CL 62B S,CIUDAD BOLIVAR,C900,DOBLE,SI,2000/07/14 00:00:00+00,NORMAL,BT-TA,DEFINITIVA,"VEHICULAR, PEATONAL",7,14,3,"1,4,5,12",N/A,"24,212,312",N/A,NO,0,"Brechas, Fases por demanda",3517
-74.16126486,4.58950361400002,4948,1121,3770,AK 70C X CL 63 S,CIUDAD BOLIVAR,NO,DOBLE,NO,2000/07/14 00:00:00+00,NORMAL,BT-TA,DEFINITIVA,"VEHICULAR, PEATONAL",7,14,4,"2,3,6,11,911",N/A,"23,211",N/A,NO,0,"Brechas, Fases por demanda",3517
-74.10084909,4.565118106,4949,1212,3771,KR 7A X CL 34 S,SAN CRISTOBAL,C900,SENCILLA,SI,2011/02/15 00:00:00+00,NORMAL,RP-TF,DEFINITIVA,"VEHICULAR, PEATONAL",7,7,2,"1,2,3,4",N/A,"21,23,24",N/A,NO,0,N/A,3606
-74.09994837,4.56023234899999,4950,1187,3772,KR 3C X CL 37A S,SAN CRISTOBAL,C900,SENCILLA,SI,2010/03/10 00:00:00+00,NORMAL,BT-TA,DEFINITIVA,"VEHICULAR, PEATONAL",7,7,4,"1,2,3,4",N/A,"21,22,24",N/A,NO,0,"Brechas, Fases por demanda",3612
-74.09880753,4.558924101,4951,1164,3773,KR 3B X CL 37A S,SAN CRISTOBAL,NO,DOBLE,NO,2009/11/20 00:00:00+00,NORMAL,BT-TA,DEFINITIVA,"VEHICULAR, PEATONAL",5,10,3,"4,4A,13",N/A,"24,24A",N/A,NO,0,Brechas,3612
-74.09839323,4.55797482200001,4952,1165,3773,KR 5 X CL 37A S,SAN CRISTOBAL,C900,DOBLE,SI,2009/11/20 00:00:00+00,NORMAL,BT-TA,DEFINITIVA,"VEHICULAR, PEATONAL",5,10,3,"3,14,3A",N/A,"23,23A",N/A,NO,0,Brechas,3612
-74.10808977,4.56382537399998,4953,1379,3774,KR 10 X KR 9F,RAFAEL URIBE,ACTROS,DOBLE,SI,2015/03/19 00:00:00+00,NORMAL,BT-TF,DEFINITIVA,"VEHICULAR, PEATONAL",8,13,4,"1,4,5,12,64",N/A,"21,24,312",N/A,NO,0,N/A,3613
-74.10821828,4.56357413199999,4954,1422,3774,KR 10 X CL 43 S,RAFAEL URIBE,NO,DOBLE,NO,2015/03/19 00:00:00+00,NORMAL,BT-TF,DEFINITIVA,"VEHICULAR, PEATONAL",5,13,4,"2,3,11",N/A,"22,23",N/A,NO,0,N/A,3613
-74.10226182,4.56724362699998,4955,1012,3775,AK 10 X CL 34 S,SAN CRISTOBAL,ACTROS,DOBLE,SI,2000/09/19 00:00:00+00,NORMAL,CA-TA,DEFINITIVA,"VEHICULAR, PEATONAL",7,15,4,"1,4,5,12",N/A,"24,31,212",N/A,NO,0,Conteo,3606
-74.10310351,4.56639186500001,4956,1556,3775,AK 10 X CL 35 S,SAN CRISTOBAL,NO,DOBLE,NO,2018/07/03 00:00:00+00,NORMAL,CA-TA,DEFINITIVA,"VEHICULAR, PEATONAL",8,15,4,"2,3,11,15",N/A,"22,23,33,311",N/A,NO,0,Conteo,3606
-74.09191501,4.55416633200002,4957,973,3776,AK 4 ESTE X AC 37 S,SAN CRISTOBAL,C900,SENCILLA,SI,2004/10/04 00:00:00+00,NORMAL,BT-TA,DEFINITIVA,"VEHICULAR, PEATONAL",3,3,3,"1,3,4",N/A,21-23-24,N/A,NO,0,"Brechas, Fases por demanda",3611
-74.09606309,4.56735277299998,4958,1222,3830,KR 5A X CL 30A S,SAN CRISTOBAL,C900,SENCILLA,SI,2011/06/23 00:00:00+00,NORMAL,RP-TF,DEFINITIVA,"VEHICULAR, PEATONAL",6,6,3,"1,3,4",N/A,"21,23,24",N/A,NO,0,"Brechas, Fases por demanda, Fases por demanda peatonal",3606
-74.11546361,4.59235836900001,4959,1043,3831,KR 30 X CL 30 S,ANTONIO NARINO,C900,SENCILLA,SI,1993/12/21 00:00:00+00,Desvío - PMT,BT-TF,DEFINITIVA,"VEHICULAR, PEATONAL",10,10,3,"1,2,3,4,11,12",N/A,"22,24,33,311",N/A,NO,0,"Conteo, Brechas",3622
-74.09911489,4.570866088,4960,1271,3832,AK 10 X CL 28 S,SAN CRISTOBAL,ACTROS,SENCILLA,SI,2012/08/31 00:00:00+00,NORMAL,CA-TA,DEFINITIVA,"VEHICULAR, PEATONAL",8,8,2,"1A,2A","1B,2B","21,22 (Exc)","721, 722",NO,0,Activación de sonoro,3606
-74.12806404,4.59090217699998,4961,1384,3833,KR 50 X DG 40B S,TUNJUELITO,C900,SENCILLA,SI,2014/07/10 00:00:00+00,NORMAL,BT-TA,DEFINITIVA,EXCLUSIVA PEATONAL,6,6,2,"1,2",N/A,"21,22 (Exc)",722,NO,0,Fases por demanda peatonal sonoro,3524
-74.12835031,4.58828508300002,4962,1385,3834,KR 50 X DG 42 S,TUNJUELITO,C900,SENCILLA,SI,2014/07/10 00:00:00+00,NORMAL,BT-TA,DEFINITIVA,"VEHICULAR, PEATONAL",9,9,2,"1,2,94",N/A,"21,22,294","721, 722, 7294",NO,0,"Brechas, Fases por demanda, Activación de sonoro",3524
-74.09918011,4.56656664600001,4963,1219,3835,KR 7A X CL 31 S,SAN CRISTOBAL,C900,SENCILLA,SI,2011/05/26 00:00:00+00,NORMAL,RP-TF,DEFINITIVA,"VEHICULAR, PEATONAL",16,16,3,"1,2,3,4,11,12",N/A,"21,22,23,24,33,34","721, 722, 724, 733",NO,0,Activación de sonoro,3606
-74.09818985,4.56546470000001,4964,1221,3837,KR 5A X CL 31 S,SAN CRISTOBAL,C900,SENCILLA,SI,2011/06/23 00:00:00+00,NORMAL,RP-TA,DEFINITIVA,"VEHICULAR, PEATONAL",7,11,2,"1,3,11",N/A,"21,23,211,391","721, 723, 7211, 7391",NO,0,Activación de sonoro,3606
-74.12996856,4.60290223999999,4965,798,3840,KR 52A X CL 37 S,PUENTE ARANDA,C900,DOBLE,SI,1993/12/21 00:00:00+00,NORMAL,BT-TF,DEFINITIVA,"VEHICULAR, PEATONAL, CICLISTA",7,15,4,"1,4,13",N/A,"21,213 (Reg)",N/A,"41, 44",0,N/A,3502
-74.13072528,4.60368544300002,4966,801,3840,KR 52C X CL 37 S,PUENTE ARANDA,NO,DOBLE,NO,1993/12/21 00:00:00+00,NORMAL,BT-TF,DEFINITIVA,"VEHICULAR, PEATONAL",8,15,3,"1A,2,3,14",N/A,"21A,22,23,214 (Reg)",N/A,NO,0,N/A,3502
-74.13316568,4.599969988,4967,810,3842,KR 52C X CL 40 S,PUENTE ARANDA,C900,SENCILLA,SI,1994/11/29 00:00:00+00,NORMAL,BT-TF,DEFINITIVA,"VEHICULAR, PEATONAL",4,4,3,"1,3",N/A,"21,33",N/A,NO,0,N/A,3502
-74.11304645,4.58868849300001,4968,1044,3300,KR 27 X CL 29 S,RAFAEL URIBE,NO,DOBLE,NO,2006/09/21 00:00:00+00,NORMAL,BT-TF,DEFINITIVA,"VEHICULAR, PEATONAL",7,14,3,"1,7,12,93",N/A,"23,31,212",N/A,NO,0,N/A,3618
-74.11445752,4.588536901,4969,1045,3300,KR 27 X CL 30 S,RAFAEL URIBE,ACTROS,DOBLE,SI,2006/09/21 00:00:00+00,NORMAL,BT-TF,DEFINITIVA,"VEHICULAR, PEATONAL",7,14,3,"2,4,5,11",N/A,"24,32,211",N/A,NO,0,N/A,3618
-74.12270325,4.58980021000002,4970,1186,3301,KR 27 X CL 38A S,ANTONIO NARINO,C900,SENCILLA,SI,2010/03/26 00:00:00+00,NORMAL,BT-TA,DEFINITIVA,"VEHICULAR, PEATONAL",4,4,2,"4,91",N/A,"24,291",N/A,NO,0,"Brechas, Fases por demanda, Fases por demanda peatonal",3618
-74.11980138,4.58312795699999,4971,1475,3302,KR 25 X CL 36 S,RAFAEL URIBE,C900,SENCILLA,SI,2017/03/19 00:00:00+00,NORMAL,BT-TA,DEFINITIVA,"VEHICULAR, PEATONAL",13,18,3,"1,2,3,4,6,11,91",N/A,"21,22,23,24,33,34",721.722.724.733.793,NO,0,Activación de sonoro,3524
-74.13232772,4.61131982199998,4972,1630,3303,KR 68H X AC 26 S,KENNEDY,C900,SENCILLA,SI,2019/07/21 00:00:00+00,PMT,BT-TA,DEFINITIVA,"VEHICULAR, PEATONAL",8,8,2,"3,4,91,92",N/A,"23,24,291,292",N/A,NO,0,"Conteo, Brechas, Fases por demanda, Fases por demanda peatonal",3504
-74.18602037,4.60952452800001,4973,1663,3305,KR 80I X CL 65 SUR,BOSA,C900,SENCILLA,SI,2021/02/16 00:00:00+00,NORMAL,BT-TF,DEFINITIVA,"VEHICULAR, PEATONAL, CICLISTA",8,8,3,"1,3",N/A,"21,23,31,33",N/A,"41,42",0,Activación de sonoro,3419
-74.14060677,4.60631050400002,4974,1664,3306,KR 68L X CL 39 SUR,KENNEDY,C900,SENCILLA,SI,2021/02/23 00:00:00+00,NORMAL,RP-TA,DEFINITIVA,"VEHICULAR, PEATONAL",9,13,3,"1,2,3,4,93",N/A,"21,22,23,24",721.722.723.724,NO,0,N/A,3505
-74.15238032,4.57079122900001,4975,1688,3308,KR 38 X CL 64 SUR,CIUDAD BOLIVAR,C900,SENCILLA,SI,2020/12/11 00:00:00+00,NORMAL,RP-TF,DEFINITIVA,"VEHICULAR, PEATONAL",6,6,5,"1,2,2A,4",N/A,"21,24",N/A,NO,0,N/A,3510
-74.15416385,4.59876914199998,4976,1696,3309,KR 63 X CL 57C S,CIUDAD BOLIVAR,C900,SENCILLA,SI,2020/10/29 00:00:00+00,NORMAL,RP-TA,DEFINITIVA,"VEHICULAR, PEATONAL",6,8,4,"1,2,3,5",N/A,"22,33 (Reg)","723, 733",NO,0,"Fases por demanda, Cola - Siguiente Intersección, Activación de sonoro",3506
-74.11913982,4.61294737999998,4977,1689,3310,TV 53 X CL 2 (Costado Sur),PUENTE ARANDA,C900,SENCILLA,SI,2020/12/12 00:00:00+00,NORMAL,BT-TF,DEFINITIVA,"VEHICULAR, PEATONAL, CICLISTA",6,6,5,"1,2,3",N/A,22,N/A,"41,42",0,N/A,3526
-74.11255833,4.55508888899999,4978,1034,3777,KR 5L X CL 48P S,RAFAEL URIBE,ACTROS,DOBLE,SI,1993/12/21 00:00:00+00,NORMAL,R-TA,DEFINITIVA,"VEHICULAR, PEATONAL",6,11,3,"2,4,13,62",N/A,"32,213",N/A,NO,0,"Conteo, Brechas",3601
-74.11295208,4.55518121799997,4979,1036,3777,KR 5L BIS Y TV 5P X CL 48P S,RAFAEL URIBE,NO,DOBLE,NO,1993/12/21 00:00:00+00,NORMAL,R-TA,DEFINITIVA,"VEHICULAR, PEATONAL",5,11,4,"1,3,14",N/A,"21,23",N/A,NO,0,"Conteo, Brechas",3601
-74.11481449,4.55335365500002,4980,1130,3778,KR 5L X CL 49 S,RAFAEL URIBE,ACTROS,SENCILLA,SI,2006/12/11 00:00:00+00,NORMAL,R-TA,DEFINITIVA,"VEHICULAR, PEATONAL",5,5,3,"1,2,3",N/A,"22,23",N/A,NO,0,"Conteo, Brechas",3601
-74.13320336,4.58548961600002,4981,1090,3779,KR 33 X CL 48C S,TUNJUELITO,NO,DOBLE,NO,1993/12/21 00:00:00+00,NORMAL,BT-TA,DEFINITIVA,"VEHICULAR, PEATONAL",6,19,2,"1,4,12",N/A,"21,24,312",N/A,NO,0,Brechas,3524
-74.13407142,4.58536074300002,4982,1091,3779,KR 33 X CL 49A S,TUNJUELITO,ACTROS,DOBLE,SI,2004/07/22 00:00:00+00,NORMAL,BT-TA,DEFINITIVA,"VEHICULAR, PEATONAL",3,19,3,"2,3,11",N/A,22-23-211-311-32-33,"722, 723, 733, 7311",NO,0,"Brechas, Activación de sonoro",3524
-74.09998644,4.563886905,4983,1391,3780,KR 5A X CL 34 S,SAN CRISTOBAL,C900,SENCILLA,SI,2000/10/09 00:00:00+00,NORMAL,RP-TF,DEFINITIVA,"VEHICULAR, PEATONAL",6,6,3,"1,2,3,4",N/A,"22,23",N/A,NO,0,N/A,3606
-74.08633028,4.55149668000001,4984,959,3781,KR 9 E X CL 36L S,SAN CRISTOBAL,C900,SENCILLA,SI,2006/09/14 00:00:00+00,NORMAL,BT-TF,DEFINITIVA,"VEHICULAR, PEATONAL",5,5,2,"1,3,4",N/A,"21,23",N/A,NO,0,N/A,3611
-74.14234122,4.61918440300002,4985,840,3782,KR 72N X AC 26 S,KENNEDY,ACTROS,SENCILLA,SI,2007/10/26 00:00:00+00,PMT,BT-TF,DEFINITIVA,"VEHICULAR, PEATONAL",6,6,2,"3,4",N/A,"23, 24 ","723, 724 Desconectados",NO,0,"Conteo, Brechas, Cola - Siguiente Intersección, Activación de sonoro",3531
-74.17093347,4.61359067199999,4986,917,3783,TV 78N X CL 53 S,KENNEDY,ACTROS,DOBLE,SI,2000/10/09 00:00:00+00,NORMAL,BT-TA,DEFINITIVA,"VEHICULAR, PEATONAL",10,18,4,"1,4,7,13,91",N/A,"21,24,37,213,291",N/A,NO,0,"Conteo, Brechas, Fases por demanda",3527
-74.17185218,4.61328899900002,4987,918,3783,KR 79 X TV 79,KENNEDY,NO,DOBLE,NO,2000/10/09 00:00:00+00,NORMAL,BT-TA,DEFINITIVA,"VEHICULAR, PEATONAL",8,18,3,"2,3,8,14",N/A,"22,23,38,214",N/A,NO,0,"Conteo, Brechas, Fases por demanda",3527
-74.11558259,4.51306606000003,4988,1320,3843,AK 14 X CL 76 S,USME,C900,SENCILLA,SI,2013/10/08 00:00:00+00,NORMAL,R-TF,DEFINITIVA,"VEHICULAR, PEATONAL",7,7,3,"1,2,3,4",N/A,"21,23,24",N/A,NO,0,Cola - Siguiente Intersección,3626
-74.13466332,4.59767512899998,4989,816,3844,KR 52C X CL 42 S,PUENTE ARANDA,C900,SENCILLA,SI,1994/01/29 00:00:00+00,NORMAL,BT-TF,DEFINITIVA,"VEHICULAR, PEATONAL",4,4,2,"1,4",N/A,"21,24",N/A,NO,0,N/A,3502
-74.11698066,4.51629653600003,4990,1047,3845,AK 14 X CL 74A S,USME,C900,SENCILLA,SI,2008/01/22 00:00:00+00,NORMAL,R-TF,DEFINITIVA,EXCLUSIVA PEATONAL,4,4,2,"1,2","1,2","21,22 (Exc)",N/A,NO,0,N/A,3625
-74.14213422,4.58929232999998,4991,1108,3846,KR 54 X DG 52 S,TUNJUELITO,C900,SENCILLA,SI,2004/07/14 00:00:00+00,NORMAL,BT-TF,DEFINITIVA,"VEHICULAR, PEATONAL",7,7,3,"1,2,3,93",N/A,"22,23,31",N/A,NO,0,N/A,3514
-74.13588343,4.59198415999998,4992,1093,3847,KR 52A X DG 47A S,TUNJUELITO,C900,SENCILLA,SI,2004/09/09 00:00:00+00,NORMAL,BT-TF,DEFINITIVA,"VEHICULAR, PEATONAL",4,4,2,"2,4",N/A,"22,24",N/A,NO,0,N/A,3515
-74.13845599,4.59155072099998,4993,1099,3848,KR 53 X DG 49 S,TUNJUELITO,C900,SENCILLA,SI,1994/02/12 00:00:00+00,NORMAL,BT-TF,DEFINITIVA,"VEHICULAR, PEATONAL",15,15,4,"1,2,3",N/A,"21,22,23,31,32,33",721 722 723 731 732 (Desconectados),NO,0,N/A,3503
-74.13827138,4.59246571699998,4994,1097,3849,KR 53 X DG 47A S,TUNJUELITO,C900,DOBLE,SI,1995/03/05 00:00:00+00,NORMAL,BT-TF,DEFINITIVA,"VEHICULAR, PEATONAL",9,16,3,"2,3,11",N/A,"22,23,32,33,211,311",N/A,NO,0,N/A,3503
-74.13805965,4.59337196600001,4995,1646,3849,KR 53 X DG 46A S,TUNJUELITO,NO,DOBLE,NO,2023/04/03 00:00:00+00,PMT,BT-TF,PROVISIONAL_PMT,"VEHICULAR, PEATONAL",7,16,3,"1,12,4",N/A,"21,24,34,312",N/A,NO,0,N/A,3503
-74.13838338,4.58979135599998,4996,1098,3850,TV 44 X CL 50B S,TUNJUELITO,NO,DOBLE,NO,2000/09/09 00:00:00+00,NORMAL,BT-TF,DEFINITIVA,"VEHICULAR, PEATONAL",7,13,3,"2,4,13",N/A,"22,24,32,313",N/A,NO,0,N/A,3503
-74.13877103,4.58961876000001,4997,1101,3850,TV 44 X CL 51 S,TUNJUELITO,C900,DOBLE,SI,2000/09/09 00:00:00+00,NORMAL,BT-TF,DEFINITIVA,"VEHICULAR, PEATONAL",6,13,3,"1,3,7,14",N/A,"21,23",N/A,NO,0,N/A,3503
-74.1416367,4.58811367099997,4998,1107,3851,TV 44 X KR 54 Y CL 53A S,TUNJUELITO,C900,SENCILLA,SI,2004/04/16 00:00:00+00,NORMAL,BT-TF,DEFINITIVA,"VEHICULAR, PEATONAL",7,7,3,"1,3,4,94",N/A,"21,23,294",N/A,NO,0,N/A,3514
-74.13653953,4.54611020800002,4999,1700,3311,KR 17 X CL 71 BIS S,CIUDAD BOLIVAR,C900,SENCILLA,SI,2020/12/24 00:00:00+00,NORMAL,RP-TF,DEFINITIVA,EXCLUSIVA PEATONAL,4,4,2,"1,2",N/A,"21,22 (Exc)",N/A,NO,0,N/A,3511
-74.15815346,4.61325856600001,5000,1710,3312,KR 78 X CL 42 S,KENNEDY,C900,SENCILLA,SI,2022/10/18 00:00:00+00,NORMAL,BT-TF,DEFINITIVA,"VEHICULAR, PEATONAL",7,7,3,"1,3,4,4A",N/A,"21,23,34",N/A,NO,0,N/A,3531
-74.15178171,4.61323270100002,5001,1722,3313,KR 73 X CL 40C SUR,KENNEDY,C900,DOBLE,SI,2022/10/11 00:00:00+00,NORMAL,BT-TF,DEFINITIVA,"VEHICULAR, PEATONAL",8,16,4,"1,3A,4,12",N/A,"21,23A,24",N/A,NO,0,N/A,3531
-74.15161508,4.61280841500002,5002,1262,3313,KR 72R X CL 40C SUR,KENNEDY,NO,DOBLE,NO,2022/10/11 00:00:00+00,NORMAL,BT-TF,DEFINITIVA,"VEHICULAR, PEATONAL",8,16,3,"2,2A,3,11",N/A,"22,23,33,311",N/A,NO,0,N/A,3531
-74.14625007,4.617683978,5003,1712,3314,KR 73 X CL 37 SUR,KENNEDY,C900,DOBLE,SI,2022/09/07 00:00:00+00,PMT,BT-TF,PROVISIONAL_PMT,"VEHICULAR, PEATONAL, CICLISTA",4,10,2,12,N/A,33,N/A,"41, 412",0,N/A,3531
-74.14663605,4.61735867499999,5004,1723,3314,KR 73 X DG 37 SUR,KENNEDY,NO,DOBLE,NO,2022/09/07 00:00:00+00,PMT,BT-TF,PROVISIONAL_PMT,"VEHICULAR, PEATONAL, CICLISTA",6,10,2,"2, 3",N/A,"22, 23",N/A,"42, 411",0,N/A,3531
-74.11927166,4.61326219099999,5005,1715,3317,TV 53 X CL 2  (Costado Norte),PUENTE ARANDA,C900,SENCILLA,SI,2021/03/12 00:00:00+00,NORMAL,BT-TF,DEFINITIVA,"VEHICULAR, PEATONAL",6,6,3,"1,2,3,4",N/A,"22,23",N/A,NO,0,N/A,3526
-74.133915,4.611267,5006,1876,3316,KR 68I X CL 31 S,KENNEDY,sX,DOBLE,SI,2024/12/14 00:00:00+00,PMT,RP-TF,PROVISIONAL_PMT,"VEHICULAR, PEATONAL",6,13,3,"1,2,3A",N/A,"22, 23A,31",N/A,NO,0,N/A,3504
-74.133306,4.61188600000003,5007,1877,3316,KR 68I X AC 26 S,KENNEDY,NO,DOBLE,NO,2024/12/14 00:00:00+00,PMT,RP-TF,PROVISIONAL_PMT,"VEHICULAR, PEATONAL",7,13,2,"3,4,92",N/A,"23,24,292,393",N/A,NO,0,N/A,3504
-74.16632638,4.62680221400001,5008,1717,3319,KR 81G X CL 42A S,KENNEDY,C900,SENCILLA,SI,2021/09/07 00:00:00+00,PMT,BT-TF,PROVISIONAL_PMT,"VEHICULAR, PEATONAL",4,4,3,"3, 4",N/A,"24, 32",N/A,NO,0,N/A,3405
-74.19581082,4.62887092800003,5009,1732,3320,KR 91 X CL 63 SUR,BOSA,C900,SENCILLA,SI,2021/06/29 00:00:00+00,NORMAL,BT-TF,DEFINITIVA,"VEHICULAR, PEATONAL, CICLISTA",17,17,4,"1, 2, 3, 4, 5, 7,94",N/A,"21, 22, 23, 24, 32, 33, 34,294",N/A,44,0,N/A,3422
-74.10988738,4.59640572799998,5010,727,3326,KR 30 X CL 17 S,ANTONIO NARINO,C900,SENCILLA,SI,1989/12/01 00:00:00+00,NORMAL,BT-TA,DEFINITIVA,"VEHICULAR, PEATONAL",9,9,4,"1,2,3,4,5",N/A,"22,23,24,31",N/A,NO,0,"Brechas, Fases por demanda vehicular ",3622
-74.14532404,4.59097452899999,5011,1113,3784,TV 60 X DG 51 S,TUNJUELITO,ACTROS,SENCILLA,SI,1993/12/07 00:00:00+00,NORMAL,BT-TF,DEFINITIVA,"VEHICULAR, PEATONAL",6,6,2,"1,2,4",N/A,"21,24,32",N/A,NO,0,N/A,3524
-74.17473473,4.61450287399998,5012,921,3785,AK 80 X AC 55 S,KENNEDY,ACTROS,SENCILLA,SI,1996/03/16 00:00:00+00,NORMAL,CA-TA,DEFINITIVA,"VEHICULAR, PEATONAL",10,10,3,"1,2,3,4,92",N/A,"21,24,32,33,292",N/A,NO,0,"Conteo, Brechas, Fases por demanda",3527
-74.14477808,4.61890939599999,5013,847,3786,TV 72N X CL 35B S,KENNEDY,ACTROS,SENCILLA,SI,2000/10/01 00:00:00+00,PMT,BT-TF,DEFINITIVA,"VEHICULAR, PEATONAL",8,8,4,"1,1A,3,4",N/A,"21,24,33,31",N/A,NO,0,N/A,3531
-74.14211848,4.59034681499998,5014,1455,3788,AK 54 X DG 51 S,TUNJUELITO,C900,SENCILLA,SI,2016/08/10 00:00:00+00,NORMAL,BT-TF,DEFINITIVA,"VEHICULAR, PEATONAL",11,11,4,"1,2,4,6,8,94",N/A,"21,22,24,31,32",N/A,NO,0,N/A,3514
-74.15660058,4.61987062700001,5015,1288,3789,TV 78K X CL 41 S,KENNEDY,ACTROS,SENCILLA,SI,2012/12/20 00:00:00+00,NORMAL,BT-TA,DEFINITIVA,"VEHICULAR, PEATONAL, CICLISTA",13,13,5,"1, 2, 6, 7, 91, 93",N/A,"22,27,31",validar,41,0,N/A,3531
-74.17356805,4.61532404799999,5016,1468,3790,AK 80 X CL 54 S,KENNEDY,C900,SENCILLA,SI,2017/06/29 00:00:00+00,NORMAL,BT-TF,DEFINITIVA,"VEHICULAR, PEATONAL",8,8,3,"1,2,3",N/A,"21,22,23,31,32","721,722,723,731,732",NO,0,N/A,3527
-74.14201483,4.60645422499999,5017,837,3791,AK 72 X CL 39B S Y KR 68L,KENNEDY,C900,SENCILLA,SI,1993/12/22 00:00:00+00,NORMAL,CA-TA,DEFINITIVA,"VEHICULAR, PEATONAL",8,8,2,"1,2,3,4",N/A,"22,23,24,31",N/A,NO,0,"Conteo, Brechas",3505
-74.13598187,4.59851356000001,5018,821,3792,AK 68 X CL 39F S,KENNEDY,C900,SENCILLA,SI,1995/01/06 00:00:00+00,PMT,BT-TF,DEFINITIVA,"VEHICULAR, PEATONAL, CICLISTA",9,9,3,"1,2,3,4",N/A,"22,23,31",N/A,"41, 42",0,N/A,3502
-74.16790513,4.61981028399998,5019,912,3793,AK 80 X CL 46 S,KENNEDY,ACTROS,DOBLE,SI,1993/12/20 00:00:00+00,NORMAL,R-TF,DEFINITIVA,"VEHICULAR, PEATONAL",6,14,2,"1,3,6,12",N/A,"23,212",N/A,NO,0,"Conteo, Brechas, Fases por demanda, Fases por demanda peatonal",3509
-74.16900652,4.618751997,5020,914,3793,AK 80 X CL 47B S,KENNEDY,NO,DOBLE,NO,1993/12/20 00:00:00+00,NORMAL,R-TF,DEFINITIVA,"VEHICULAR, PEATONAL",8,14,4,"2,4,5,11,92",N/A,"24,34,211",N/A,NO,0,"Conteo, Brechas, Fases por demanda, Fases por demanda peatonal",3509
-74.1415407,4.59314606999999,5021,1106,3852,KR 54 X DG 47A S,TUNJUELITO,C900,DOBLE,SI,2004/07/14 00:00:00+00,NORMAL,BT-TF,DEFINITIVA,"VEHICULAR, PEATONAL",9,17,2,"1,1A,12",N/A,"21,21A,31A","721,721A,731A",NO,0,Activación de sonoro,3514
-74.14174349,4.59221033300003,5022,1645,3852,KR 54 X DG 49 S,TUNJUELITO,NO,DOBLE,NO,2023/04/04 00:00:00+00,PMT,BT-TF,PROVISIONAL_PMT,"VEHICULAR, PEATONAL",8,17,3,"2,3,5,11",N/A,"22,23,25,211",N/A,NO,0,N/A,3514
-74.120639,4.54388799999998,5023,1052,3853,AV CARACAS X CL 56 S,USME,C900,DOBLE,SI,1993/12/30 00:00:00+00,PMT,BT-TA,DEFINITIVA,"VEHICULAR, PEATONAL",21,21,3,"1A,2A,94,101","1B,2B","21,22,31,32,294, 2101","721, 722,731, 732, 7294, 72101","41,42,4111",0,N/A,3616
-74.11402728,4.50783927200001,5024,1041,3854,AK 14 X CL 84 S,USME,C900,SENCILLA,SI,1993/12/07 00:00:00+00,NORMAL,CA-TA,DEFINITIVA,"VEHICULAR, PEATONAL",13,13,5,"1,2,3,4,7,8,63",N/A,"22,23,24,28,33,34",N/A,NO,0,"Conteo, Brechas, Fases por demanda vehicular",3626
-74.12217351,4.55775218600002,5025,1056,3855,KR 9 X AC 51 S,TUNJUELITO,C900,SENCILLA,SI,2002/01/18 00:00:00+00,PMT,RP-TA,DEFINITIVA,"VEHICULAR, PEATONAL",17,17,3,"1A,2A,3","1B,2B","21,22,23,31,32,33","721, 722,723,731,732, 733",NO,0,N/A,3604
-74.12272894,4.55842523199999,5026,1058,3856,KR 10 X AC 51 S,TUNJUELITO,ACTROS,SENCILLA,SI,2004/09/29 00:00:00+00,PMT,R-TF,DEFINITIVA,"VEHICULAR, PEATONAL",9,9,2,"1A, 2A,4","1B,2B","21,24,32,34",N/A,NO,0,N/A,3604
-74.11441117,4.50607558399997,5027,1040,3857,AK 14 X CL 91 S,USME,C900,SENCILLA,SI,2001/09/10 00:00:00+00,NORMAL,R-TA,DEFINITIVA,"VEHICULAR, PEATONAL",5,5,2,"1,2,4",N/A,"22,24",N/A,NO,0,"Conteo, Brechas, Cola, Fases por demanda peatonal",3626
-74.11962354,4.52757648199997,5028,1054,3858,KR 13 X CABECERA SUR PORTAL USME,USME,C900,QUINTUPLE,SI,2004/08/26 00:00:00+00,NORMAL,R-TA,DEFINITIVA,"VEHICULAR, PEATONAL",7,31,2,"12, 13", 1B,"212, 31B","731B,7212 desconectados",NO,0,Activación de sonoro,3625
-74.1199477,4.52710133400001,5029,1318,3858,AK 14 X CABECERA SUR PORTAL USME,USME,NO,QUINTUPLE,NO,2004/08/26 00:00:00+00,PMT,R-TA,DEFINITIVA,"VEHICULAR, PEATONAL",9,31,2,"1,1A, 3,4, 5",N/A,"21, 23","723, 721 desconectados",NO,0,"Conteo, Brechas, Activación de sonoro",3625
-74.12046363,4.52754929399998,5030,1319,3858,AK 14 X KR 13,USME,NO,QUINTUPLE,NO,2004/08/26 00:00:00+00,NORMAL,R-TA,DEFINITIVA,"VEHICULAR, PEATONAL",4,31,2,11A,11B,211A,7211A desconectados,NO,0,"Conteo, Activación de sonoro",3625
-74.11252904,4.59448334799998,5031,1035,3327,KR 30 X CL 22 S,ANTONIO NARINO,C900,SENCILLA,SI,2000/12/15 00:00:00+00,NORMAL,BT-TF,DEFINITIVA,"VEHICULAR, PEATONAL",12,12,3,"1,2,3,4",N/A,"21,22,23,24,31,32,33,34",N/A,NO,0,Conteo,3622
-74.125839,4.619664,5032,1825,3349,AK 68 X CL 3 SUR,KENNEDY,NO,DOBLE,NO,2024/06/17 00:00:00+00,Desvío - PMT,BT-TF,PROVISIONAL_PMT,"VEHICULAR, PEATONAL",6,12,2,"1,12,12A",N/A,"21,212",N/A,41,0,N/A,3508
-74.126156,4.61821700000002,5033,1788,3349,KR 68 X CL 8 SUR,KENNEDY,C900,DOBLE,SI,2023/10/12 00:00:00+00,PMT,BT-TF,PROVISIONAL_PMT,"VEHICULAR, PEATONAL, CICLISTA",6,12,2,"2,2A,11",N/A,"22,211",N/A,411,0,N/A,3508
-74.12428298,4.624280548,5034,788,3350,AK 68 X AC 3,PUENTE ARANDA,ACTROS,SENCILLA,SI,1993/10/12 00:00:00+00,PMT,BT-TF,DEFINITIVA,"VEHICULAR, PEATONAL, CICLISTA",7,7,2,"1,2",N/A,"21,22,35",N/A,"41,42",0,N/A,3508
-74.11896462,4.61898483499999,5035,1127,3351,KR 54 X AC 3,PUENTE ARANDA,ACTROS,SENCILLA,SI,2006/12/05 00:00:00+00,NORMAL,BT-TA,DEFINITIVA,"VEHICULAR, PEATONAL",8,8,3,"2,3,4,12",N/A,"22,24,312,33",N/A,NO,0,"Conteo, Brechas",3508
-74.11251894,4.61334862799998,5036,1152,3352,KR 41 X AC 3,PUENTE ARANDA,C900,SENCILLA,SI,2009/07/16 00:00:00+00,NORMAL,BT-TF,DEFINITIVA,EXCLUSIVA PEATONAL,4,4,2,"3,4",N/A,"23,24 (Exc)",N/A,NO,0,N/A,3619
-74.10876283,4.60949109000001,5037,1151,3353,KR 38 X AC 3,PUENTE ARANDA,C900,SENCILLA,SI,2009/07/17 00:00:00+00,NORMAL,BT-TF,DEFINITIVA,"VEHICULAR, PEATONAL",8,8,3,"1,2,3,4",N/A,"21,22,24,33",N/A,NO,0,N/A,3624
-74.11529129,4.605921024,5038,1278,3354,KR 40 X AC 8 S,PUENTE ARANDA,C900,SENCILLA,SI,2012/10/26 00:00:00+00,NORMAL,BT-TF,DEFINITIVA,"VEHICULAR, PEATONAL",8,8,3,"1,2,3,4",N/A,"21,22,23,34",N/A,NO,0,N/A,3526
-74.13303337,4.62000905399998,5039,908,3378,KR 70B X CL 3 S,KENNEDY,C900,SENCILLA,SI,2017/12/07 00:00:00+00,NORMAL,BT-TF,DEFINITIVA,"VEHICULAR, PEATONAL",10,10,2,"1,2,3,4",N/A,"21,22,23,24,31,32","721, 722, 723, 724, 731, 732",NO,0,N/A,3523
-74.13882765,4.62114455800003,5040,874,3379,AK 72 X CL 2A S,KENNEDY,C900,SENCILLA,SI,2017/12/06 00:00:00+00,NORMAL,CA-TF,DEFINITIVA,"VEHICULAR, PEATONAL",7,7,4,"1,2,92,94",N/A,"21,22,294",N/A,NO,0,"Conteo, Cola - Siguiente Intersección",3507
-74.09964431,4.58653812,5041,1470,3380,KR 18 X CL 15 S,ANTONIO NARINO,sX,SENCILLA,SI,2016/12/01 00:00:00+00,NORMAL,RP-TF,DEFINITIVA,"VEHICULAR, PEATONAL",7,7,2,"1,2,4",N/A,"21,22,31,34",N/A,NO,0,N/A,3605
-74.16729964,4.616309957,5042,911,3794,KR 79 X CL 47B S,KENNEDY,C900,SENCILLA,SI,1994/12/21 00:00:00+00,NORMAL,RP-TF,DEFINITIVA,"VEHICULAR, PEATONAL",5,5,2,"1,2,3",N/A,"22,23",N/A,NO,0,N/A,3527
-74.15845785,4.62237403099999,5043,891,3795,KR 79 X CL 40C S,KENNEDY,C900,SENCILLA,SI,2007/03/26 00:00:00+00,NORMAL,BT-TF,DEFINITIVA,"VEHICULAR, PEATONAL",7,7,3,"1,2,6,7,93",N/A,"22,23",N/A,NO,0,N/A,3528
-74.16082587,4.624568275,5044,896,3796,AK 80 X CL 40C S,KENNEDY,ACTROS,SENCILLA,SI,2007/03/26 00:00:00+00,NORMAL,R-TA,DEFINITIVA,"VEHICULAR, PEATONAL",8,8,3,"1,2,4",N/A,"21,22,24,31,32",N/A,NO,0,"Conteo, Brechas, Fases por demanda, Fases por demanda peatonal",3509
-74.18034035,4.60944586900001,5045,929,3797,KR 80 X CL 58L S,BOSA,NO,QUINTUPLE,NO,1995/02/15 00:00:00+00,NORMAL,BT-TA,DEFINITIVA,"VEHICULAR, PEATONAL",4,29,2,"1,12",N/A,"21,212","721, 7212",NO,0,N/A,3419
-74.18170489,4.60990207499998,5046,1541,3797,KR 80B X CL 59 S,BOSA,NO,QUINTUPLE,NO,2018/01/31 00:00:00+00,NORMAL,BT-TA,DEFINITIVA,"VEHICULAR, PEATONAL",4,29,2,"3,14",N/A,"23,214","723, 7214",NO,0,N/A,3419
-74.18229282,4.60900179700002,5047,1557,3797,KR 80B X DG 60 S,BOSA,NO,QUINTUPLE,NO,2018/07/16 00:00:00+00,NORMAL,BT-TA,DEFINITIVA,"VEHICULAR, PEATONAL",2,29,2,11A,N/A,211A,7211A,NO,0,N/A,3419
-74.18193251,4.60799596099997,5048,1558,3797,AK 80 X CL 60 S,BOSA,NO,QUINTUPLE,NO,2018/07/16 00:00:00+00,NORMAL,BT-TA,DEFINITIVA,"VEHICULAR, PEATONAL",4,29,2,44502,N/A,22-211,"722, 7211",NO,0,N/A,3419
-74.18096041,4.60768293400002,5049,1559,3797,KR 79CBISA X AC 59 S,BOSA,C900,QUINTUPLE,SI,2018/07/16 00:00:00+00,NORMAL,BT-TA,DEFINITIVA,"VEHICULAR, PEATONAL",6,29,3,"4,4A13,13A",N/A,"24,213","724, 7213",NO,0,N/A,3419
-74.17942185,4.60328275000001,5050,926,3798,KR 78C X CL 59 S,BOSA,C900,SENCILLA,SI,2004/09/22 00:00:00+00,NORMAL,BT-TF,DEFINITIVA,"VEHICULAR, PEATONAL",6,6,2,"2,3,4",N/A,"22,24,33",N/A,NO,0,N/A,3419
-74.16565372,4.59562750499998,5051,1153,3800,KR 71 X CL 57R S,BOSA,ACTROS,SENCILLA,SI,2009/07/08 00:00:00+00,NORMAL,BT-TA,DEFINITIVA,"VEHICULAR, PEATONAL",6,6,2,"3,4","3B,4B","23,24",N/A,NO,0,"Brechas, Fases por demanda",3516
-74.1630904,4.589020097,5052,1476,3801,KR 70G X CL 63 S,CIUDAD BOLIVAR,C900,SENCILLA,SI,2017/04/05 00:00:00+00,NORMAL,BT-TF,DEFINITIVA,"VEHICULAR, PEATONAL",7,7,4,"1,2,4,92",N/A,"21,22,34",N/A,NO,0,N/A,3517
-74.11934055,4.52660673999998,5053,1436,3858,TV 1 BIS X CL 68B SUR,USME,NO,QUINTUPLE,NO,2022/11/25 00:00:00+00,NORMAL,R-TA,PROVISIONAL_PMT,"VEHICULAR, PEATONAL",6,31,4,"2, 4A, 15, 111A",N/A,"22, 24A",N/A,NO,0,N/A,3625
-74.12053,4.52670000000001,5054,1883,3858,DG 68A SUR Y CL 68A SUR x KR 14L,USME,NO,QUINTUPLE,NO,2025/02/20 00:00:00+00,NORMAL,R-TA,DEFINITIVA,"VEHICULAR, PEATONAL",5,31,3,"2A,11",2B,"22A, 22B",N/A,NO,0,N/A,3625
-74.11745004,4.519705735,5055,1367,3859,AK 1 X CL 72 S,USME,C900,SENCILLA,SI,2015/04/28 00:00:00+00,NORMAL,R-TA,DEFINITIVA,"VEHICULAR, PEATONAL",5,7,3,"1,2,94",N/A,"21,294","721, 7294",NO,0,Activación de sonoro,3625
-74.11868425,4.510203375,5056,1456,3860,KR 14F X CL 84 S,USME,C900,SENCILLA,SI,2016/05/14 00:00:00+00,NORMAL,R-TA,DEFINITIVA,EXCLUSIVA PEATONAL,4,4,3,"3,4",N/A,"23,24 ",N/A,NO,0,"Cola - Siguiente Intersección, Fases por demanda peatonal",3626
-74.10673394,4.50661737199999,5057,1459,3861,KR 4E X CL 84 S,USME,C900,SENCILLA,SI,2017/05/12 00:00:00+00,NORMAL,R-TA,DEFINITIVA,EXCLUSIVA PEATONAL,6,6,2,"3,4",N/A,"23,24 ",724,NO,0,N/A,3626
-74.09445792,4.59558419699999,5058,1303,3862,TV 20 X CL 1F,LOS MARTIRES,C900,DOBLE,SI,2013/04/13 00:00:00+00,PMT,RP-TF,DEFINITIVA,"VEHICULAR, PEATONAL",7,12,3,"2,6, 14",N/A,"22,26,32, 214",N/A,NO,0,N/A,3623
-74.094026,4.59524299999998,5059,1906,3862,KR 19D X CL 1F,LOS MARTIRES,NO,DOBLE,NO,2025/03/29 00:00:00+00,NORMAL,RP-TF,PROVISIONAL_PMT,"VEHICULAR, PEATONAL",5,12,2,"1,4",N/A,"21,24, 31",N/A,NO,0,N/A,3623
-74.09321432,4.596650813,5060,1304,3863,TV 20 X CL 2,LOS MARTIRES,C900,SENCILLA,SI,2013/04/13 00:00:00+00,PMT,RP-TF,DEFINITIVA,"VEHICULAR, PEATONAL",7,7,3,"1,2,3",N/A,"22,23,31,33",N/A,NO,0,N/A,3623
-74.09195169,4.59748563699998,5061,1306,3864,TV 20 X CL 3,LOS MARTIRES,C900,SENCILLA,SI,2013/04/22 00:00:00+00,NORMAL,RP-TF,DEFINITIVA,"VEHICULAR, PEATONAL",10,10,3,"2,3,4,92",N/A,"22,23,24,31,32,33,34",N/A,NO,0,N/A,3623
-74.09604022,4.59588866799999,5062,986,3865,KR 24 X CL 1F,LOS MARTIRES,C900,SENCILLA,SI,2006/02/17 00:00:00+00,PMT,RP-TF,DEFINITIVA,"VEHICULAR, PEATONAL",5,5,3,"3,12",N/A,"23,212,33 (Reg)",N/A,NO,0,N/A,3623
-74.09683226,4.596129701,5063,989,3866,KR 24B X CL 1F,LOS MARTIRES,C900,SENCILLA,SI,1993/07/07 00:00:00+00,NORMAL,RP-TF,DEFINITIVA,"VEHICULAR, PEATONAL",4,4,2,"1,3",N/A,"21,23",N/A,NO,0,N/A,3623
-74.12343887,4.61860350299997,5064,1612,3028,KR 60 X DG 2,PUENTE ARANDA,C900,SENCILLA,SI,2020/09/01 00:00:00+00,NORMAL,BT-TF,DEFINITIVA,"VEHICULAR, PEATONAL",8,8,3,"2,3,4,7",N/A,"22,23,24,32",N/A,NO,0,N/A,3508
-74.18908217,4.62299288600002,5065,938,3029,KR 87C Y TV 87C X CL 59C S,BOSA,C900,SENCILLA,SI,2006/09/12 00:00:00+00,NORMAL,BT-TA,DEFINITIVA,"VEHICULAR, PEATONAL, CICLISTA",18,18,3,"1,2,3,4",N/A,"21,22,23,24,33,34","721, 722, 723, 724, 733, 734","43,44",0,N/A,3422
-74.18804554,4.621518815,5066,1729,3030,TV 87 BIS A X CL 59 C S,BOSA,C900,SENCILLA,SI,2021/01/05 00:00:00+00,NORMAL,BT-TA,DEFINITIVA,"VEHICULAR, PEATONAL, CICLISTA",18,18,3,"1,2,3,4",N/A,"21,22,23,24,33,34","721, 722, 723, 724, 733, 734","43,44",0,N/A,3422
-74.19382893,4.62732604299998,5067,1734,3031,KR 89 X AC 59C SUR,BOSA,C900,SENCILLA,SI,2022/02/21 00:00:00+00,NORMAL,BT-TA,DEFINITIVA,"VEHICULAR, PEATONAL, CICLISTA",8,8,2,"3,4",N/A,"24,23","723,724","43,44",0,"Fase por demanda peatonal, Fases por demanda pearonal sonoro",3422
-74.19005115,4.62388374900002,5068,1735,3033,KR 87H X AC 59C SUR,BOSA,C900,SENCILLA,SI,2022/02/21 00:00:00+00,NORMAL,BT-TA,DEFINITIVA,"VEHICULAR, PEATONAL, CICLISTA",8,8,2,"3,4",N/A,"24,23",725,"43,44",0,Fase por demanda peatonal,3422
-74.07139444,4.58978202999998,5069,1199,3034,KR 3 ESTE X CL 6,CANDELARIA,ACTROS,SENCILLA,SI,2016/12/19 00:00:00+00,NORMAL,BT-TF,DEFINITIVA,"VEHICULAR, PEATONAL",14,14,4,"1,2,3,4,5,93",N/A,"21,22,23,24,31,32,34,293",N/A,NO,0,N/A,3607
-74.07342691,4.59017329199997,5070,1200,3035,KR 2 X CL 6,CANDELARIA,ACTROS,SENCILLA,SI,2010/06/04 00:00:00+00,NORMAL,BT-TF,DEFINITIVA,"VEHICULAR, PEATONAL",9,9,3,"1,2,3,4,91",N/A,"21,23,34,291",N/A,NO,0,N/A,3607
-74.07650828,4.58996941599997,5071,1198,3036,KR 4 X CL 6,SANTA FE,ACTROS,SENCILLA,SI,2010/06/03 00:00:00+00,NORMAL,BT-TA,DEFINITIVA,"VEHICULAR, PEATONAL",6,6,2,"1,3,4",N/A,"21,23,34",N/A,NO,0,Brechas,3607
-74.0889137,4.59728277200003,5072,1188,3037,AK 18 X DG 4A,LOS MARTIRES,C900,DOBLE,SI,2010/03/13 00:00:00+00,NORMAL,RP-TF,DEFINITIVA,"VEHICULAR, PEATONAL",4,8,2,"1,4A",N/A,"21,24A",N/A,NO,0,N/A,3623
-74.08939199,4.596032138,5073,1189,3037,KR 18 X CL 3,LOS MARTIRES,NO,DOBLE,NO,2010/03/13 00:00:00+00,NORMAL,RP-TF,DEFINITIVA,"VEHICULAR, PEATONAL",4,8,2,"4,11",N/A,"24,211",N/A,NO,0,N/A,3623
-74.13654146,4.62699980299999,5074,1351,3381,KR 71D X CL 4,KENNEDY,NO,DOBLE,NO,2015/10/28 00:00:00+00,NORMAL,BT-TF,DEFINITIVA,"VEHICULAR, PEATONAL, CICLISTA",10,20,3,"2,3A,4,11",N/A,"22,23A,24,311",N/A,"42,411",0,N/A,3523
-74.13640902,4.62834484799998,5075,1352,3381,KR 71D X CL 5A,KENNEDY,C900,DOBLE,SI,2015/10/28 00:00:00+00,NORMAL,BT-TF,DEFINITIVA,"VEHICULAR, PEATONAL, CICLISTA",10,20,3,"1,3,4A,12",N/A,"21,23,24A,312",N/A,"41,412",0,N/A,3523
-74.09948764,4.58420576700001,5076,1478,3382,KR 16 X CL 17 S,ANTONIO NARINO,C900,SENCILLA,SI,2016/12/01 00:00:00+00,NORMAL,RP-TF,DEFINITIVA,"VEHICULAR, PEATONAL, CICLISTA",7,7,2,"1,4",N/A,"21,24,31",N/A,"41,42",0,N/A,3605
-74.12780198,4.58489320699999,5077,1472,3383,KR 29 X CL 44 S,RAFAEL URIBE,C900,SENCILLA,SI,2017/05/20 00:00:00+00,NORMAL,BT-TF,DEFINITIVA,"VEHICULAR, PEATONAL",10,10,3,"1,2,3,4",N/A,"21,22,23,24,33,34",N/A,NO,0,N/A,3524
-74.14759982,4.60912643799998,5078,1317,3384,KR 72K X CL 40 S Y CL 39B S,KENNEDY,ACTROS,SENCILLA,SI,2013/09/27 00:00:00+00,NORMAL,BT-TA,DEFINITIVA,"VEHICULAR, PEATONAL",8,8,4,"2,3,4,4A,7",N/A,"22,24,24A",N/A,NO,0,Brechas,3520
-74.14455632,4.60789329800002,5079,845,3385,KR 72H X CL 39B S,KENNEDY,NO,DOBLE,NO,2006/11/21 00:00:00+00,NORMAL,BT-TF,DEFINITIVA,"VEHICULAR, PEATONAL",9,18,4,"1,3,4A,12,63",N/A,"21,23,24A,212",N/A,NO,0,N/A,3520
-74.14570007,4.60641897800002,5080,851,3385,KR 72H Y KR 72G X CL 40 S,KENNEDY,ACTROS,DOBLE,SI,2006/11/21 00:00:00+00,NORMAL,BT-TF,DEFINITIVA,"VEHICULAR, PEATONAL",9,18,3,"2,3A,4,11,611",N/A,"22,23A,24,211",N/A,NO,0,N/A,3520
-74.09980932,4.57945191099998,5081,999,3386,KR 12D X CL 22 S,ANTONIO NARINO,C900,SENCILLA,SI,1998/01/15 00:00:00+00,Desvío - PMT,RP-TF,DEFINITIVA,"VEHICULAR, PEATONAL",14,14,2,"1,2,3,4,13,14",N/A,"21,22,23,24,31,32,313,314 (Reg)",N/A,NO,0,Cola - Siguiente Intersección,3605
-74.10367506,4.58257078299999,5082,1016,3388,KR 18 X CL 22 S,ANTONIO NARINO,NO,DOBLE,NO,1990/11/04 00:00:00+00,NORMAL,RP-TA,DEFINITIVA,"VEHICULAR, PEATONAL",9,24,4,"2,4,13",N/A,"22,24,213,32,34,313","722, 724, 7213, 732, 734, 7313",NO,0,"Cola - Siguiente Intersección, Activación de sonoro",3605
-74.10415684,4.58321771499999,5083,1017,3388,KR 19 X CL 22 S,ANTONIO NARINO,C900,DOBLE,SI,1990/11/04 00:00:00+00,NORMAL,RP-TA,DEFINITIVA,"VEHICULAR, PEATONAL",9,24,4,"1,3,3A,14",N/A,"21,23,23A,31,314",N/A,NO,0,"Brechas, Fases por demanda",3605
-74.15980243,4.615848513,5084,892,3468,TV 78H X CL 42 S,KENNEDY,ACTROS,SENCILLA,SI,1988/02/26 00:00:00+00,PMT,BT-TF,DEFINITIVA,"VEHICULAR, PEATONAL",8,8,3,"1,2,3,4",N/A,"21,22,24,33",N/A,NO,0,N/A,3531
-74.16259381,4.615181699,5085,901,3469,TV 78H X AC 43 S,KENNEDY,ACTROS,SENCILLA,SI,1988/02/26 00:00:00+00,PMT,BT-TF,DEFINITIVA,"VEHICULAR, PEATONAL",17,17,4,"1,2,3,4,5,6,92,93",N/A,"22,24,31,33,34,292",N/A,NO,0,N/A,3531
-74.14638795,4.6240861,5086,854,3470,KR 75 X CL 26 S,KENNEDY,C900,SENCILLA,SI,1994/11/21 00:00:00+00,NORMAL,BT-TF,DEFINITIVA,"VEHICULAR, PEATONAL",7,7,3,"1,3,4,7",N/A,"21,23,34",N/A,NO,0,N/A,3528
-74.14548039,4.62324655800001,5087,850,3471,KR 73D X CL 26 S,KENNEDY,C900,SENCILLA,SI,1994/11/21 00:00:00+00,NORMAL,BT-TF,DEFINITIVA,"VEHICULAR, PEATONAL, CICLISTA",10,10,2,"3,4,6,92",N/A,"24,26,292,33",N/A,"43,44",0,N/A,3528
-74.14431594,4.62219292999998,5088,843,3472,KR 73B BIS X CL 26 S,KENNEDY,C900,SENCILLA,SI,1993/12/10 00:00:00+00,NORMAL,BT-TF,DEFINITIVA,"VEHICULAR, PEATONAL",8,8,3,"3,4,5,7,91",N/A,"23,25,37",N/A,NO,0,N/A,3528
-74.14713739,4.62141176699998,5089,856,3473,KR 73D X CL 35B S,KENNEDY,C900,SENCILLA,SI,1998/01/17 00:00:00+00,NORMAL,BT-TF,DEFINITIVA,"VEHICULAR, PEATONAL",4,4,2,"2,7",N/A,"22,27",N/A,NO,0,N/A,3528
-74.14593671,4.62735558899999,5090,852,3474,KR 78B X CL 3,KENNEDY,C900,SENCILLA,SI,1998/01/29 00:00:00+00,PMT,BT-TF,DEFINITIVA,"VEHICULAR, PEATONAL",5,5,4,"2,3,4",N/A,"22,24",N/A,NO,0,N/A,3528
-74.16298502,4.634546994,5091,902,3475,AK 86 X CL 38 S Y DG 38 S,KENNEDY,C900,DOBLE,SI,2002/11/10 00:00:00+00,PMT,BT-TF,DEFINITIVA,"VEHICULAR, PEATONAL, CICLISTA",13,16,3,"2A,4,7","2B,11B","22,24,27,34, 311",N/A,"41,42",0,N/A,3405
-74.161518,4.63585799999998,5092,1887,3475,AK 86 X CL 34A S,KENNEDY,NO,DOBLE,NO,2025/03/14 00:00:00+00,PMT,BT-TF,PROVISIONAL_PMT,EXCLUSIVA VEHICULAR,3,16,2,12A,"1B, 12B",N/A,N/A,NO,0,N/A,3405
-74.15634601,4.64053608500001,5093,885,3476,AK 86 X DG 3,KENNEDY,C900,SENCILLA,SI,2004/07/23 00:00:00+00,PMT,BT-TF,DEFINITIVA,"VEHICULAR, PEATONAL",19,19,4,"1A,2A,3,4A,12,14A,112,114A","1B, 2B,4B,92B,93B","21A, 24A,24B,33A,33B,2112, 2114A",N/A,NO,0,N/A,3405
-74.09918444,4.59737868899998,5094,665,3867,KR 26 X CL 1F,LOS MARTIRES,C900,DOBLE,SI,1994/02/16 00:00:00+00,PMT,RP-TF,DEFINITIVA,"VEHICULAR, PEATONAL",4,8,2,"2,13",N/A,"22,213",N/A,NO,0,N/A,3623
-74.10032091,4.59827287500002,5095,672,3867,AK 27 X CL 1F,LOS MARTIRES,NO,DOBLE,NO,1994/02/16 00:00:00+00,NORMAL,RP-TF,DEFINITIVA,"VEHICULAR, PEATONAL",4,8,2,"1,3",N/A,"21,23",N/A,NO,0,N/A,3623
-74.09597953,4.59399970700002,5096,984,3868,TV 22 X CL 1,LOS MARTIRES,NO,SENCILLA,SI,2004/03/31 00:00:00+00,PMT,R-TF,DEFINITIVA,"VEHICULAR, PEATONAL",6,6,2,"2, 12,94",N/A,"22,212,294",N/A,NO,0,"Conteo, Brechas",3623
-74.10045044,4.595754903,5097,1004,3869,KR 26 X CL 1B,LOS MARTIRES,ACTROS,SENCILLA,SI,1998/04/28 00:00:00+00,NORMAL,RP-TF,DEFINITIVA,"VEHICULAR, PEATONAL",4,4,2,"2,4",N/A,"22,24",N/A,NO,0,N/A,3623
-74.16336988,4.62239013999999,5098,903,3870,AK 80 X CL 42A S,KENNEDY,ACTROS,DOBLE,SI,2008/04/16 00:00:00+00,NORMAL,R-TA,DEFINITIVA,"VEHICULAR, PEATONAL",9,16,4,"1,2,13,4,5",N/A,"21,23,24,32",N/A,NO,0,"Conteo, Brechas, Fases por demanda",3509
-74.164113,4.62378899999999,5099,1000,3870,KR 80F X CL 42A S,KENNEDY,NO,DOBLE,NO,2024/09/02 00:00:00+00,NORMAL,R-TA,PROVISIONAL_PMT,"VEHICULAR, PEATONAL",7,16,4,"1A,2A,3,14",N/A,"21A,22A,214",N/A,NO,0,N/A,3509
-74.15472154,4.63148828999999,5100,884,3871,AK 80 X CL 26 S,KENNEDY,ACTROS,SENCILLA,SI,2008/04/16 00:00:00+00,NORMAL,R-TA,DEFINITIVA,"VEHICULAR, PEATONAL",7,7,3,"1,2,3,3A,13",N/A,"22,31",N/A,NO,0,"Conteo, Brechas, Fases por demanda",3509
-74.15810525,4.62755540199998,5101,1169,3872,AK 80 X CL 38 S,KENNEDY,NO,DOBLE,NO,2009/12/23 00:00:00+00,NORMAL,R-TA,DEFINITIVA,"VEHICULAR, PEATONAL",5,13,2,"2,6,11",N/A,"32,211",N/A,NO,0,N/A,3509
-74.15707051,4.62867703500001,5102,1170,3872,AK 80 X CL 36 S,KENNEDY,ACTROS,DOBLE,SI,2009/12/23 00:00:00+00,NORMAL,R-TA,DEFINITIVA,"VEHICULAR, PEATONAL",8,13,3,"1,12,4,7",N/A,"24,27,31,212",N/A,NO,0,"Conteo, Cola - Siguiente Intersección",3509
-74.15885025,4.626721213,5103,1168,3873,AK 80 X CL 38C S,KENNEDY,ACTROS,SENCILLA,SI,2009/12/11 00:00:00+00,NORMAL,R-TA,DEFINITIVA,"VEHICULAR, PEATONAL",8,8,3,"1,2,4,5",N/A,"21,24,32,35",N/A,NO,0,"Conteo, Brechas",3509
-74.15252998,4.62967848400001,5104,1289,3874,KR 79A X CL 26 S,KENNEDY,C900,SENCILLA,SI,2012/12/21 00:00:00+00,NORMAL,BT-TF,DEFINITIVA,"VEHICULAR, PEATONAL, CICLISTA",14,14,4,"1,2,3,4,93,94",N/A,"21,22,23,24,33,34",N/A,"43, 44",0,N/A,3528
-74.07734623,4.59012093199999,5105,1181,3038,KR 5 X CL 6,SANTA FE,NO,DOBLE,NO,2010/03/17 00:00:00+00,NORMAL,BT-TA,DEFINITIVA,"VEHICULAR, PEATONAL",7,14,3,"1,3,8,14",N/A,"21,23,34",N/A,NO,0,"Brechas, Fases por demanda",3607
-74.07862085,4.59035527399999,5106,1182,3038,KR 6 X CL 6,SANTA FE,ACTROS,DOBLE,SI,2010/03/17 00:00:00+00,NORMAL,BT-TA,DEFINITIVA,"VEHICULAR, PEATONAL",7,14,3,"2,4,7,13",N/A,"22,24,313",N/A,NO,0,"Brechas, Fases por demanda",3607
-74.07955841,4.590795722,5107,1183,3039,KR 7 X CL 6,SANTA FE,ACTROS,DOBLE,SI,2010/03/17 00:00:00+00,NORMAL,BT-TA,DEFINITIVA,"VEHICULAR, PEATONAL, CICLISTA",7,15,3,"2,4,7,13",N/A,"22,24,313",N/A,42,0,"Brechas, Fases por demanda",3607
-74.08046481,4.59145357099999,5108,1184,3039,KR 8 X CL 6,SANTA FE,NO,DOBLE,NO,2010/03/17 00:00:00+00,NORMAL,BT-TA,DEFINITIVA,"VEHICULAR, PEATONAL",8,15,3,"1,3,8,14",N/A,"21,23,314",N/A,41,0,"Brechas, Fases por demanda",3607
-74.08366924,4.59122389800001,5109,955,3041,AK 10 X CL 2,SANTA FE,C900,SENCILLA,SI,1993/10/14 00:00:00+00,NORMAL,RP-TF,DEFINITIVA,"VEHICULAR, PEATONAL",8,8,3,"1A,2A,3","1B,2B","22,23,31",N/A,NO,0,"Conteo, Cola - Siguiente Intersección",3606
-74.08490205,4.58932954699998,5110,956,3042,AK 10 X CL 1,SANTA FE,ACTROS,SENCILLA,SI,2004/07/01 00:00:00+00,NORMAL,CA-TA,DEFINITIVA,"VEHICULAR, PEATONAL",15,15,3,"1A,2A,3,4,7","1B,2B","21,22,23,24,31,32,33,34",N/A,NO,0,"Conteo, Brechas",3606
-74.08179347,4.58658694600001,5111,953,3043,KR 7 X CL 1,SANTA FE,NO,DOBLE,NO,1989/09/13 00:00:00+00,NORMAL,BT-TA,DEFINITIVA,"VEHICULAR, PEATONAL, CICLISTA",7,13,2,"2,4,6",N/A,"22,24,32",N/A,42,0,Brechas,3607
-74.08293369,4.58741226900003,5112,954,3043,KR 8 X CL 1,SANTA FE,ACTROS,DOBLE,SI,1989/09/13 00:00:00+00,NORMAL,BT-TA,DEFINITIVA,"VEHICULAR, PEATONAL",6,13,2,"1,14",N/A,"21,31,214,314",N/A,NO,0,Brechas,3607
-74.148303,4.56797999999998,5113,1039,3044,KR 23C X CL 64 SUR,CIUDAD BOLIVAR,C900,SENCILLA,SI,2025/03/27 00:00:00+00,NORMAL,RP-TF,DEFINITIVA,"VEHICULAR, PEATONAL",6,6,4,"1,2,3,4",N/A,"22, 23",N/A,NO,0,N/A,3510
-74.08651635,4.58689099499998,5114,1272,3045,AK 10 X CL 2 S,ANTONIO NARINO,ACTROS,SENCILLA,SI,2012/09/15 00:00:00+00,NORMAL,CA-TA,DEFINITIVA,"VEHICULAR, PEATONAL",13,13,3,"1A,2A,7","1B,2B","21,22,27,31,32","722, 727, 731",NO,0,"Conteo, Brechas, Activación de sonoro",3606
-74.13357562,4.62738610500003,5115,1350,3389,KR 71A X CL 5,KENNEDY,C900,SENCILLA,SI,2014/11/14 00:00:00+00,NORMAL,BT-TA,DEFINITIVA,"VEHICULAR, PEATONAL, CICLISTA",7,10,8,"1,4",N/A,"21,24,34",721.724.734,41.42,0,Activación de sonoro,3523
-74.11346927,4.59614931800002,5116,1038,3390,TV 31 X AC 26 S,PUENTE ARANDA,C900,SENCILLA,SI,1997/12/16 00:00:00+00,PMT,BT-TF,DEFINITIVA,"VEHICULAR, PEATONAL",13,13,3,"1A,2A,3,4,8","1B,2B","21,22,23,24,31,32",N/A,NO,0,"Conteo, Brechas, Cola - Siguiente Intersección",3622
-74.11682416,4.59505635400001,5117,1046,3391,TV 35 X CL 29A S,PUENTE ARANDA,C900,DOBLE,SI,1998/03/03 00:00:00+00,PMT,BT-TA,DEFINITIVA,"VEHICULAR, PEATONAL",14,26,3,"1A,2A,13,4","1B,2B","24,213,21A,22A,31,32,34,313",N/A,NO,0,"Conteo, Brechas",3622
-74.117017,4.595798,5118,1867,3391,TV 35 BIS X CL 29A S,PUENTE ARANDA,NO,DOBLE,NO,2024/10/11 00:00:00+00,NORMAL,BT-TA,PROVISIONAL_PMT,"VEHICULAR, PEATONAL",12,26,5,"1,2,3,14",N/A,"21,22,23,214,33,314",N/A,44,0,N/A,3622
-74.13746136,4.61754507400002,5119,830,3392,KR 71D X CL 8 S,KENNEDY,C900,DOBLE,SI,1998/03/03 00:00:00+00,PMT,BT-TF,DEFINITIVA,"VEHICULAR, PEATONAL",6,9,3,"4,91",N/A,"21A,24,291,34",N/A,NO,0,N/A,3523
-74.138167,4.61748799999998,5120,1875,3392,AC 26 SUR X CL 8 SUR,KENNEDY,NO,DOBLE,NO,2024/12/14 00:00:00+00,PMT,BT-TF,PROVISIONAL_PMT,"VEHICULAR, PEATONAL",3,9,2,"4A,14",N/A,214,N/A,NO,0,N/A,3523
-74.13378613,4.62536536900001,5121,812,3393,KR 71A X AC 3,KENNEDY,C900,SENCILLA,SI,1997/07/13 00:00:00+00,NORMAL,BT-TA,DEFINITIVA,"VEHICULAR, PEATONAL, CICLISTA",10,13,3,"3,5,92",N/A,"21,23,292,33","723, 7292, 733","41,42,43",0,Fases por demanda peatonal sonoro,3523
-74.13667615,4.62565165799998,5122,825,3394,KR 71D X AC 3,KENNEDY,C900,SENCILLA,SI,1996/06/08 00:00:00+00,NORMAL,BT-TF,DEFINITIVA,"VEHICULAR, PEATONAL, CICLISTA",12,12,3,"1,2,3",N/A,"21,22,23,31,32,33 ",N/A,"41, 42, 43",0,N/A,3523
-74.13825264,4.625805399,5123,831,3395,AK 72 X AC 3,KENNEDY,C900,SENCILLA,SI,1990/02/28 00:00:00+00,NORMAL,CA-TA,DEFINITIVA,"VEHICULAR, PEATONAL",7,7,2,"1,2,3",N/A,"22,23,31,33",N/A,NO,0,"Conteo, Brechas, Cola - Siguiente Intersección",3507
-74.13719203,4.62042370299997,5124,828,3396,KR 71D X CL 3 S,KENNEDY,C900,SENCILLA,SI,2004/10/21 00:00:00+00,NORMAL,BT-TA,DEFINITIVA,"VEHICULAR, PEATONAL, CICLISTA",9,9,3,"1,2,5,92",N/A,"21,22,35",N/A,44.45,0,Fases por demanda peatonal,3523
-74.15353,4.63565496500001,5125,879,3477,AK 80G X DG 3,KENNEDY,C900,SENCILLA,SI,2003/12/11 00:00:00+00,NORMAL,BT-TF,DEFINITIVA,"VEHICULAR, PEATONAL",12,12,3,"2,3A,4A,91,92,93","3B,4B","22,291,292,293",N/A,NO,0,N/A,3426
-74.16448772,4.614513891,5126,907,3478,TV 78H X CL 45 S,KENNEDY,ACTROS,SENCILLA,SI,1997/12/05 00:00:00+00,NORMAL,BT-TA,DEFINITIVA,"VEHICULAR, PEATONAL",12,12,5,"1,2,3,3A,4,7,8",N/A,"21,22,24,33,63",N/A,NO,0,"Conteo, Brechas, Fases por demanda, Fases por demanda peatonal",3527
-74.14527281,4.62671753699999,5127,849,3479,KR 78 X CL 3,KENNEDY,C900,SENCILLA,SI,2000/06/08 00:00:00+00,PMT,BT-TF,DEFINITIVA,"VEHICULAR, PEATONAL",7,7,3,"1,2,3,6,93",N/A,"21,23",N/A,NO,0,N/A,3528
-74.14820251,4.62972613199997,5128,859,3480,KR 78K X CL 3,KENNEDY,ACTROS,SENCILLA,SI,2000/06/08 00:00:00+00,NORMAL,BT-TF,DEFINITIVA,"VEHICULAR, PEATONAL",11,11,3,"1,2,3,7,93,94",N/A,"22,31,33,293,294",N/A,NO,0,N/A,3528
-74.15250888,4.631655341,5129,869,3481,DG 2 X KR 79C BIS,KENNEDY,ACTROS,SENCILLA,SI,2003/05/06 00:00:00+00,NORMAL,R-TA,DEFINITIVA,"VEHICULAR, PEATONAL",4,4,2,"3,4",N/A,"23,24",N/A,NO,0,Fases por demanda peatonal,3509
-74.16395806,4.63583101099999,5130,905,3482,KR 86F X CL 38 S,KENNEDY,C900,SENCILLA,SI,2004/09/09 00:00:00+00,PMT,BT-TF,DEFINITIVA,"VEHICULAR, PEATONAL",5,5,3,"1,3,4",N/A,"21,23",N/A,NO,0,Cola - Siguiente Intersección,3405
-74.15754574,4.61624170099998,5131,888,3483,TV 78H X CL 41B S,KENNEDY,ACTROS,SENCILLA,SI,2004/06/17 00:00:00+00,PMT,BT-TF,DEFINITIVA,"VEHICULAR, PEATONAL",7,7,3,"2,3,4,8",N/A,"22,24,33",N/A,NO,0,Fases por demanda peatonal,3531
-74.16005897,4.62066579399999,5132,893,3484,KR 79 X CL 41D S,KENNEDY,C900,DOBLE,SI,1994/11/23 00:00:00+00,NORMAL,BT-TF,DEFINITIVA,"VEHICULAR, PEATONAL",5,10,3,"1,12,4A",N/A,"21,24A",N/A,NO,0,N/A,3528
-74.1611276,4.62001830000003,5133,895,3484,KR 79 X CL 42 S,KENNEDY,NO,DOBLE,NO,1994/11/23 00:00:00+00,NORMAL,BT-TF,DEFINITIVA,"VEHICULAR, PEATONAL",5,10,3,"11,2,4",N/A,"211,24",N/A,NO,0,N/A,3528
-74.17635353,4.61301833599998,5134,923,3485,AK 80 X CL 57A S,KENNEDY,ACTROS,SENCILLA,SI,1993/12/03 00:00:00+00,NORMAL,BT-TA,DEFINITIVA,"VEHICULAR, PEATONAL",7,7,3,"1,2,4,5",N/A,"22,24,31",N/A,NO,0,"Conteo, Brechas, Fases por demanda, Fases por demanda peatonal",3527
-74.11436927,4.50959894300001,5135,1480,3875,AK 14 X CL 81 S,USME,C900,SENCILLA,SI,2017/06/14 00:00:00+00,NORMAL,R-TF,DEFINITIVA,"VEHICULAR, PEATONAL",8,8,4,"1,2,3,4,5",N/A,"21,22,24",N/A,NO,0,N/A,3626
-74.15598412,4.58369692600002,5136,1619,3876,TV 64 X CL 59C SUR,CIUDAD BOLIVAR,ACTROS,SENCILLA,SI,2018/12/27 00:00:00+00,NORMAL,RP-TA,DEFINITIVA,"VEHICULAR, PEATONAL",10,16,3,"1,2,6,7",N/A,"21,22,27,31,32,36","721, 722, 727, 731, 732, 736",NO,0,Activación de sonoro,3510
-74.17859497,4.631673444,5137,1460,3908,KR 88C X CL 49 S,BOSA,C900,SENCILLA,SI,2017/04/12 00:00:00+00,NORMAL,BT-TF,DEFINITIVA,"VEHICULAR, PEATONAL, CICLISTA",10,10,4,"1,2,3,4",N/A,"21,22,23,24",N/A,45.494,0,N/A,3422
-74.18625311,4.611551609,5138,1311,3909,KR 81B X CL 63 S,BOSA,C900,SENCILLA,SI,2013/08/26 00:00:00+00,NORMAL,BT-TF,DEFINITIVA,EXCLUSIVA PEATONAL,3,3,2,"1,2",N/A,22 (Exc),N/A,NO,0,N/A,3420
-74.18502672,4.607949244,5139,934,3910,KR 80C X CL 65 S,BOSA,ACTROS,SENCILLA,SI,1998/04/28 00:00:00+00,NORMAL,BT-TF,DEFINITIVA,"VEHICULAR, PEATONAL",6,6,4,"1,3,5,92",N/A,"31,33",N/A,NO,0,N/A,3419
-74.19180044,4.62590465800002,5140,940,3911,KR 88C X CL 59C S,BOSA,C900,SENCILLA,SI,2006/10/10 00:00:00+00,NORMAL,BT-TF,DEFINITIVA,"VEHICULAR, PEATONAL, CICLISTA",11,11,3,"1,3,4",N/A,"21,23,24,31,34,33","721, 723, 724, 731, 734, 733","43,44",0,N/A,3422
-74.19030309,4.622602293,5141,939,3912,KR 87C X CL 62 S,BOSA,C900,SENCILLA,SI,2006/09/12 00:00:00+00,NORMAL,BT-TF,DEFINITIVA,"VEHICULAR, PEATONAL",7,23,4,"2,3A,4,11",N/A,"22,24,23A",N/A,NO,0,N/A,3422
-74.18111978,4.63056046399998,5142,933,3913,KR 88C X CL 51 S,BOSA,C900,SENCILLA,SI,2007/04/13 00:00:00+00,NORMAL,BT-TF,DEFINITIVA,"VEHICULAR, PEATONAL",7,7,3,"1,2,3,4",N/A,"21,22,23",N/A,NO,0,N/A,3422
-74.18656684,4.62801632600002,5143,935,3914,KR 88C X CL 56 S,BOSA,C900,SENCILLA,SI,2007/04/14 00:00:00+00,NORMAL,BT-TF,DEFINITIVA,"VEHICULAR, PEATONAL",7,7,3,"1,2,3,4",N/A,"21,23,24",N/A,NO,0,N/A,3422
-74.18244716,4.605275554,5144,1131,3915,KR 78J X CL 63 S,BOSA,ACTROS,DOBLE,SI,2008/10/21 00:00:00+00,NORMAL,BT-TF,DEFINITIVA,EXCLUSIVA PEATONAL,2,6,2,4,N/A,24 (Exc),724,NO,0,Activación de sonoro,3419
-74.1836387,4.60492762000001,5145,1132,3915,KR 78J X CL 65 S,BOSA,NO,DOBLE,NO,2008/10/21 00:00:00+00,NORMAL,BT-TF,DEFINITIVA,EXCLUSIVA PEATONAL,2,6,2,3,N/A,23 (Exc),723,NO,0,Activación de sonoro,3419
-74.18036737,4.62591866899999,5146,1070,3046,KR 87 X CL 53 S,BOSA,C900,SENCILLA,SI,2023/04/13 00:00:00+00,PMT,BT-TF,PROVISIONAL_PMT,"VEHICULAR, PEATONAL",6,6,4,"1,3,4",N/A,"21,23,24",N/A,NO,0,N/A,3421
-74.08444274,4.58559974799999,5147,1358,3047,KR 8 X CL 1C S,SAN CRISTOBAL,ACTROS,SENCILLA,SI,2014/06/11 00:00:00+00,NORMAL,BT-TA,DEFINITIVA,"VEHICULAR, PEATONAL, CICLISTA",11,11,5,"1,3,4,5",N/A,"21,23,24,31","721, 723",41,0,"Brechas, Fases por demanda, Activación de sonoro",3607
-74.187095,4.61993765699998,5148,1736,3048,KR 86 BIS X AC 59C SUR,BOSA,C900,SENCILLA,SI,2022/02/21 00:00:00+00,NORMAL,BT-TA,DEFINITIVA,"VEHICULAR, PEATONAL",6,6,2,"3,4",N/A,"24,23","724, 723",NO,0,Fase por demanda peatonal,3422
-74.15539707,4.621699503,5149,1754,3049,KR 78 K X CL 40 SUR ,KENNEDY,C900,SENCILLA,SI,2022/06/06 00:00:00+00,NORMAL,BT-TF,DEFINITIVA,"VEHICULAR, PEATONAL, CICLISTA",8,8,2,"1,5,2,4",N/A,"22,24,31",N/A,42,0,N/A,3528
-74.16692633,4.63987750699999,5150,1747,3050,KR 89 X CL 38 S,KENNEDY,C900,DOBLE,SI,2022/06/23 00:00:00+00,NORMAL,BT-TF,DEFINITIVA,"VEHICULAR, PEATONAL, CICLISTA",18,22,4,"1,3,3A,4,12,94",N/A,"21,23,23A,24,294,212,31,312",N/A,"41,412",0,N/A,3425
-74.16773888,4.63925652,5151,1669,3050,KR 89 X CL 38C S,KENNEDY,NO,DOBLE,NO,2023/02/23 00:00:00+00,NORMAL,BT-TF,DEFINITIVA,"VEHICULAR, PEATONAL, CICLISTA",6,22,2,"2,11",N/A,"22,211",N/A,"42,411",0,N/A,3425
-74.17730496,4.62841726300002,5152,1083,3051,KR 87 X DG 49 S,BOSA,C900,SENCILLA,SI,2023/04/13 00:00:00+00,PMT,BT-TF,PROVISIONAL_PMT,"VEHICULAR, PEATONAL",6,6,3,"1,3,4",N/A,"21,23,24",N/A,NO,0,N/A,3421
-74.15533612,4.63271031400001,5153,1160,3056,KR 80C X DG 38 SUR,KENNEDY,C900,SENCILLA,SI,2023/03/13 00:00:00+00,NORMAL,RP-TF,DEFINITIVA,"VEHICULAR, PEATONAL",10,10,4,"1,2,4,6,91,92",N/A,"22,24,31,36",N/A,NO,0,N/A,3509
-74.15023,4.62264900000002,5154,1409,3058,TV 78B X CL 36 S,KENNEDY,C900,SENCILLA,SI,2024/12/12 00:00:00+00,NORMAL,BT-TF,DEFINITIVA,"VEHICULAR, PEATONAL",7,7,4,"1,2,4,5",N/A,"21,22,24",N/A,NO,0,N/A,3528
-74.17900826,4.62699865500002,5155,1410,3059,KR 87 X CL 51 S,BOSA,C900,SENCILLA,SI,2023/04/13 00:00:00+00,PMT,BT-TF,PROVISIONAL_PMT,"VEHICULAR, PEATONAL",7,7,3,"1,3,4,5",N/A,"21,23,24",N/A,NO,0,N/A,3421
-74.18190748,4.624639075,5156,1415,3060,KR 87 X CL 54C S,BOSA,C900,SENCILLA,SI,2023/04/13 00:00:00+00,PMT,BT-TF,PROVISIONAL_PMT,"VEHICULAR, PEATONAL",6,6,3,"1,5,6",N/A,"21,26,35",N/A,NO,0,N/A,3421
-74.14108116,4.61113044500001,5157,835,3397,AK 72 X CL 37D S,KENNEDY,C900,SENCILLA,SI,1990/07/05 00:00:00+00,NORMAL,CA-TA,DEFINITIVA,"VEHICULAR, PEATONAL",9,9,3,"1,2,3,4,5",N/A,"22,23,24,31",N/A,NO,0,"Conteo, Brechas, Cola - Siguiente Intersección",3505
-74.14479329,4.599029513,5158,846,3398,AK 72 X CL 44 S,KENNEDY,C900,SENCILLA,SI,1994/01/10 00:00:00+00,NORMAL,CA-TA,DEFINITIVA,EXCLUSIVA VEHICULAR,3,3,2,"1,2,4",N/A,N/A,N/A,NO,0,"Conteo, Brechas, Cola - Siguiente Intersección",3505
-74.14481549,4.58796179400002,5159,1111,3399,TV 60 X DG 52 S Y DG 52A S,TUNJUELITO,ACTROS,SENCILLA,SI,1996/08/06 00:00:00+00,NORMAL,BT-TF,DEFINITIVA,"VEHICULAR, PEATONAL",8,8,3,"1,2,3,5",N/A,"22,23,31,33",N/A,NO,0,N/A,3524
-74.14395205,4.60127289799999,5160,842,3400,AK 72 X CL 43A S,KENNEDY,C900,SENCILLA,SI,2004/04/05 00:00:00+00,NORMAL,CA-TA,DEFINITIVA,"VEHICULAR, PEATONAL",7,7,2,"1,2,3",N/A,"22,23,31,33",N/A,NO,0,"Conteo, Brechas",3505
-74.17895427,4.62422156399998,5161,925,3401,AK 86 X CL 53 S,BOSA,C900,SENCILLA,SI,2004/07/09 00:00:00+00,NORMAL,BT-TF,DEFINITIVA,"VEHICULAR, PEATONAL",6,6,3,"2,3,4",N/A,"22,23,24",N/A,NO,0,N/A,3421
-74.12774159,4.61342136899998,5162,795,3402,AK 68 X CL 18 S,KENNEDY,C900,DOBLE,SI,1990/04/18 00:00:00+00,PMT,BT-TF,DEFINITIVA,"VEHICULAR, PEATONAL, CICLISTA",10,15,4,"1,4,5,6,12,12A",N/A,"24,212,31",N/A,41,0,N/A,3508
-74.128436,4.61158,5163,1785,3402,KR 68 X CL 22 SUR,KENNEDY,NO,DOBLE,NO,2023/09/20 00:00:00+00,PMT,BT-TF,PROVISIONAL_PMT,"VEHICULAR, PEATONAL, CICLISTA",5,15,2,"2,2A,11",N/A,"22,211",N/A,"42,411",0,N/A,3508
-74.13176505,4.604822351,5164,806,3403,AK 68 X CL 37 S Y DG 35A S,KENNEDY,C900,SENCILLA,SI,1994/04/11 00:00:00+00,PMT,BT-TF,DEFINITIVA,"VEHICULAR, PEATONAL, CICLISTA",9,9,2,"1,2,3,4",N/A,"22,23,31",N/A,"41,42",0,N/A,3502
-74.1581809,4.63894740000001,5165,890,3404,AK 86 X CL 1B,KENNEDY,C900,SENCILLA,SI,2004/05/07 00:00:00+00,PMT,BT-TF,DEFINITIVA,"VEHICULAR, PEATONAL",4,4,2,"2,2A","1B,2B","21,22",N/A,NO,0,N/A,3405
-74.16609367,4.631889054,5166,909,3406,AK 86 X CL 40B S,KENNEDY,C900,SENCILLA,SI,2004/05/11 00:00:00+00,PMT,BT-TF,DEFINITIVA,"VEHICULAR, PEATONAL",8,8,2,"1A,2A","1B,2B","21,22","721, 722 (desconectados)",NO,0,N/A,3405
-74.17276703,4.61591683,5167,919,3486,AK 80 X CL 53 S,KENNEDY,ACTROS,DOBLE,SI,1988/01/29 00:00:00+00,NORMAL,RP-TA,DEFINITIVA,"VEHICULAR, PEATONAL",7,16,3,"2,4,5,11",N/A,"22,24,311",N/A,NO,0,"Conteo, Brechas, Fases por demanda, Fases por demanda peatonal",3527
-74.17128,4.61699700000003,5168,1857,3486,AK 80 X CL 51 S,KENNEDY,NO,DOBLE,NO,2024/09/02 00:00:00+00,NORMAL,RP-TA,PROVISIONAL_PMT,"VEHICULAR, PEATONAL",9,16,3,"1,6,12,101",N/A,"21,31,36,212,312",N/A,NO,0,N/A,3527
-74.15082788,4.61394290599998,5169,866,3487,KR 73 X CL 40 S,KENNEDY,ACTROS,SENCILLA,SI,2004/10/15 00:00:00+00,NORMAL,R-TA,DEFINITIVA,"VEHICULAR, PEATONAL",8,8,3,"1,2,3,4",N/A,"22,24,31,33",N/A,NO,0,"Conteo, Brechas",3531
-74.15641441,4.61879573800002,5170,886,3488,TV 78B X CL 41 S,KENNEDY,ACTROS,SENCILLA,SI,2004/10/21 00:00:00+00,NORMAL,RP-TA,DEFINITIVA,"VEHICULAR, PEATONAL",12,12,4,"1,2,3,4",N/A,"22,23,24,31","722, 723, 724, 731",NO,0,"Conteo, Brechas, Fases por demanda, Fases por demanda peatonal sonoro",3531
-74.17692392,4.62589378600001,5171,1339,3489,AK 86 X DG 49 S,KENNEDY,C900,DOBLE,SI,2014/05/30 00:00:00+00,PMT,BT-TF,DEFINITIVA,"VEHICULAR, PEATONAL",6,15,2,"2,91,94",N/A,"22,294,391",N/A,NO,0,N/A,3421
-74.176567,4.62400600000001,5172,1830,3489,KR 85A X DG 49 S,KENNEDY,NO,DOBLE,NO,2024/07/08 00:00:00+00,NORMAL,BT-TF,PROVISIONAL_PMT,"VEHICULAR, PEATONAL",9,15,3,"3,7,11,12,14",N/A,"23,211,212,214",N/A,NO,0,N/A,3421
-74.12246607,4.59392466600002,5173,1059,3490,TV 35 X CL 38BIS S,PUENTE ARANDA,C900,SENCILLA,SI,2005/08/04 00:00:00+00,NORMAL,CA-TA,DEFINITIVA,EXCLUSIVA PEATONAL,6,8,2,"3A,4A","3B,4B","23,24 (Exc)","723, 724",NO,0,Fases por demanda peatonal sonoro,3622
-74.1917172,4.62998932699998,5174,1744,3491,AK 89B X CL 59 S,BOSA,C900,SENCILLA,SI,2008/10/31 00:00:00+00,NORMAL,BT-TF,DEFINITIVA,"VEHICULAR, PEATONAL, CICLISTA",6,6,2,"1,2",N/A,"21,22",PROYECTADOS,"41, 42",0,Activación de sonoro,3422
-74.12653916,4.58191457999999,5175,1075,3492,KR 26 X CL 44 S,RAFAEL URIBE,C900,SENCILLA,SI,1988/12/21 00:00:00+00,NORMAL,BT-TF,DEFINITIVA,"VEHICULAR, PEATONAL",10,10,3,"2,3,4,7",N/A,"22,23,24,32,33,34 (Reg)",N/A,NO,0,N/A,3524
-74.12707877,4.58323186600001,5176,1078,3493,KR 27 X CL 44 S,RAFAEL URIBE,C900,SENCILLA,SI,1989/10/01 00:00:00+00,NORMAL,BT-TF,DEFINITIVA,"VEHICULAR, PEATONAL",7,7,2,"1,3,4",N/A,"21,23,31,34",N/A,NO,0,N/A,3524
-74.18851733,4.604457174,5177,936,3916,TV 78L X CL 68 S,BOSA,NO,DOBLE,NO,1998/04/28 00:00:00+00,NORMAL,BT-TF,DEFINITIVA,"VEHICULAR, PEATONAL",6,11,2,"1,4,12,64",N/A,"24,212",N/A,NO,0,N/A,3417
-74.18897681,4.604151398,5178,937,3916,TV 78L X CL 68A S,BOSA,C900,DOBLE,SI,1998/04/28 00:00:00+00,NORMAL,BT-TF,DEFINITIVA,"VEHICULAR, PEATONAL",5,11,2,"2,3,11",N/A,"22,23",N/A,NO,0,N/A,3417
-74.17278773,4.63215725100002,5179,1205,3917,KR 87D X AC 43 S,KENNEDY,C900,SENCILLA,SI,2010/12/29 00:00:00+00,PMT,BT-TF,DEFINITIVA,EXCLUSIVA PEATONAL,2,2,2,3,N/A,23,723,NO,0,Fases por demanda peatonal sonoro,3425
-74.18859547,4.61774031800002,5180,1268,3918,KR 84B X CL 62 S,BOSA,C900,SENCILLA,SI,2017/11/22 00:00:00+00,NORMAL,BT-TA,DEFINITIVA,"VEHICULAR, PEATONAL",18,18,3,"1A,2A,3,4",N/A,"21,22,23,24,31,32","721, 722, 723, 724, 731, 732",NO,0,Fases por demanda peatonal sonoro,3421
-74.1807721,4.59865173200001,5181,1364,3919,KR 77J X CL 65 S,BOSA,ACTROS,DOBLE,SI,2014/11/28 00:00:00+00,PMT,RP-TF,DEFINITIVA,"VEHICULAR, PEATONAL",8,13,3,"1,5,13,92A",N/A,"21,31,213,292A",N/A,NO,0,"Brechas, Fases por demanda, Cola - Siguiente Intersección",3501
-74.1815196,4.60027465600001,5182,1365,3919,KR 77M X CL 65 S,BOSA,NO,DOBLE,NO,2014/11/28 00:00:00+00,PMT,RP-TF,DEFINITIVA,"VEHICULAR, PEATONAL",5,13,3,"2,3",N/A,"22,23,32",N/A,NO,0,"Brechas, Fases por demanda",3501
-74.17209766,4.637846147,5183,1424,3921,KR 89C X CL 42A S,KENNEDY,C900,DOBLE,SI,2015/06/30 00:00:00+00,NORMAL,BT-TA,DEFINITIVA,"VEHICULAR, PEATONAL, CICLISTA",16,23,5,"1,12,3,4,7,8",N/A,"21,212,24,33","721, 722, 724, 733","43, 44",0,Activación de sonoro,3422
-74.17352968,4.637339881,5184,1743,3921,KR 89C X CL 42F S,KENNEDY,NO,DOBLE,NO,2022/01/11 00:00:00+00,PMT,BT-TA,PROVISIONAL_PMT,"VEHICULAR, PEATONAL",7,23,4,"11,2,3A,4A",N/A,"22,211, 24A",N/A,NO,0,N/A,3422
-74.17054356,4.63870241199999,5185,1524,3923,KR 89C X CL 40B S,KENNEDY,C900,SENCILLA,SI,2017/04/05 00:00:00+00,NORMAL,BT-TF,DEFINITIVA,"VEHICULAR, PEATONAL, CICLISTA",18,18,3,"1,2,3,4",N/A,"21,22,23,24,33,34","721, 722,723, 724, 733 Desconectados","43, 44",0,Activación de sonoro,3422
-74.20322592,4.60966266899999,5186,1549,3924,KR 80J X AC 75 S,BOSA,C900,SENCILLA,SI,2017/04/06 00:00:00+00,PMT,BT-TF,DEFINITIVA,"VEHICULAR, PEATONAL",9,9,4,"3,4,5,7,91",N/A,"23,24,25,32",N/A,NO,0,N/A,3421
-74.16771872,4.647831102,5187,1433,3061,KR 93 D X CL 26 SUR,KENNEDY,C900,SENCILLA,SI,2022/12/01 00:00:00+00,NORMAL,BT-TF,DEFINITIVA,"VEHICULAR, PEATONAL, CICLISTA",5,5,2,"3, 4",N/A,24,N/A,"41, 42",0,N/A,3425
-74.17741882,4.63527182899998,5188,1434,3062,KR 89 X CL 46 SUR,KENNEDY,C900,SENCILLA,SI,2023/02/23 00:00:00+00,NORMAL,R-TF,DEFINITIVA,"VEHICULAR, PEATONAL, CICLISTA",8,8,2,"1,2",N/A,"21,22","721,722","41,42",0,N/A,3425
-74.161119,4.63785899999999,5189,1487,3064,KR 86F X CL 33 S,KENNEDY,C900,SENCILLA,SI,2023/08/15 00:00:00+00,PMT,BT-TF,PROVISIONAL_PMT,"VEHICULAR, PEATONAL",6,6,3,"3,8,93",N/A,"23,28,393",N/A,NO,0,N/A,3405
-74.160103,4.64128499999998,5190,1488,3065,KR 87F X CL 2,KENNEDY,C900,SENCILLA,SI,2023/08/14 00:00:00+00,PMT,BT-TF,PROVISIONAL_PMT,"VEHICULAR, PEATONAL",5,5,2,"1,3,4",N/A,"21,23",N/A,NO,0,N/A,3405
-74.159318,4.64041700000001,5191,1492,3066,KR 87 X CL 2,KENNEDY,C900,SENCILLA,SI,2023/08/14 00:00:00+00,PMT,BT-TF,PROVISIONAL_PMT,"VEHICULAR, PEATONAL",6,6,3,"1,3,4",N/A,"21,23,24",N/A,NO,0,N/A,3405
-74.160916,4.63892399999997,5192,1499,3067,KR 87 X CL 26 SUR,KENNEDY,C900,SENCILLA,SI,2023/08/14 00:00:00+00,PMT,BT-TF,PROVISIONAL_PMT,"VEHICULAR, PEATONAL",6,6,3,"1,3,4",N/A,"21,23,24",N/A,NO,0,N/A,3405
-74.13247154,4.60604048900001,5193,1503,3068,KR 68A X DG 34 SUR,KENNEDY,C900,DOBLE,SI,2023/01/18 00:00:00+00,PMT,BT-TF,PROVISIONAL_PMT,"VEHICULAR, PEATONAL",4,8,3,"1, 93",N/A,"21, 293",N/A,NO,0,N/A,3502
-74.13267712,4.60569023199997,5194,1512,3068,"	KR 68A X DG 35 A SUR",KENNEDY,NO,DOBLE,NO,2023/01/18 00:00:00+00,PMT,BT-TF,PROVISIONAL_PMT,"VEHICULAR, PEATONAL",4,8,3,"8,11",N/A,"28, 211",N/A,NO,0,N/A,3502
-74.13665177,4.59939703399999,5195,1505,3069,"	KR 68A X CL 39 SUR",KENNEDY,C900,SENCILLA,SI,2023/01/18 00:00:00+00,PMT,BT-TF,PROVISIONAL_PMT,"VEHICULAR, PEATONAL",4,4,2,"1, 93",N/A,"21, 293",N/A,NO,0,N/A,3502
-74.13782181,4.601516258,5196,1626,3070,KR 68D X CL 39 S,KENNEDY,C900,SENCILLA,SI,2023/03/29 00:00:00+00,PMT,BT-TF,PROVISIONAL_PMT,"VEHICULAR, PEATONAL",7,7,4,"1,2,3",N/A,"21,22,23,24",N/A,NO,0,N/A,3502
-74.14217384,4.597055958,5197,1637,3071,KR 68D X CL 44 S,KENNEDY,C900,SENCILLA,SI,2023/03/29 00:00:00+00,PMT,BT-TF,PROVISIONAL_PMT,"VEHICULAR, PEATONAL",6,6,3,"2,3,4",N/A,"22,23,24",N/A,NO,0,N/A,3502
-74.17072672,4.62840346299998,5198,916,3407,AK 86 X AC 43 S,KENNEDY,C900,SENCILLA,SI,2004/07/22 00:00:00+00,PMT,BT-TF,DEFINITIVA,"VEHICULAR, PEATONAL",13,13,4,"1A,2A,3,4,5,8","1B,2B","21,22,23,28,31,32",N/A,NO,0,N/A,3405
-74.17336714,4.62729718000003,5199,920,3408,AK 86 X CL 46 S,KENNEDY,C900,DOBLE,SI,2004/07/15 00:00:00+00,PMT,BT-TF,DEFINITIVA,"VEHICULAR, PEATONAL",13,17,4,"1A,2,91A,93A","6B,7B,91B,93B","22,293A,293B,27B,391",N/A,NO,0,Cola - Siguiente Intersección,3421
-74.17314,4.62698399999999,5200,1831,3408,KR 85A X CL 46 S,KENNEDY,NO,DOBLE,NO,2024/07/09 00:00:00+00,NORMAL,BT-TF,PROVISIONAL_PMT,"VEHICULAR, PEATONAL",4,17,2,"2A,4",N/A,"22A,24",N/A,NO,0,N/A,3421
-74.10513334,4.60638099900001,5201,703,3409,KR 34 X AC 3,PUENTE ARANDA,C900,SENCILLA,SI,1993/12/30 00:00:00+00,NORMAL,BT-TF,DEFINITIVA,"VEHICULAR, PEATONAL",7,7,3,"2,3,4,7",N/A,"22,24,33",N/A,NO,0,N/A,3624
-74.11966017,4.619624391,5202,772,3410,KR 56 X AC 3,PUENTE ARANDA,ACTROS,DOBLE,SI,1993/12/30 00:00:00+00,NORMAL,BT-TF,DEFINITIVA,"VEHICULAR, PEATONAL",8,17,3,"1,4,11,13",N/A,"21,34,213,311",N/A,NO,0,"Conteo, Brechas, Cola - Siguiente Intersección",3508
-74.1212474,4.62117894699998,5203,779,3410,KR 60 X AC 3,PUENTE ARANDA,NO,DOBLE,NO,1993/12/30 00:00:00+00,NORMAL,BT-TF,DEFINITIVA,"VEHICULAR, PEATONAL",9,17,2,"2,3,12,14",N/A,"22,23,212,312,214",N/A,NO,0,"Conteo, Brechas, Cola - Siguiente Intersección",3508
-74.10347932,4.60519795599998,5204,691,3411,KR 31D X AC 3,PUENTE ARANDA,C900,SENCILLA,SI,1993/12/20 00:00:00+00,NORMAL,BT-TA,DEFINITIVA,"VEHICULAR, PEATONAL",8,10,3,"1,3,4,91",N/A,"21,23,34",721.723.734,NO,0,Activación de sonoro,3624
-74.10686601,4.60783881999998,5205,712,3412,AK 36 X AC 3,PUENTE ARANDA,C900,SENCILLA,SI,1998/08/02 00:00:00+00,NORMAL,BT-TF,DEFINITIVA,"VEHICULAR, PEATONAL",9,9,4,"1,3,4,6,92",N/A,"21,22,24,33",N/A,NO,0,N/A,3624
-74.09817596,4.58665586500001,5206,995,3413,TV 18BIS X CL 13A S,ANTONIO NARINO,C900,DOBLE,SI,1990/09/19 00:00:00+00,NORMAL,RP-TA,DEFINITIVA,"VEHICULAR, PEATONAL",5,17,5,"4,94",N/A,"24,294,32","724, 7294, 732",NO,0,Activación de sonoro,3605
-74.0984349,4.58664574400001,5207,996,3413,KR 17 Y TV 18BIS X CL 14 S,ANTONIO NARINO,NO,DOBLE,NO,1990/09/19 00:00:00+00,NORMAL,RP-TA,DEFINITIVA,"VEHICULAR, PEATONAL",9,17,5,"2,2A,3,92A",N/A,"22,22A,23,292A,322A",N/A,NO,0,N/A,3605
-74.12857271,4.58673772399999,5208,1081,3494,KR 33 X CL 44 S,RAFAEL URIBE,C900,SENCILLA,SI,1989/10/01 00:00:00+00,NORMAL,BT-TF,DEFINITIVA,"VEHICULAR, PEATONAL",10,10,4,"1,2,3,4,8,93,94",N/A,"21,32,294",N/A,NO,0,N/A,3524
-74.12473409,4.58153607999998,5209,1064,3495,KR 25A X CL 42 S Y DG 41A S,RAFAEL URIBE,C900,SENCILLA,SI,1989/10/01 00:00:00+00,NORMAL,BT-TF,DEFINITIVA,"VEHICULAR, PEATONAL",7,7,3,"1,1A,4",N/A,"21,21A,24,31 (Reg)",N/A,NO,0,N/A,3524
-74.12561222,4.58362163800001,5210,1072,3496,KR 27 X CL 42 S,RAFAEL URIBE,C900,SENCILLA,SI,1989/10/01 00:00:00+00,NORMAL,BT-TF,DEFINITIVA,"VEHICULAR, PEATONAL",5,5,2,"1,4",N/A,"21,24,34",N/A,NO,0,N/A,3524
-74.12390263,4.59937431499998,5211,786,3497,AK 50 X CL 33 S,PUENTE ARANDA,ACTROS,SENCILLA,SI,1995/01/05 00:00:00+00,NORMAL,BT-TF,DEFINITIVA,"VEHICULAR, PEATONAL",10,10,3,"1,2,3,4",N/A,"21,22,23,24,31,32 (Reg)",N/A,NO,0,N/A,3525
-74.12525489,4.59770677900002,5212,790,3498,AK 50 X CL 37A S,PUENTE ARANDA,C900,SENCILLA,SI,2000/10/07 00:00:00+00,PMT,BT-TF,DEFINITIVA,"VEHICULAR, PEATONAL, CICLISTA",9,9,4,"1,2,3,92",N/A,"21,23,32,33",N/A,44,0,N/A,3525
-74.12625461,4.595537799,5213,1073,3499,AK 50 X CL 39A S,PUENTE ARANDA,ACTROS,SENCILLA,SI,2000/09/09 00:00:00+00,Desvío - PMT,BT-TA,DEFINITIVA,"VEHICULAR, PEATONAL",9,9,4,"1,2,3,4,6",N/A,"22,23,24,31",N/A,NO,0,"Brechas, Fases por demanda",3525
-74.17988731,4.63458973399997,5214,1154,3500,AK 89B X CL 49 S,BOSA,C900,SENCILLA,SI,2009/07/24 00:00:00+00,NORMAL,CA-TA,DEFINITIVA,"VEHICULAR, PEATONAL, CICLISTA",21,21,3,"1,2,3,4,792,793,794",N/A,"21,22,24,31,32,34","721,722,724,731,732,734","41,42",0,N/A,3425
-74.18262469,4.63365023300003,5215,1157,3501,AK 89 X CL 51 S,BOSA,C900,SENCILLA,SI,2009/10/19 00:00:00+00,NORMAL,BT-TA,DEFINITIVA,"VEHICULAR, PEATONAL, CICLISTA",8,8,2,"1,2",N/A,"21,22","721, 722","41, 42",0,N/A,3422
-74.10451758,4.59356440800002,5216,1021,3502,AK 27 X CL 14 S,ANTONIO NARINO,ACTROS,SENCILLA,SI,2006/10/06 00:00:00+00,NORMAL,BT-TF,DEFINITIVA,EXCLUSIVA PEATONAL,4,4,2,"1,2",N/A,"21,22 (Exc)",N/A,NO,0,N/A,3618
-74.18882699,4.63121134099998,5217,1162,3503,AK 89 X CL 56F S,BOSA,C900,SENCILLA,SI,2009/10/30 00:00:00+00,NORMAL,BT-TF,DEFINITIVA,"VEHICULAR, PEATONAL, CICLISTA",9,9,3,"1,2,3",N/A,"22,23,31,34",N/A,"41, 42",0,N/A,3422
-74.173785,4.63405799999998,5218,1832,3504,KR 88C X AC 43 S,KENNEDY,C900,SENCILLA,SI,2010/12/29 00:00:00+00,PMT,BT-TF,DEFINITIVA,"VEHICULAR, PEATONAL",4,4,2,"2,3",N/A,"22,23",N/A,NO,0,N/A,3425
-74.20135063,4.61258807500002,5219,1550,3925,KR 81F X AC 75 S,BOSA,C900,SENCILLA,SI,2018/05/18 00:00:00+00,PMT,BT-TF,DEFINITIVA,"VEHICULAR, PEATONAL",6,6,4,"1,2",N/A,"21,22","721, 722 (Desconectados)",NO,0,Activación de sonoro,3421
-74.19858469,4.61329858099998,5220,1551,3926,AK 82A X CL 73D S,BOSA,C900,SENCILLA,SI,2018/07/16 00:00:00+00,PMT,BT-TA,DEFINITIVA,"VEHICULAR, PEATONAL",18,18,2,"1A,2A,3,4","1B,2B","21,22,23,24,31,32","721,722,723,724,731,732",NO,0,N/A,3421
-74.19499592,4.61320352299998,5221,1552,3927,AK 82B X CL 71A S,BOSA,C900,SENCILLA,SI,2018/07/16 00:00:00+00,PMT,BT-TA,DEFINITIVA,"VEHICULAR, PEATONAL",21,21,3,"1A, 2A, 3, 4 , 91",N/A,"21, 22, 23, 24,291, 31, 32 ","722, 723 ,724, 7291, 731",NO,0,Activación de sonoro,3421
-74.15507395,4.576076801,5222,1633,3928,KR 47A X AC 68 S,CIUDAD BOLIVAR,C900,SENCILLA,SI,2019/05/22 00:00:00+00,NORMAL,CA-TA,DEFINITIVA,"VEHICULAR, PEATONAL",6,6,2,"1,2",N/A,"21,22 (Exc)","721, 722",NO,0,Fases por demanda peatonal,3510
-74.19164163,4.60993610100002,5223,1634,3929,KR 81 X CL 68A S,BOSA,C900,SENCILLA,SI,2019/09/11 00:00:00+00,NORMAL,BT-TA,DEFINITIVA,"VEHICULAR, PEATONAL",8,8,4,"1,2,3,4",N/A,"21,22,23,24",N/A,NO,0,"Brechas, Fases por demanda",3421
-74.14111617,4.59536029499998,5224,1638,3072,KR 54 X DG 45A S,TUNJUELITO,C900,SENCILLA,SI,2023/03/29 00:00:00+00,PMT,BT-TF,PROVISIONAL_PMT,"VEHICULAR, PEATONAL",4,4,2,"1,1A",N/A,"21,21A",N/A,NO,0,N/A,3514
-74.13791818,4.59428239900001,5225,1644,3073,KR 53 X DG 45B S,TUNJUELITO,C900,SENCILLA,SI,2023/03/29 00:00:00+00,PMT,BT-TF,PROVISIONAL_PMT,"VEHICULAR, PEATONAL",7,7,3,"1,2,3,93",N/A,"22,23,31",N/A,NO,0,N/A,3503
-74.16229769,4.64381834199997,5226,1651,3074,KR 89 X CL 2,KENNEDY,C900,SENCILLA,SI,2023/02/23 00:00:00+00,NORMAL,BT-TF,DEFINITIVA,"VEHICULAR, PEATONAL, CICLISTA",6,6,2,"1,2",N/A,"21,22",PROYECTADOS,"41,42",0,N/A,3425
-74.16533463,4.64111889399999,5227,1666,3075,AK 89 X CL 34A SUR,KENNEDY,C900,SENCILLA,SI,2023/02/14 00:00:00+00,NORMAL,CA-TA,DEFINITIVA,"VEHICULAR, PEATONAL, CICLISTA",20,20,3,"1,2,6,7,93,791",N/A,"21,22,23,31,32,34","721,722,723,731,732,734","41,42",0,N/A,3425
-74.16989708,4.63808248300001,5228,1667,3076,KR 89 X CL 40 B SUR,KENNEDY,C900,SENCILLA,SI,2023/02/24 00:00:00+00,NORMAL,CA-TA,DEFINITIVA,"VEHICULAR, PEATONAL, CICLISTA",24,24,3,"1, 2, 3, 4, 791, 792",N/A,"21,22,23,24,31,32,33,34","721, 722, 723, 724, 731, 732, 733, 734","41, 42",0,N/A,3425
-74.17173726,4.63722682899999,5229,1668,3077,KR 89 X CL 42A S,KENNEDY,C900,SENCILLA,SI,2023/02/26 00:00:00+00,NORMAL,CA-TA,DEFINITIVA,"VEHICULAR, PEATONAL, CICLISTA",24,24,3,"1,2,3,4, 91, 92",N/A,"21,22,23,24,31,32,33,34","721, 722, 723, 724, 731, 732, 733, 734","41,42",0,N/A,3425
-74.18510106,4.63268757200001,5230,1686,3078,KR 89B X CL 54 S,BOSA,C900,SENCILLA,SI,2023/02/21 00:00:00+00,NORMAL,BT-TF,DEFINITIVA,"VEHICULAR, PEATONAL, CICLISTA",11,11,3,"1, 2, 3",N/A,"21,22,23,31,32,33",PROYECTADOS,"41, 42",0,N/A,3422
-74.17484735,4.63600481200001,5231,1206,3079,AK 89 X AC 43 S,KENNEDY,C900,SENCILLA,SI,2023/07/27 00:00:00+00,PMT,BT-TF,DEFINITIVA,"VEHICULAR, PEATONAL, CICLISTA",18,18,3,"1,2,3,91",N/A,"21,22,23, 24,31,32","721, 722, 723,  724, 731, 732","41, 42",0,Activación de sonoro,3425
-74.09432992,4.56560898200001,5232,1768,3081,KR 3 X CL 30A S,SAN CRISTOBAL,C900,SENCILLA,SI,2023/03/27 00:00:00+00,NORMAL,RP-TF,DEFINITIVA,"VEHICULAR, PEATONAL",7,7,4,"2,3,4",N/A,"23,24,32",N/A,NO,0,N/A,3606
-74.173117,4.636619,5233,1778,3083,KR 89 X CL 42F S,KENNEDY,C900,SENCILLA,SI,2023/08/11 00:00:00+00,NORMAL,R-TF,DEFINITIVA,"VEHICULAR, PEATONAL, CICLISTA",8,8,2,"1,2",N/A,"21,22","721 ,722","41, 42",0,N/A,3425
-74.097934,4.59644300000002,5234,1787,3084,KR 25 X CL 1F,LOS MARTIRES,sX,SENCILLA,SI,2025/03/29 00:00:00+00,PMT,RP-TF,DEFINITIVA,"VEHICULAR, PEATONAL",6,6,3,"1,4",N/A,"21,24,31,34",N/A,NO,0,N/A,3623
-74.10133691,4.58481203999997,5235,1008,3414,KR 18 X CL 18 S,ANTONIO NARINO,C900,DOBLE,SI,1998/09/05 00:00:00+00,NORMAL,RP-TF,DEFINITIVA,"VEHICULAR, PEATONAL",5,11,2,"2,13",N/A,"22,213,313",N/A,NO,0,N/A,3605
-74.10187201,4.58538380900001,5236,1010,3414,KR 19 X CL 18 S,ANTONIO NARINO,NO,DOBLE,NO,1998/09/05 00:00:00+00,NORMAL,RP-TF,DEFINITIVA,"VEHICULAR, PEATONAL",6,11,3,"1,3,5",N/A,"21,23,33",N/A,NO,0,N/A,3605
-74.09981005,4.58925455100001,5237,1001,3415,KR 24 X DG 13BIS S,ANTONIO NARINO,C900,TRIPLE,SI,1989/12/11 00:00:00+00,NORMAL,BT-TA,DEFINITIVA,"VEHICULAR, PEATONAL",10,23,3,"3A,8,11,511,911",N/A,"28,211,23A,33A,3911",N/A,NO,0,"Brechas, Fases por demanda",3609
-74.09941126,4.58995001099998,5238,1136,3415,KR 24 X AC 11 S,ANTONIO NARINO,NO,TRIPLE,NO,1989/12/11 00:00:00+00,PMT,BT-TA,DEFINITIVA,"VEHICULAR, PEATONAL",6,23,2,"1,3,14",N/A,"21,23,214",N/A,NO,0,"Brechas, Fases por demanda",3609
-74.09902469,4.58952152000001,5239,1247,3415,AC 11 S X CL 10B S,ANTONIO NARINO,NO,TRIPLE,NO,1998/09/05 00:00:00+00,NORMAL,BT-TA,DEFINITIVA,"VEHICULAR, PEATONAL",3,23,5,"2,4",N/A,22,N/A,NO,0,Brechas,3609
-74.10902189,4.58928436799999,5240,1028,3416,KR 27 X CL 22 S,RAFAEL URIBE,C900,SENCILLA,SI,1990/09/18 00:00:00+00,Desvío - PMT,BT-TF,DEFINITIVA,"VEHICULAR, PEATONAL",13,13,3,"1,2,3,4,8",N/A,"21,22,23,24,31,32,33,34",N/A,NO,0,N/A,3618
-74.10203198,4.584164106,5241,1011,3417,KR 18 X CL 19 S,ANTONIO NARINO,NO,DOBLE,NO,1990/09/28 00:00:00+00,NORMAL,RP-TA,DEFINITIVA,"VEHICULAR, PEATONAL",9,18,2,"2,13,92",N/A,"22,213,313","722, 7213, 7313",NO,0,Activación de sonoro,3605
-74.10270701,4.58457182199999,5242,1013,3417,KR 19 X TV 21A,ANTONIO NARINO,C900,DOBLE,SI,1990/09/28 00:00:00+00,NORMAL,RP-TA,DEFINITIVA,"VEHICULAR, PEATONAL",9,18,3,"1,3",N/A,"21,23,31,33","721, 723, 733",NO,0,Activación de sonoro,3605
-74.09617244,4.58671557999998,5243,987,3418,KR 15 X AC 11 S,ANTONIO NARINO,C900,SENCILLA,SI,1998/08/02 00:00:00+00,NORMAL,RP-TF,DEFINITIVA,"VEHICULAR, PEATONAL",8,8,4,"1,3,4,93",N/A,"21,23,24,34 (Reg)",N/A,NO,0,N/A,3605
-74.10044988,4.58665812200002,5244,1005,3419,KR 19 Y TV 18BIS X CL 16 S,ANTONIO NARINO,C900,SENCILLA,SI,1998/08/02 00:00:00+00,NORMAL,RP-TF,DEFINITIVA,"VEHICULAR, PEATONAL",6,6,3,"1,4,4A",N/A,"21,24,24A",N/A,NO,0,N/A,3605
-74.10145272,4.58768962900001,5245,1009,3420,KR 24 X CL 16 S,ANTONIO NARINO,C900,SENCILLA,SI,1998/08/02 00:00:00+00,NORMAL,RP-TF,DEFINITIVA,"VEHICULAR, PEATONAL",4,4,2,"1,4",N/A,"21,24",N/A,NO,0,N/A,3605
-74.15753181,4.64989391300003,5246,1382,3505,KR 90 X CL 6D,KENNEDY,C900,SENCILLA,SI,2014/09/03 00:00:00+00,NORMAL,BT-TF,DEFINITIVA,"VEHICULAR, PEATONAL",8,8,4,"1,2,3,4",N/A,"21,22,23,24",N/A,NO,0,"Brechas, Fases por demanda",2437
-74.15586642,4.616551254,5247,1490,3506,TV 78H X CL 41 S,KENNEDY,ACTROS,SENCILLA,SI,2016/12/18 00:00:00+00,PMT,BT-TF,DEFINITIVA,"VEHICULAR, PEATONAL",12,12,2,"3,4,91",N/A,"23,24,291,394","723, 724 ,7291, 7394 Desconectados",NO,0,"Conteo, Activación de sonoro",3531
-74.16020636,4.61811649499998,5248,1517,3507,TV 78J X CL 42 S,KENNEDY,C900,SENCILLA,SI,2016/12/18 00:00:00+00,NORMAL,BT-TA,DEFINITIVA,"VEHICULAR, PEATONAL",10,10,4,"3,4,5,7,91,94",N/A,"23,25","723, 725",NO,0,Activación de sonoro,3528
-74.15634546,4.643785971,5249,1296,3509,KR 87A X CL 6A,KENNEDY,C900,SENCILLA,SI,2013/03/07 00:00:00+00,NORMAL,RP-TA,DEFINITIVA,"VEHICULAR, PEATONAL",12,12,2,"2,7,12,92",N/A,"22,392,27,212","722, 7392, 727, 7212",NO,0,Fases por demanda peatonal sonoro,2404
-74.15458488,4.64502250300001,5250,1230,3510,KR 87A X CL 6D,KENNEDY,C900,DOBLE,SI,2011/09/08 00:00:00+00,NORMAL,CA-TA,DEFINITIVA,"VEHICULAR, PEATONAL",6,11,3,"3,4,6,92",N/A,"23,292",N/A,NO,0,N/A,2404
-74.15342934,4.64321913999999,5251,1270,3510,AK 86 X CL 6D,KENNEDY,NO,DOBLE,NO,2012/08/13 00:00:00+00,NORMAL,CA-TA,DEFINITIVA,"VEHICULAR, PEATONAL",5,11,3,"1,2,13,6A",N/A,213,N/A,NO,0,"Conteo, Brechas",2404
-74.16375946,4.64246377699999,5252,1741,3511,AK 89 X CL 26 S,KENNEDY,C900,SENCILLA,SI,2021/10/20 00:00:00+00,NORMAL,R-TA,DEFINITIVA,"VEHICULAR, PEATONAL, CICLISTA",20,20,3,"1, 2, 3, 4",N/A,"21, 22, 23,24,31, 32","721, 722, 723,724,731, 732","41, 42",0,Fases por demanda peatonal sonoro,3425
-74.09362208,4.56823289800002,5253,1565,3512,KR 3 X CL 27 SUR,SAN CRISTOBAL,ACTROS,DOBLE,SI,2018/12/13 00:00:00+00,NORMAL,RP-TA,DEFINITIVA,"VEHICULAR, PEATONAL",10,26,4,"3,7,12,94A,912",N/A,"23,212,312,294A,2912","723,7212,7312,7294A,72912",NO,0,Activación de sonoro,3606
-74.09377131,4.56741893899999,5254,1566,3512,KR 3 X CL 27A SUR,SAN CRISTOBAL,NO,DOBLE,NO,2018/12/13 00:00:00+00,NORMAL,RP-TA,DEFINITIVA,"VEHICULAR, PEATONAL",7,26,4,"2,3A,4",N/A,"22,23A,24,32","722,723A,724,732",NO,0,Activación de sonoro,3606
-74.16578652,4.61734220699998,5255,1567,3513,KR 79 X CL 45 SUR,KENNEDY,C900,SENCILLA,SI,2019/02/04 00:00:00+00,NORMAL,RP-TA,DEFINITIVA,"VEHICULAR, PEATONAL",5,5,3,"1,2,4",N/A,"21,24",N/A,NO,0,"Brechas, Fases por demanda, Fases por demanda peatonal",3527
-74.126646,4.58762300000001,5256,1792,3085,KR 33 X CL 41A SUR,RAFAEL URIBE,C900,SENCILLA,SI,2024/10/28 00:00:00+00,NORMAL,BT-TA,DEFINITIVA,"VEHICULAR, PEATONAL",9,9,2,"3,4,92",N/A,"23,24,292","723,724,7292",NO,0,N/A,3524
-74.170356,4.63476800000001,5257,1795,3086,KR 87I X CL 42A SUR,KENNEDY,C900,SENCILLA,SI,2024/02/07 00:00:00+00,PMT,BT-TF,PROVISIONAL_PMT,"VEHICULAR, PEATONAL, CICLISTA",10,10,3,"1,2,3,4",N/A,"21,22,23,24",N/A,"43,44",0,N/A,3405
-74.16585,4.63817399999999,5258,1796,3087,KR 88 X CL 38 SUR,KENNEDY,C900,SENCILLA,SI,2024/02/07 00:00:00+00,PMT,BT-TF,PROVISIONAL_PMT,"VEHICULAR, PEATONAL",6,6,4,"2,3,4,8",N/A,"22,24",N/A,NO,0,N/A,3405
-74.131328,4.585801,5259,1798,3088,AK 33 X CL 47B SUR,RAFAEL URIBE,C900,SENCILLA,SI,2024/10/24 00:00:00+00,NORMAL,BT-TA,DEFINITIVA,"VEHICULAR, PEATONAL",15,15,4,"1,2,3,4",N/A,"21,22,23,24,31,32","721,722,724,731,732",NO,0,N/A,3524
-74.159866,4.63768499999998,5260,1818,3089,KR 86 X CL 26 SUR,KENNEDY,C900,SENCILLA,SI,2024/03/23 00:00:00+00,PMT,BT-TF,PROVISIONAL_PMT,"VEHICULAR, PEATONAL, CICLISTA",5,5,2,2A,"1B,2B","21,22",N/A,NO,0,N/A,3405
-74.109862,4.57812300000001,5261,1827,3090,AK 14 X CL 30 S,RAFAEL URIBE,C900,SENCILLA,SI,2024/09/10 00:00:00+00,NORMAL,R-TA,DEFINITIVA,"VEHICULAR, PEATONAL",13,13,3,"1,2,7,93,94","1B,2B","22,23,31","722,723,731",NO,0,N/A,3605
-74.126133,4.56559499999997,5262,1828,3091,KR 13D X CL 51 S,TUNJUELITO,C900,SENCILLA,SI,2024/08/15 00:00:00+00,NORMAL,BT-TF,DEFINITIVA,"VEHICULAR, PEATONAL",11,11,3,"1,2,7,93","1B,2B","21,27,32","721,732",NO,0,N/A,3604
-74.100985,4.59213299999999,5263,1833,3092,KR 25 X CL 11 SUR,ANTONIO NARINO,sX,SENCILLA,SI,2024/07/05 00:00:00+00,PMT,BT-TF,PROVISIONAL_PMT,"VEHICULAR, PEATONAL",5,5,3,"3,5,7",N/A,"25,23",N/A,NO,0,N/A,3623
-74.117454,4.59998000000002,5264,1847,3093,KR 39 X AC 26 S,PUENTE ARANDA,sX,SENCILLA,SI,2024/08/22 00:00:00+00,NORMAL,BT-TF,PROVISIONAL_PMT,"VEHICULAR, PEATONAL",4,4,2,"3,4",N/A,"23,24",N/A,NO,0,N/A,3622
-74.121175,4.55296099999998,5265,1852,3096,KR 5F X AC 51 SUR,USME,C900,SENCILLA,SI,2024/12/20 00:00:00+00,NORMAL,BT-TF,DEFINITIVA,"VEHICULAR, PEATONAL",8,8,2,"1A,2A","1B,2B","21,22","721 , 722",NO,0,N/A,3616
-74.08728981,4.59376082199998,5266,962,3097,AK 14 X CL 2,SANTA FE,C900,SENCILLA,SI,1993/05/23 00:00:00+00,PMT,R-TF,DEFINITIVA,"VEHICULAR, PEATONAL",8,8,2,"1A,2A,3","1B,2B","21,23,32",N/A,NO,0,N/A,3605
-74.10066434,4.58545496300002,5267,1006,3421,KR 18 X CL 17 S,ANTONIO NARINO,C900,SENCILLA,SI,1983/12/09 00:00:00+00,NORMAL,RP-TF,DEFINITIVA,"VEHICULAR, PEATONAL",5,5,2,"2,4",N/A,"22,24,32",N/A,NO,0,N/A,3605
-74.09760537,4.589019409,5268,993,3422,KR 19 X CL 10B S,ANTONIO NARINO,C900,SENCILLA,SI,2006/11/17 00:00:00+00,NORMAL,R-TA,DEFINITIVA,"VEHICULAR, PEATONAL",5,5,3,"1,3,4",N/A,"21,23",N/A,NO,0,Fases por demanda peatonal,3609
-74.09799236,4.57208938799999,5269,994,3423,AK 10 X CL 27 S,SAN CRISTOBAL,ACTROS,SENCILLA,SI,2004/05/21 00:00:00+00,NORMAL,CA-TA,DEFINITIVA,"VEHICULAR, PEATONAL",14,14,4,"1A,2A,3,4,6,7","1B,2B","21,22,23,24,31,32",N/A,NO,0,"Conteo, Brechas",3606
-74.09668182,4.60060156700001,5270,645,3424,KR 26 X CL 3,LOS MARTIRES,NO,DOBLE,NO,2004/08/26 00:00:00+00,NORMAL,RP-TF,DEFINITIVA,"VEHICULAR, PEATONAL",6,13,3,"3,4A,12",N/A,"212,24A,33",N/A,NO,0,N/A,3623
-74.0979826,4.59893303400003,5271,655,3424,KR 26 X CL 2,LOS MARTIRES,C900,DOBLE,SI,2004/08/26 00:00:00+00,NORMAL,RP-TF,DEFINITIVA,"VEHICULAR, PEATONAL",7,13,2,"2,4,3A",N/A,"22,24,32,33A",N/A,NO,0,N/A,3623
-74.09683596,4.59804303999999,5272,647,3425,KR 25 X CL 2,LOS MARTIRES,C900,SENCILLA,SI,1993/09/21 00:00:00+00,PMT,RP-TF,DEFINITIVA,"VEHICULAR, PEATONAL",5,5,2,"1,3",N/A,"21,23,33",N/A,NO,0,N/A,3623
-74.09497067,4.59940514499999,5273,634,3426,KR 24 X CL 3,LOS MARTIRES,C900,DOBLE,SI,1993/09/21 00:00:00+00,NORMAL,RP-TF,DEFINITIVA,"VEHICULAR, PEATONAL",6,11,2,"3,4,12",N/A,"24,212,312 (Reg)",N/A,NO,0,N/A,3623
-74.09555652,4.59743841699998,5274,638,3426,KR 24 X CL 2,LOS MARTIRES,NO,DOBLE,NO,1993/09/21 00:00:00+00,PMT,RP-TF,DEFINITIVA,"VEHICULAR, PEATONAL",5,11,2,"2,3A",N/A,"22,23A,33A",N/A,NO,0,N/A,3623
-74.09782913,4.60142948999999,5275,653,3427,AK 27 X CL 3,LOS MARTIRES,C900,DOBLE,SI,1993/12/21 00:00:00+00,NORMAL,RP-TF,DEFINITIVA,"VEHICULAR, PEATONAL",5,10,2,"1,3,4A",N/A,"21,23",N/A,NO,0,N/A,3623
-74.0990955,4.59981577299999,5276,664,3427,AK 27 X CL 2,LOS MARTIRES,NO,DOBLE,NO,1993/12/21 00:00:00+00,NORMAL,RP-TF,DEFINITIVA,"VEHICULAR, PEATONAL",5,10,2,"3A,4,11",N/A,"23A,211",N/A,NO,0,N/A,3623
-74.1065101,4.59169938600002,5277,1023,3428,AK 27 X CL 17 S,ANTONIO NARINO,ACTROS,SENCILLA,SI,1990/06/21 00:00:00+00,NORMAL,BT-TF,DEFINITIVA,"VEHICULAR, PEATONAL",9,9,2,"1,2,3,4,5,6",N/A,"21,22,24",N/A,NO,0,N/A,3618
-74.16048429,4.58011727100001,5278,1534,3654,AK 51 X CL 68F SUR,CIUDAD BOLIVAR,ACTROS,SENCILLA,SI,2018/11/06 00:00:00+00,NORMAL,RP-TA,DEFINITIVA,"VEHICULAR, PEATONAL",14,14,4,"2,3,4,8",N/A,"22,23,24,33,34",722.723.724.733.734,NO,0,"Cola - Siguiente Intersección, Activación de sonoro",3510
-74.10452365,4.60372049199998,5279,1330,3655,KR 31D X CL 2,PUENTE ARANDA,C900,SENCILLA,SI,2014/02/08 00:00:00+00,NORMAL,BT-TF,DEFINITIVA,"VEHICULAR, PEATONAL",4,4,2,"1,4",N/A,"21,34",N/A,NO,0,N/A,3624
-74.16138099,4.60957375200002,5280,1469,3657,DG 44 S X KR 77V BIS,KENNEDY,C900,SENCILLA,SI,2017/02/03 00:00:00+00,NORMAL,BT-TA,DEFINITIVA,EXCLUSIVA PEATONAL,4,6,2,"1,2",N/A,"21,22 (Exc)",722,NO,0,Activación de sonoro,3531
-74.11547863,4.61328204,5281,1316,3658,AK 50 X CL 2C,PUENTE ARANDA,ACTROS,SENCILLA,SI,2013/09/21 00:00:00+00,NORMAL,BT-TF,DEFINITIVA,"VEHICULAR, PEATONAL",7,7,3,"1,2,7,93",N/A,"22,23,31",N/A,NO,0,N/A,3526
-74.11918814,4.60645185800001,5282,770,3659,AK 50 X DG 16 S,PUENTE ARANDA,ACTROS,SENCILLA,SI,2000/10/10 00:00:00+00,NORMAL,BT-TF,DEFINITIVA,"VEHICULAR, PEATONAL, CICLISTA",17,17,3,"1,2,3,4,7,11,12",N/A,"21,22,23,24,33,34,311,312 ",N/A,"43, 44",0,N/A,3526
-74.11684794,4.61060932200002,5283,759,3660,AK 50 X CL 1G,PUENTE ARANDA,ACTROS,SENCILLA,SI,2000/07/28 00:00:00+00,NORMAL,BT-TF,DEFINITIVA,"VEHICULAR, PEATONAL",8,8,2,"1,2,3,4",N/A,"22,23,24,31",N/A,NO,0,N/A,3526
-74.11137627,4.60243413199998,5284,733,3661,AK 36 X AC 8 S,PUENTE ARANDA,C900,SENCILLA,SI,2000/07/19 00:00:00+00,NORMAL,BT-TA,DEFINITIVA,"VEHICULAR, PEATONAL",8,12,4,"1,3,4,7",N/A,"21,24,33,37",721.724.733.737,NO,0,"Brechas, Activación de sonoro",3624
-74.10938758,4.60502463199998,5285,725,3662,AK 36 X CL 1F,PUENTE ARANDA,C900,SENCILLA,SI,2000/07/18 00:00:00+00,NORMAL,BT-TF,DEFINITIVA,"VEHICULAR, PEATONAL",7,7,3,"1,2,3,5",N/A,"22,23,31",N/A,NO,0,N/A,3624
-74.10791147,4.60693142100001,5286,716,3663,AK 36 X CL 2B,PUENTE ARANDA,C900,SENCILLA,SI,1993/12/21 00:00:00+00,NORMAL,BT-TF,DEFINITIVA,"VEHICULAR, PEATONAL",9,9,4,"1,2,3,4,6",N/A,"21,23,24,32",N/A,NO,0,N/A,3624
-74.11848046,4.60769370899999,5287,767,3664,AK 50 X AC 8 S,PUENTE ARANDA,ACTROS,SENCILLA,SI,1993/12/21 00:00:00+00,NORMAL,BT-TF,DEFINITIVA,"VEHICULAR, PEATONAL",9,9,3,"1,2,4,5,92",N/A,"21,24,32,35",N/A,NO,0,N/A,3526
-74.08901792,4.591885848,5288,965,3098,AK 14 X CL 1,ANTONIO NARINO,C900,CUADRUPLE,SI,1997/10/18 00:00:00+00,PMT,R-TF,DEFINITIVA,"VEHICULAR, PEATONAL",14,32,2,"1A,13,14,912","1B,12B","21,23,212,2912,31,34,312, 214",N/A,NO,0,"Conteo, Brechas",3605
-74.08984948,4.59133897800001,5289,966,3098,AK 14 X DG 1BIS S,ANTONIO NARINO,NO,CUADRUPLE,NO,1997/10/18 00:00:00+00,PMT,R-TF,DEFINITIVA,EXCLUSIVA PEATONAL,6,32,2,"2A,11A","2B,11B","22,21","722, 7211",NO,0,Activación de sonoro,3605
-74.087792,4.59113600000001,5290,1893,3098,KR 13 X AC 1,ANTONIO NARINO,NO,CUADRUPLE,NO,2025/02/17 00:00:00+00,PMT,R-TF,PROVISIONAL_PMT,"VEHICULAR, PEATONAL",5,32,4,"1,4, 113",N/A,"21B, 2113",N/A,NO,0,N/A,3605
-74.089902,4.592241,5291,1894,3098,TV 17 X AC 1,ANTONIO NARINO,NO,CUADRUPLE,NO,2025/02/17 00:00:00+00,PMT,R-TF,PROVISIONAL_PMT,"VEHICULAR, PEATONAL",7,32,4,"3, 5, 91, 114",N/A,"23, 21A, 2114",N/A,NO,0,N/A,3605
-74.121095,4.550321,5292,1853,3099,KR 5D X AC 51 S,USME,C900,SENCILLA,SI,2024/10/26 00:00:00+00,NORMAL,BT-TA,DEFINITIVA,"VEHICULAR, PEATONAL, CICLISTA",13,13,3,"1A,2A,102","1B,2B","22,31,2102","722,731,72102","41,42",0,N/A,3616
-74.171212,4.62422600000002,5293,1855,3101,KR 81H X CL 46 S,KENNEDY,sX,SENCILLA,SI,2024/09/02 00:00:00+00,NORMAL,BT-TF,PROVISIONAL_PMT,"VEHICULAR, PEATONAL",9,9,3,"1,2,3",N/A,"21,22,23,31,32,33",N/A,NO,0,N/A,3405
-74.120869,4.54695099999998,5294,1858,3102,KR 5D X AC 51 S,USME,C900,SENCILLA,SI,2024/10/12 00:00:00+00,NORMAL,BT-TA,DEFINITIVA,"VEHICULAR, PEATONAL",10,10,2,"1A,2A","1B,2B","21,22","721,722",NO,0,N/A,3616
-74.192985,4.61517199999997,5295,1866,3103,AK 82B X CL 69S,PUENTE ARANDA,C900,SENCILLA,SI,2024/11/27 00:00:00+00,NORMAL,BT-TA,DEFINITIVA,"VEHICULAR, PEATONAL",8,8,2,"1A,2A","1B,2B","21,22","721,722",NO,0,N/A,3421
-74.117604,4.602891,5296,1868,3104,KR 40 X DG 16 S,PUENTE ARANDA,sX,SENCILLA,SI,2024/10/11 00:00:00+00,NORMAL,BT-TF,PROVISIONAL_PMT,"VEHICULAR, PEATONAL",7,7,3,"1,2,3,4",N/A,"21,23,24",N/A,NO,0,N/A,3526
-74.113548,4.59941199999997,5297,1869,3105,KR 36 X DG 16 S,PUENTE ARANDA,sX,SENCILLA,SI,2024/10/11 00:00:00+00,PMT,BT-TF,PROVISIONAL_PMT,"VEHICULAR, PEATONAL",10,10,3,"2,3,4,3A,4A,12",N/A,"22,24,24A,312",N/A,NO,0,N/A,3526
-74.122482,4.601111,5298,1870,3106,AK 50 X CL 29B S,PUENTE ARANDA,sX,SENCILLA,SI,2024/10/11 00:00:00+00,NORMAL,BT-TF,PROVISIONAL_PMT,"VEHICULAR, PEATONAL",8,8,3,"1,2,3,5",N/A,"22,23,31,33",N/A,NO,0,N/A,3525
-74.12899233,4.570660659,5299,1082,3429,KR 19C X CL 48C S Y DG 48 S,TUNJUELITO,ACTROS,TRIPLE,SI,1990/06/21 00:00:00+00,NORMAL,BT-TA,DEFINITIVA,"VEHICULAR, PEATONAL",9,28,3,"2,4,7,13,91,94","4B,13B","24,213, 291,294, 313B",N/A,NO,0,N/A,3513
-74.1300789,4.57042601000001,5300,1085,3429,KR 19C X CL 51 S,TUNJUELITO,NO,TRIPLE,NO,1990/06/21 00:00:00+00,NORMAL,BT-TA,DEFINITIVA,"VEHICULAR, PEATONAL",9,28,3,"3,14,92","3B,14B","23,214,292,393","723, 7214, 7292, 7393",NO,0,Activación de sonoro,3513
-74.12921049,4.57171345500001,5301,1498,3429,KR 20BIS X CL 48C S,TUNJUELITO,NO,TRIPLE,NO,2017/05/09 00:00:00+00,NORMAL,BT-TA,DEFINITIVA,"VEHICULAR, PEATONAL",6,28,4,"1,5,92A",N/A,"21,35,292A",N/A,NO,0,"Brechas, Fases por demanda peatonal",3513
-74.12516929,4.57868249000001,5302,1066,3430,KR 23B X AC 44 S,RAFAEL URIBE,NO,DOBLE,NO,1998/09/05 00:00:00+00,NORMAL,BT-TA,DEFINITIVA,"VEHICULAR, PEATONAL",8,18,2,"2A,4,13,92A",N/A,"22A,24","722A,724",NO,0,Activación de sonoro,3524
-74.12547661,4.57937080599999,5303,1069,3430,KR 24 X AC 44 S,RAFAEL URIBE,C900,DOBLE,SI,1998/09/05 00:00:00+00,NORMAL,BT-TA,DEFINITIVA,"VEHICULAR, PEATONAL",10,18,3,"1,1A,2,3,14,614",N/A,"21,21A,23,32",N/A,NO,0,N/A,3524
-74.13439535,4.568743434,5304,1092,3431,KR 19C X CL 55 S,TUNJUELITO,ACTROS,SENCILLA,SI,2003/05/09 00:00:00+00,NORMAL,BT-TF,DEFINITIVA,"VEHICULAR, PEATONAL",8,8,3,"1,3,4,8","3B,4B","23,34 (Reg)",N/A,NO,0,N/A,3513
-74.1618668,4.60338690999998,5305,899,3432,AK 71B X CL 53C BIS S,BOSA,C900,SENCILLA,SI,2007/09/14 00:00:00+00,NORMAL,BT-TA,DEFINITIVA,"VEHICULAR, PEATONAL",6,6,2,"1,2",N/A,"21,22","721,722",NO,0,"Fases por demanda peatonal, Fases por demanda peatonal sonoro",3518
-74.16785916,4.63037559100002,5306,1128,3433,AK 86 X CL 42A S,KENNEDY,C900,DOBLE,SI,2008/05/16 00:00:00+00,PMT,BT-TF,DEFINITIVA,"VEHICULAR, PEATONAL, CICLISTA",10,17,3,"2A,6,7","1B,2B","22A,23,31","23, 34","41,42",0,"Conteo, Brechas, Cola - Siguiente Intersección",3405
-74.168829,4.63194199999998,5307,1910,3433,KR 86D X CL 42A S,KENNEDY,NO,DOBLE,NO,2025/04/02 00:00:00+00,NORMAL,BT-TF,PROVISIONAL_PMT,"VEHICULAR, PEATONAL, CICLISTA",7,17,4,"2,3,4,8",N/A,"22,24",N/A,NO,0,N/A,3405
-74.12116664,4.58079927,5308,1055,3434,KR 24 X CL 40 S,RAFAEL URIBE,C900,SENCILLA,SI,2000/01/20 00:00:00+00,NORMAL,BT-TF,DEFINITIVA,"VEHICULAR, PEATONAL",8,8,2,"1,2,3,4",N/A,"21,22,23,24",N/A,NO,0,N/A,3524
-74.14237508,4.580410175,5309,1109,3665,KR 33 X CL 56A S,TUNJUELITO,ACTROS,SENCILLA,SI,1998/04/24 00:00:00+00,NORMAL,BT-TF,DEFINITIVA,"VEHICULAR, PEATONAL",11,11,3,"1,2,3,4,91",N/A,"21,22,23,24,31,32",N/A,NO,0,N/A,3524
-74.14064109,4.57666441499998,5310,1105,3666,KR 25 X CL 56A S,TUNJUELITO,ACTROS,SENCILLA,SI,1998/09/05 00:00:00+00,NORMAL,BT-TF,DEFINITIVA,"VEHICULAR, PEATONAL, CICLISTA",9,9,2,"1,1A,2,2A,5",N/A,"21A,22,24",N/A,44,0,N/A,3524
-74.13951091,4.57314498900001,5311,1103,3667,KR 24 X CL 56A S,TUNJUELITO,ACTROS,SENCILLA,SI,1998/09/05 00:00:00+00,NORMAL,BT-TA,DEFINITIVA,"VEHICULAR, PEATONAL",12,18,3,"1,1A,2,2A,5,8",N/A,"21,21A,28,32,32A,35","721,721A,728,732,732A,735",NO,0,Activación de sonoro,3524
-74.15741888,4.58048835300002,5312,1118,3668,AK 51 X AC 68 S,CIUDAD BOLIVAR,C900,SENCILLA,SI,1995/05/13 00:00:00+00,NORMAL,CA-TA,DEFINITIVA,"VEHICULAR, PEATONAL",20,31,4,"1,2,3,4,5,8,91,92,94",N/A,"21,22,23,24,31,32,33,34,291,292,294","721, 722, 723, 724, 731, 732, 733, 734, 7291, 7292, 7294",NO,0,"Conteo, Brechas, Cola, Activación de sonoro",3510
-74.1390301,4.56132709899998,5313,1102,3669,KR 19 X CL 60C S,CIUDAD BOLIVAR,C900,SENCILLA,SI,2007/09/10 00:00:00+00,NORMAL,BT-TF,DEFINITIVA,"VEHICULAR, PEATONAL",12,12,2,"1,2,2A,91,92,93",N/A,"21,22,22A,291,292,293",N/A,NO,0,N/A,3511
-74.15125868,4.57226166800001,5314,1115,3670,KR 38 X AC 61 S,CIUDAD BOLIVAR,C900,SENCILLA,SI,1998/08/05 00:00:00+00,NORMAL,CA-TF,DEFINITIVA,"VEHICULAR, PEATONAL",18,25,5,"1,2,3,4,5,6,91,92,94",N/A,"21,22,23,24,292,294,31,32,33","721, 722, 723, 724, 731, 732, 733",NO,0,"Conteo, Brechas, Activación de sonoro",3510
-74.15615199,4.57809110800002,5315,1117,3671,KR 49 Y TV 49 X AC 68 S,CIUDAD BOLIVAR,C900,SENCILLA,SI,1998/09/05 00:00:00+00,NORMAL,CA-TA,DEFINITIVA,"VEHICULAR, PEATONAL",14,14,5,"1,2,3,4,5,6,92,94",N/A,"22,23,24,31,292,294",N/A,NO,0,"Conteo, Brechas",3510
-74.14482413,4.56786569299999,5316,1110,3672,KR 22B X AC 61 S,CIUDAD BOLIVAR,C900,DOBLE,SI,1998/08/05 00:00:00+00,NORMAL,CA-TA,DEFINITIVA,"VEHICULAR, PEATONAL",7,10,4,"3,4A,8,12",N/A,"23,34A,212",N/A,NO,0,"Conteo, Brechas, Fases por demanda",3510
-74.14507748,4.56765342699998,5317,1112,3672,KR 22B X DG 62 S,CIUDAD BOLIVAR,NO,DOBLE,NO,1998/08/05 00:00:00+00,NORMAL,CA-TA,DEFINITIVA,"VEHICULAR, PEATONAL",3,10,3,"2,4",N/A,24,N/A,NO,0,"Conteo, Brechas",3510
-74.13593909,4.58511335499998,5318,1094,3673,KR 33 X CL 50B S,TUNJUELITO,ACTROS,DOBLE,SI,1990/09/18 00:00:00+00,NORMAL,BT-TF,DEFINITIVA,"VEHICULAR, PEATONAL",8,15,3,"1,6,12,94",N/A,"21,36,294,312 (Reg)",N/A,NO,0,N/A,3524
-74.120137,4.601809,5319,1871,3107,KR 41BIS X CL 26 S,PUENTE ARANDA,sX,SENCILLA,SI,2024/11/12 00:00:00+00,NORMAL,BT-TF,PROVISIONAL_PMT,"VEHICULAR, PEATONAL",4,4,2,"3,4",N/A,"23,24",N/A,NO,0,N/A,3622
-74.132379,4.61346800000001,5320,1872,3108,KR 69 X CL 24 S,KENNEDY,sX,SENCILLA,SI,2024/12/14 00:00:00+00,PMT,BT-TF,PROVISIONAL_PMT,"VEHICULAR, PEATONAL",7,7,3,"1,2,4,6",N/A,"21,22,24",N/A,NO,0,N/A,3504
-74.133295,4.61524300000002,5321,1873,3109,KR 69B X CL 24 S,KENNEDY,sX,SENCILLA,SI,2024/12/14 00:00:00+00,PMT,BT-TF,PROVISIONAL_PMT,"VEHICULAR, PEATONAL",7,7,3,"1,2,4,6",N/A,"21,22,24",N/A,NO,0,N/A,3504
-74.12416,4.52256899999998,5322,1884,3110,AV BOYACÁ (AC 71 S) X DG 68A S,USME,C900,SENCILLA,SI,2025/02/14 00:00:00+00,NORMAL,BT-TF,DEFINITIVA,"VEHICULAR, PEATONAL",4,4,4,"2,92,94",N/A,294,N/A,NO,0,N/A,3511
-74.120352,4.53751799999998,5323,1886,3111,AK 14 X CL 63 S,USME,C900,SENCILLA,SI,2025/01/22 00:00:00+00,NORMAL,BT-TA,DEFINITIVA,"VEHICULAR, PEATONAL, CICLISTA",10,10,2,"1A,2A","1B,2B","21,22","721, 722",NO,0,N/A,3625
-74.140559,4.61410100000001,5324,1888,3112,AK 72 X CL 37 S,KENNEDY,sX,SENCILLA,SI,2025/01/23 00:00:00+00,NORMAL,CA-TF,PROVISIONAL_PMT,"VEHICULAR, PEATONAL",13,13,3,"1,1A,2,2A,3,4,5",N/A,"21,21A,23,24,32,32A",N/A,NO,0,N/A,3505
-74.137338,4.61533600000001,5325,1889,3113, KR 70B X CL 31 S,KENNEDY,sX,SENCILLA,SI,2025/01/23 00:00:00+00,NORMAL,BT-TF,PROVISIONAL_PMT,"VEHICULAR, PEATONAL",5,5,3,"3,92",N/A,"23,292,33",N/A,NO,0,N/A,3504
-74.089873,4.59467999999998,5326,1898,3114,KR 18 Y TV 17A X DG 1G BIS,LOS MARTIRES,sX,TRIPLE,SI,2025/02/17 00:00:00+00,NORMAL,R-TF,PROVISIONAL_PMT,"VEHICULAR, PEATONAL",6,19,3,"1, 3A, 92",N/A,"21, 23A,292",N/A,NO,0,N/A,3605
-74.090728,4.59254700000002,5327,1899,3114,KR 18 X AC 1,ANTONIO NARINO,NO,TRIPLE,NO,2025/02/17 00:00:00+00,PMT,R-TF,PROVISIONAL_PMT,"VEHICULAR, PEATONAL",7,19,4,"3,4,7",N/A,"23, 33,34,37",N/A,NO,0,N/A,3605
-74.091297,4.59442999999999,5328,1903,3114,KR 18C X CL 1F,ANTONIO NARINO,NO,TRIPLE,NO,2025/03/30 00:00:00+00,PMT,R-TF,PROVISIONAL_PMT,"VEHICULAR, PEATONAL",6,19,3,"1A,2, 4A",N/A,"21A,22, 24A",N/A,NO,0,N/A,3605
-74.155544,4.64662399999997,5329,1799,3116,KR 88 X CL 6D,FONTIBON,C900,SENCILLA,SI,2025/04/09 00:00:00+00,NORMAL,RP-TF,DEFINITIVA,"VEHICULAR, PEATONAL",7,7,4,"2,3,4,8",N/A,"22,23,24",N/A,NO,0,N/A,2404
-74.10063765,4.60338978099998,5330,677,3186,AK 30 X AC 3,LOS MARTIRES,C900,DOBLE,SI,1993/09/21 00:00:00+00,NORMAL,BT-TF,DEFINITIVA,"VEHICULAR, PEATONAL",12,18,2,"1A,2A,3,4","1B,2B","21,22,23,214,31,32",N/A,NO,0,"Conteo, Brechas, Cola",3622
-74.09912479,4.60236361199998,5331,1135,3186,KR 28A X CL 3,LOS MARTIRES,NO,DOBLE,NO,2006/05/12 00:00:00+00,NORMAL,BT-TF,DEFINITIVA,"VEHICULAR, PEATONAL",6,18,4,"4,7,13",N/A,"24,37,313",N/A,NO,0,"Brechas, Cola, Cola - Siguiente Intersección",3622
-74.12381858,4.57985286600001,5332,1061,3435,KR 24 X CL 42 S,RAFAEL URIBE,C900,SENCILLA,SI,1998/01/07 00:00:00+00,NORMAL,BT-TF,DEFINITIVA,"VEHICULAR, PEATONAL",6,6,2,"1,2,4",N/A,"21,24,32",N/A,NO,0,N/A,3524
-74.14482358,4.63466987800001,5333,1346,3436,TV 78C X CL 6H,KENNEDY,C900,SENCILLA,SI,2014/06/05 00:00:00+00,NORMAL,BT-TA,DEFINITIVA,"PEATONAL, CICLISTA",5,6,2,"1,2",N/A,22 (Exc),722,"43,44 (Exc)",0,Activación de sonoro,2405
-74.19062128,4.60304031800001,5334,941,3437,TV 78L X DG 69B S,BOSA,C900,SENCILLA,SI,1998/01/07 00:00:00+00,NORMAL,BT-TF,DEFINITIVA,"VEHICULAR, PEATONAL",7,7,3,"1,2,3,4",N/A,"22,24,33",N/A,NO,0,N/A,3417
-74.14827978,4.63273156299999,5335,861,3438,TV 78C X AC 6,KENNEDY,C900,DOBLE,SI,2003/12/09 00:00:00+00,NORMAL,BT-TA,DEFINITIVA,EXCLUSIVA PEATONAL,4,14,3,"2,11",N/A,"22,211 (Exc)","722, 7211",NO,0,Activación de sonoro,2405
-74.14755722,4.63315759400001,5336,1280,3438,TV 78C X CL 6B,KENNEDY,NO,DOBLE,NO,2012/11/30 00:00:00+00,NORMAL,BT-TA,DEFINITIVA,"VEHICULAR, PEATONAL",6,14,2,"1,7,12,93",N/A,"23,212","723, 7212",NO,0,Activación de sonoro,2405
-74.1265776,4.56685394599998,5337,1076,3439,TV 14 X DG 51B S,TUNJUELITO,ACTROS,SENCILLA,SI,1990/12/03 00:00:00+00,NORMAL,R-TF,DEFINITIVA,EXCLUSIVA VEHICULAR,5,5,2,"1A,2A,3","1B,2B",N/A,N/A,NO,0,Cola - Siguiente Intersección,3604
-74.12500976,4.57018866099997,5338,1065,3441,TV 14 X CL 46 S,RAFAEL URIBE,ACTROS,SENCILLA,SI,2001/08/31 00:00:00+00,NORMAL,R-TA,DEFINITIVA,"VEHICULAR, PEATONAL",8,8,3,"1A,2A,3","1B,2B","21,23,32",N/A,NO,0,"Conteo, Brechas",3604
-74.12353891,4.57426458399999,5339,1060,3442,AK 14 X CL 44C S,RAFAEL URIBE,ACTROS,DOBLE,SI,1985/07/26 00:00:00+00,NORMAL,R-TF,DEFINITIVA,"VEHICULAR, PEATONAL",10,18,3,"2A,3,11A,93","2B,11B","22,23,293,311",N/A,NO,0,Cola - Siguiente Intersección,3604
-74.12311799,4.57476587299999,5340,1137,3442,AK 14 X CL 43 S,RAFAEL URIBE,NO,DOBLE,NO,1985/07/26 00:00:00+00,NORMAL,R-TF,DEFINITIVA,"VEHICULAR, PEATONAL",8,18,2,"1A,6,91A","1B,12B,91B","36,291A",N/A,NO,0,N/A,3604
-74.11741012,4.57628082700001,5341,1048,3443,AK 14 X CL 36 S,RAFAEL URIBE,C900,SENCILLA,SI,1983/09/12 00:00:00+00,NORMAL,R-TA,DEFINITIVA,"VEHICULAR, PEATONAL",16,16,3,"1A,2A,3,62A","1B,2B","21A,22A,23A,32B,36","721A,722A,723A,732B,736",NO,0,"Conteo, Brechas, Activación de sonoro",3605
-74.13635421,4.58497014099999,5342,1095,3673,KR 33 X CL 51 S,TUNJUELITO,NO,DOBLE,NO,1990/09/18 00:00:00+00,NORMAL,BT-TF,DEFINITIVA,"VEHICULAR, PEATONAL",7,15,4,"2,3,11",N/A,"22,23,33,311 (Reg)",N/A,NO,0,N/A,3524
-74.16213479,4.59968249399998,5343,900,3674,AK 71B X CL 57B S,BOSA,C900,SENCILLA,SI,2001/11/10 00:00:00+00,NORMAL,BT-TA,DEFINITIVA,"VEHICULAR, PEATONAL",14,14,5,"1,2,3,4,5,6,91,92",N/A,"21,23,24,32,33,34",N/A,NO,0,"Brechas, Fases por demanda",3518
-74.16126554,4.611842862,5344,897,3675,KR 78 X AC 43 S,KENNEDY,C900,SENCILLA,SI,2001/11/10 00:00:00+00,PMT,BT-TF,DEFINITIVA,"VEHICULAR, PEATONAL",13,13,5,"1,2,3,4,5,6,91,92",N/A,"21,23,24,32,33",N/A,NO,0,Cola - Siguiente Intersección,3531
-74.14906323,4.57072931599998,5345,1114,3676,KR 32 X AC 61 S,CIUDAD BOLIVAR,C900,SENCILLA,SI,2004/12/15 00:00:00+00,NORMAL,CA-TA,DEFINITIVA,EXCLUSIVA PEATONAL,6,6,2,"1,2",N/A,"21,22 (Exc)",722,NO,0,Fases por demanda peatonal sonoro,3510
-74.13888434,4.56972239300001,5346,1100,3677,CL 58A S X ENTRADA PORTAL TUNAL,TUNJUELITO,ACTROS,SENCILLA,SI,2002/05/25 00:00:00+00,NORMAL,BT-TA,DEFINITIVA,"VEHICULAR, PEATONAL, CICLISTA",5,5,2,"1,6",N/A,36,N/A,"41, 42",0,"Brechas, Fases por demanda",3524
-74.17749651,4.59695404399997,5347,924,3678,KR 77G X CL 59 S,BOSA,NO,DOBLE,NO,1993/12/03 00:00:00+00,PMT,CA-TA,DEFINITIVA,"VEHICULAR, PEATONAL",12,22,3,"1,4A,13A,7,91","4B, 13B","21,291,213,37,34A",N/A,NO,0,"Conteo, Brechas, Cola, Fases por demanda",3501
-74.17934594,4.59693550899999,5348,927,3678,KR 77G X CL 63 S,BOSA,ACTROS,DOBLE,SI,1993/12/03 00:00:00+00,PMT,CA-TA,DEFINITIVA,"VEHICULAR, PEATONAL",10,22,2,"1A,3A,14A,914A,91A","3B,14B","21A,291A,3914A",N/A,NO,0,"Conteo, Brechas, Fases por demanda, Cola - Siguiente Intersección",3501
-74.1403199,4.56708892799998,5349,1104,3679,KR 19C X ENTRADA PORTAL TUNAL,TUNJUELITO,C900,SENCILLA,SI,2002/03/02 00:00:00+00,NORMAL,CA-TA,DEFINITIVA,"VEHICULAR, PEATONAL",9,9,3,"3,4","1B,7B,94B","21B,24,33,394B",N/A,NO,0,"Conteo, Brechas, Fases por demanda",3510
-74.14304743,4.63105481100001,5350,841,3680,AC 6 X KR 74,KENNEDY,C900,SENCILLA,SI,2003/07/22 00:00:00+00,NORMAL,BT-TF,DEFINITIVA,EXCLUSIVA VEHICULAR,4,4,2,"2,4A","3B,4B",N/A,N/A,NO,0,N/A,3427
-74.18408616,4.596304293,5351,1407,3681,KR 77G X CL 65F S,BOSA,ACTROS,SENCILLA,SI,2014/11/19 00:00:00+00,NORMAL,CA-TA,DEFINITIVA,EXCLUSIVA VEHICULAR,5,5,3,"3,3A,8","3B,4B",N/A,N/A,NO,0,"Conteo, Brechas, Fases por demanda",3501
-74.10208527,4.60211988700001,5352,683,3187,AK 30 X CL 2,PUENTE ARANDA,C900,SENCILLA,SI,1993/09/21 00:00:00+00,NORMAL,BT-TF,DEFINITIVA,"VEHICULAR, PEATONAL",10,10,2,"1A,2A,3,4","1B,2B","22,23,24,31",N/A,NO,0,"Conteo, Brechas, Cola - Siguiente Intersección",3622
-74.10365442,4.60086551299997,5353,692,3188,AK 30 X CL 1F,PUENTE ARANDA,C900,SENCILLA,SI,1987/04/04 00:00:00+00,NORMAL,BT-TA,DEFINITIVA,"VEHICULAR, PEATONAL",16,16,3,"1A,2A,3, 7, 62A","1B,2B","21, 22,23,31, 32, 33","721,723,732",NO,0,"Conteo, Brechas, Cola - Siguiente Intersección, Activación sonoro, Fases por demanda peatonal Sonoro",3622
-74.10541898,4.59963360400002,5354,706,3189,AK 30 X CL 1B,PUENTE ARANDA,C900,SENCILLA,SI,1989/09/13 00:00:00+00,NORMAL,BT-TF,DEFINITIVA,"VEHICULAR, PEATONAL",8,8,2,"1A,2A,4","1B,2B","21,24,32",N/A,NO,0,Brechas,3622
-74.10703859,4.59841050199998,5355,713,3190,AK 30 X AC 8 S,PUENTE ARANDA,C900,DOBLE,SI,1993/12/20 00:00:00+00,PMT,BT-TA,DEFINITIVA,"VEHICULAR, PEATONAL",26,32,4,"1,1A,4,7,12A,91,93,93A,94","1B,2B","21,23,24,291,294,212A,293A,31,312","721, 723, 7291, 7294,7293A, 7312",NO,0,"Conteo, Brechas, Cola, Activación de sonoro",3622
-74.10783229,4.59802391900001,5356,715,3190,KR 30 X TV 31,ANTONIO NARINO,NO,DOBLE,NO,1993/12/20 00:00:00+00,PMT,BT-TA,DEFINITIVA,EXCLUSIVA VEHICULAR,6,32,2,"11A,13A,2A,3A","3B,11B",N/A,N/A,NO,0,"Conteo, Brechas",3622
-74.10157098,4.596661063,5357,681,3252,AK 27 X CL 1B,LOS MARTIRES,C900,SENCILLA,SI,1990/09/16 00:00:00+00,NORMAL,RP-TF,DEFINITIVA,"VEHICULAR, PEATONAL",4,4,2,"1,4",N/A,"21,24",N/A,NO,0,N/A,3623
-74.1275306,4.57877568499998,5358,1079,3253,KR 24 X CL 46 S,TUNJUELITO,C900,SENCILLA,SI,1990/09/16 00:00:00+00,NORMAL,BT-TF,DEFINITIVA,"VEHICULAR, PEATONAL",7,7,2,"1,2,3,5",N/A,"21,23,32",N/A,NO,0,N/A,3524
-74.09877596,4.580625177,5359,998,3254,KR 12D X CL 19 S,ANTONIO NARINO,C900,SENCILLA,SI,1990/12/19 00:00:00+00,NORMAL,RP-TF,DEFINITIVA,"VEHICULAR, PEATONAL, CICLISTA",14,14,2,"1,2,3,4",N/A,"21,22,23,24,31,32,33,34",N/A,"41, 42",0,N/A,3605
-74.09725653,4.582338257,5360,991,3261,KR 12D X CL 17 S,ANTONIO NARINO,C900,SENCILLA,SI,1998/03/18 00:00:00+00,NORMAL,RP-TF,DEFINITIVA,"VEHICULAR, PEATONAL,CICLISTA",10,10,3,"1,2,3,4,4A",N/A,"21,22,23,24,31,32",N/A,43C,0,N/A,3605
-74.0805334,4.58908373499997,5361,951,3262,KR 7 X CL 2,SANTA FE,ACTROS,DOBLE,SI,1988/02/26 00:00:00+00,NORMAL,BT-TF,DEFINITIVA,"VEHICULAR, PEATONAL",6,12,3,"2,13",N/A,"22,32,213,313",N/A,NO,0,N/A,3607
-74.11493773,4.57667448199999,5362,1042,3444,AK 14 X CL 33 S,RAFAEL URIBE,C900,SENCILLA,SI,1984/08/25 00:00:00+00,NORMAL,R-TA,DEFINITIVA,"VEHICULAR, PEATONAL",9,9,3,"1A,2A,3,4","1B,2B","21,23,32",N/A,NO,0,"Conteo, Brechas",3605
-74.11078617,4.57785390700002,5363,1031,3445,AK 14 X CL 31 S,RAFAEL URIBE,C900,SENCILLA,SI,2004/11/04 00:00:00+00,NORMAL,R-TA,DEFINITIVA,"VEHICULAR, PEATONAL",10,10,3,"1A,2A,4,93","1B,2B","21,32,34,293",N/A,NO,0,"Conteo, Brechas",3605
-74.13064435,4.57675637900002,5364,1087,3446,KR 24 X CL 48C S,TUNJUELITO,C900,DOBLE,SI,1990/09/18 00:00:00+00,NORMAL,BT-TA,DEFINITIVA,"VEHICULAR, PEATONAL",7,25,3,"1,3,12,93",N/A,"23,31,212","723, 731, 7212",NO,0,Activación de sonoro,3524
-74.13220128,4.57614908800002,5365,1089,3446,KR 24 X CL 52B S,TUNJUELITO,NO,DOBLE,NO,1990/09/18 00:00:00+00,NORMAL,BT-TA,DEFINITIVA,"VEHICULAR, PEATONAL, CICLISTA",15,25,4,"2,6,11,3A",N/A,"22,32,211,23A,311","722, 732, 7211, 7311",43.44,0,Activación de sonoro,3524
-74.12923646,4.577773971,5366,1084,3447,KR 24 X CL 47B S,TUNJUELITO,C900,SENCILLA,SI,1998/01/01 00:00:00+00,NORMAL,BT-TF,DEFINITIVA,"VEHICULAR, PEATONAL",8,8,3,"1,2,4,6,64",N/A,"21,24,34",N/A,NO,0,N/A,3524
-74.13036491,4.57998919900001,5367,1086,3448,KR 25 X CL 48 S,TUNJUELITO,NO,DOBLE,NO,1998/02/12 00:00:00+00,NORMAL,BT-TF,DEFINITIVA,"VEHICULAR, PEATONAL",7,11,2,"4,12,612",N/A,"24,212,34,312 (Reg)",N/A,NO,0,N/A,3524
-74.13205777,4.57963008799999,5368,1088,3448,KR 25 X DG 51A S,TUNJUELITO,C900,DOBLE,SI,1998/02/12 00:00:00+00,NORMAL,BT-TF,DEFINITIVA,"VEHICULAR, PEATONAL",4,11,2,"2,3",N/A,"22,23 (Reg)",N/A,NO,0,N/A,3524
-74.13641303,4.578469842,5369,1096,3449,KR 25 X CL 52F S,TUNJUELITO,C900,SENCILLA,SI,2004/12/15 00:00:00+00,NORMAL,BT-TF,DEFINITIVA,"VEHICULAR, PEATONAL",9,9,4,"2,4",N/A,"22,24,32, 34",N/A,"42, 42,44",0,N/A,3524
-74.1266735,4.575971735,5370,1077,3450,KR 23 Y TV 23BIS X CL 46 S Y DG 44B S,TUNJUELITO,ACTROS,SENCILLA,SI,1988/04/18 00:00:00+00,NORMAL,BT-TF,DEFINITIVA,"VEHICULAR, PEATONAL",9,9,5,"1,2,3,4",N/A,"21,22,23,24,32",N/A,NO,0,N/A,3524
-74.11880757,4.58160738599997,5371,1049,3451,KR 24 X CL 36 S,RAFAEL URIBE,C900,SENCILLA,SI,1988/11/04 00:00:00+00,NORMAL,BT-TA,DEFINITIVA,"VEHICULAR, PEATONAL, CICLISTA",10,10,3,"1,2,3,4",N/A,"21,22,23,24,33,34",N/A,NO,0,Brechas,3524
